Student_ID,Student_Name,Batch_Year,Year_of_Study,Programme,Department,Mess_Hall_Assigned,Home_State,Home_Region,Dietary_Preference,Non_Veg_Frequency,Veg_Preference_Strength,Food_Allergy,Mess_Plan_Type,Monthly_Mess_Fee_INR,Registration_Date,Exit_Date,Is_Active,Avg_Attendance_Rate,Avg_Taste_Rating_Given,Preferred_Cuisine,Feedback_Participation_Rate,Scholarship_Holder,Hometown_Distance_km
S1001,Aryan Maharaj,2017,5,B.Tech,CE,MH_B,West Bengal,East,Veg,,Strict,None,Full_Board,3500,2017-07-08,2021-05-29,False,0.834,2.75,,0.099,,363.0
S1002,Udant Dewan,2017,5,B.Tech,EE,MH_B,Rajasthan,North,Eggetarian,Weekly_Once,,None,Full_Board,3500,2017-07-18,15/05/2021,False,0.952,4.23,North_Indian,0.262,True,935.0
S1003,Gagan Sami,2017,5,M.Tech,CSE,MH_G,Kerala,South,Non_Veg,Alternate_Days,,None,Full_Board,3500,2017-07-12,2019-05-15,False,0.793,3.19,North_Indian,0.506,False,710.0
S1004,Ayushman Chander,2017,5,B.Tech,ECE,MH_A,Himachal Pradesh,North,Non_Veg,Weekly_Once,,None,Full_Board,3500,2017-07-03,2021-05-20,False,0.867,4.4,South_Indian,0.262,,82.0
S1005,Viraj Tiwari,2017,5,B.Tech,ME,MH_B,Bihar,North,Vegan,,,Others,Full_Board,3500,06/07/2017,"May 25, 2021",False,0.592,2.49,,0.73,False,656.0
S1006,Rushil Saini,2017,5,B.Tech,ECE,MH_A,Tamil Nadu,South,Eggetarian,Daily,,,Full_Board,3500,2017-07-13,2021-05-22,False,0.832,2.44,South_Indian,0.679,False,2061.0
S1007,Saumya Mall,2017,5,M.Tech,BT,MH_B,Andhra Pradesh,South,Non_Veg,Weekly_Once,,None,Full_Board,3500,2017-07-04,2019-05-19,False,0.939,3.62,North_Indian,0.21,False,636.0
S1008,Nathaniel Sami,2017,5,B.Tech,ECE,MH_G,Meghalaya,Northeast,Veg,,Strict,None,Full_Board,3500,2017-07-11,2021-05-19,False,0.634,3.45,North_Indian,0.355,False,916.0
S1009,Arunima Dugal,2017,5,B.Tech,ME,MH_G,Bihar,North,Veg,,Flexible,,Lunch_Dinner,3500,"July 09, 2017",28/05/2021,False,0.859,4.53,South_Indian,0.203,False,712.0
S1010,Gayathri Chaudry,2017,5,M.Tech,EE,MH_B,West Bengal,East,Non_Veg,Daily,,,Breakfast_Only,3500,"July 17, 2017",28/05/2019,False,0.739,3.31,South_Indian,0.321,False,842.0
S1011,Lajita Chatterjee,2017,5,B.Tech,EE,MH_A,Uttarakhand,North,veg,,Indifferent,None,Full_Board,3500,2017-07-07,"May 19, 2021",False,0.8,4.35,North_Indian,0.348,True,296.0
S1012,Hemangini Lalla,2017,5,B.Tech,EE,MH_A,Madhya Pradesh,Central,Non_Veg,Alternate_Days,,None,Full_Board,3500,2017-07-03,"May 28, 2021",False,0.679,3.43,North_Indian,0.822,False,643.0
S1013,Tripti Yadav,2017,5,B.Tech,CSE,MH_G,Maharashtra,West,Veg,,Flexible,,Full_Board,3500,2017-07-07,2021-05-29,False,0.837,4.59,,0.451,False,70.0
S1014,Kritika Brar,2017,5,M.Tech,CSE,MH_B,Telangana,South,Veg,,Indifferent,None,Full_Board,3500,"July 13, 2017",2019-05-23,False,0.752,2.93,,0.323,False,387.0
S1015,,2017,5,B.Tech,BT,MH_A,Uttar Pradesh,North,Veg,,Strict,,Full_Board,3500,"July 09, 2017",2021-05-26,False,0.693,4.62,North_Indian,0.148,False,1310.0
S1016,Janaki Handa,2017,5,B.Tech,EE,MH_G,Uttar Pradesh,North,Veg,,Flexible,Lactose,Full_Board,3500,2017-07-18,2021-05-26,False,0.715,3.27,,0.277,True,89.0
S1017,Chakradev Kari,2017,5,B.Tech,EE,MH_A,Meghalaya,Northeast,Non_Veg,Alternate_Days,,None,Full_Board,3500,"July 17, 2017",21/05/2021,False,0.623,3.15,North_Indian,0.636,True,486.0
S1018,Fariq Kaul,2017,5,B.Tech,BT,MH_A,Tamil Nadu,South,Veg,,Flexible,None,Lunch_Dinner,3500,2017-07-17,2021-05-29,False,0.783,3.07,,0.568,True,171.0
S1019,Lajita Mall,2017,5,B.Tech,ECE,MH_A,Delhi,North,Non_Veg,Daily,,None,Full_Board,3500,17/07/2017,16/05/2021,False,0.437,3.12,North_Indian,0.563,True,1277.0
S1020,Janya Gaba,2017,5,M.Tech,CSE,MH_A,Punjab,North,Non_Veg,Alternate_Days,,None,Custom,3500,2017-07-16,"May 24, 2019",False,0.779,3.31,,0.833,,426.0
S1021,Isha Kadakia,2017,5,M.Tech,CSE,MH_B,Tamil Nadu,South,Veg,,Indifferent,,Custom,3500,2017-07-17,2019-05-19,False,0.565,4.27,No_Preference,0.513,,2416.0
S1022,Ekbal Garg,2017,5,PhD,CE,MH_B,West Bengal,East,Eggetarian,Daily,,None,Lunch_Dinner,3500,2017-07-03,"May 21, 2022",False,0.485,2.58,Continental,0.373,,463.0
S1023,Nihal Shere,2017,5,B.Tech,Other,MH_B,West Bengal,East,Non_Veg,Weekly_Once,,None,Full_Board,3500,"July 08, 2017","May 19, 2021",False,0.818,2.35,North_Indian,0.473,True,146.0
S1024,Anamika Kanda,2017,5,B.Tech,CSE,MH_A,Gujarat,West,Veg,,Strict,,Full_Board,3500,2017-07-17,2021-05-25,False,0.752,1.86,South_Indian,0.325,False,81.0
S1025,Daksh Karnik,2017,5,B.Tech,ME,MH_A,Uttar Pradesh,North,Veg,,Strict,None,Custom,3500,2017-07-10,2021-05-27,False,0.41,3.56,South_Indian,0.234,False,215.0
S1026,Diya Rattan,2017,5,B.Tech,ECE,MH_A,Rajasthan,North,Veg,,Strict,,Lunch_Dinner,3500,2017-07-08,2021-05-21,False,0.61,4.7,South_Indian,0.638,,539.0
S1027,Dominic Kakar,2017,5,B.Tech,CH,MH_A,Uttar Pradesh,North,Non_Veg,Daily,,,Full_Board,3500,"July 01, 2017",28/05/2021,False,0.751,4.02,North_Indian,0.402,True,1770.0
S1028,Simon Tata,2017,5,B.Tech,ME,MH_G,Karnataka,South,Veg,,Strict,None,Lunch_Dinner,3500,2017-07-04,10/08/2016,False,0.627,4.44,North_Indian,0.162,,303.0
S1029,Tara Dhar,2017,5,M.Tech,BT,MH_B,Bihar,North,Veg,,Flexible,,Breakfast_Only,3500,2017-07-08,2019-05-21,False,0.652,3.8,,0.345,False,303.0
S1030,Liam Koshy,2017,5,B.Tech,EE,MH_A,Maharashtra,West,Veg,,Indifferent,None,Full_Board,3500,2017-07-04,21/05/2021,False,0.662,3.32,No_Preference,0.47,False,186.0
S1031,Priya Rastogi,2017,5,B.Tech,CSE,MH_B,Uttar Pradesh,North,Eggetarian,Alternate_Days,,,Full_Board,3500,2017-07-12,20/05/2021,False,0.736,3.42,,0.093,True,444.0
S1032,Theodore Devi,2017,5,PhD,BT,MH_A,Goa,West,Non_Veg,Rarely,,,Full_Board,3500,2017-07-14,"March 22, 2017",False,0.924,3.6,,0.366,False,339.0
S1033,Gavin Batta,2017,5,B.Tech,ECE,MH_G,Madhya Pradesh,Central,Veg,,Flexible,None,Lunch_Dinner,3500,2017-07-07,15/05/2021,False,0.79,2.86,North_Indian,0.315,False,330.0
S1034,Michael Dutta,2017,5,B.Tech,ME,MH_A,Uttar Pradesh,North,Veg,,Flexible,None,Full_Board,3500,"July 07, 2017",24/05/2021,False,0.721,2.96,,0.571,False,217.0
S1035,Devansh Rajan,2017,5,B.Tech,ME,MH_A,Kerala,South,Veg,,Strict,None,Custom,3500,2017-07-10,2021-05-29,False,0.788,3.85,North_Indian,0.429,,471.0
S1036,Upadhriti Wadhwa,2017,5,PhD,CSE,MH_A,Andhra Pradesh,South,Veg,,Strict,,Full_Board,3500,"July 07, 2017",2017-03-24,False,0.84,3.19,No_Preference,0.114,False,714.0
S1037,Advay Contractor,2017,5,PhD,CE,MH_A,Nagaland,Northeast,Veg,,Indifferent,,Lunch_Dinner,3500,19/07/2017,2016-11-09,False,0.674,4.61,North_Indian,0.544,,1317.0
S1038,Harini Choudhury,2017,5,M.Tech,ME,MH_A,Tripura,Northeast,Non_Veg,Weekly_Once,,None,Full_Board,3500,"July 15, 2017","December 08, 2016",False,0.76,4.07,South_Indian,0.474,False,168.0
S1039,Radhika Dugar,2017,5,M.Tech,ME,MH_A,Madhya Pradesh,Central,Veg,,Flexible,None,Lunch_Dinner,3500,2017-07-14,2019-05-18,False,0.714,2.42,South_Indian,0.7,,146.0
S1040,Aarush Lall,2017,5,B.Tech,CE,MH_G,Punjab,North,Eggetarian,Weekly_Once,,None,Breakfast_Only,3500,2017-07-16,2021-05-23,False,0.743,4.11,North_Indian,0.775,True,1182.0
S1041,Yashica Cherian,2017,5,B.Tech,CE,MH_B,Kerala,South,Veg,,Flexible,Nut,Lunch_Dinner,3500,2017-07-03,2021-05-21,False,0.613,4.39,South_Indian,0.718,True,933.0
S1042,Yashica Issac,2017,5,M.Tech,BT,MH_A,Karnataka,South,Non_Veg,Daily,,None,Full_Board,3500,2017-07-07,2019-05-16,False,0.81,2.07,North_Indian,0.632,False,1619.0
S1043,Kashvi Edwin,2017,5,B.Tech,ME,MH_B,Jharkhand,East,Non_Veg,Daily,,,Full_Board,3500,2017-07-11,2021-05-19,False,0.712,2.02,North_Indian,0.11,False,253.0
S1044,Ekiya Suresh,2017,5,B.Tech,ECE,MH_A,Maharashtra,West,Non_Veg,Weekly_Once,,None,Full_Board,3500,2017-07-17,28/05/2021,False,1.234906859700963,2.41,North_Indian,0.573,,684.0
S1045,Isaac Patil,2017,5,PhD,ME,MH_B,Odisha,East,Veg,,Flexible,,Full_Board,3500,03/07/2017,"May 20, 2022",False,0.775,2.76,South_Indian,0.227,True,784.0
S1046,Wriddhish Bhardwaj,2017,5,B.Tech,CSE,MH_G,West Bengal,East,Vegan,,,,Full_Board,3500,2017-07-02,2021-05-18,False,0.717,2.45,South_Indian,0.486,,113.0
S1047,Farhan Chada,2017,5,B.Tech,ECE,MH_A,West Bengal,East,Vegan,,,None,Full_Board,3500,2017-07-12,2021-05-17,False,0.83,3.33,North_Indian,0.352,True,701.0
S1048,Ekapad Walia,2017,5,M.Tech,CE,MH_G,Sikkim,Northeast,Non_Veg,Alternate_Days,,None,Full_Board,3500,2017-07-17,"May 23, 2019",False,0.6,2.12,South_Indian,0.205,False,1033.0
S1049,Kabir Soman,2017,5,PhD,CH,MH_A,Maharashtra,West,Veg,,Flexible,,Full_Board,3500,2017-07-06,2016-06-16,False,0.664,3.33,,0.568,,814.0
S1050,Alka Wable,2017,5,B.Tech,BT,MH_B,Tripura,Northeast,Veg,,Strict,None,Lunch_Dinner,3500,11/07/2017,2021-05-17,False,0.713,2.71,No_Preference,0.217,True,1112.0
S1051,Siddharth Zacharia,2017,5,PhD,CSE,MH_B,Gujarat,West,Vegan,,,,Lunch_Dinner,3500,2017-07-14,16/05/2022,False,0.823,3.23,North_Indian,0.217,False,104.0
S1052,Devika Rastogi,2017,5,B.Tech,CSE,MH_G,Punjab,North,Non_Veg,Weekly_Once,,,Full_Board,3500,2017-07-17,2021-05-15,False,0.674,2.79,South_Indian,0.321,False,139.0
S1053,Raksha Varughese,2017,5,B.Tech,CH,MH_A,Uttar Pradesh,North,Veg,,Indifferent,,Custom,3500,07/07/2017,2021-05-21,False,0.755,3.27,South_Indian,0.177,False,192.0
S1054,Jai Kota,2017,5,PhD,ME,MH_B,Mizoram,Northeast,Veg,,Flexible,,Full_Board,3500,"July 14, 2017",2022-05-29,False,0.748,2.63,No_Preference,0.325,False,227.0
S1055,Devansh Nigam,2017,5,B.Tech,ECE,MH_B,Uttarakhand,North,Non_Veg,Alternate_Days,,,Full_Board,3500,"July 14, 2017",2021-05-17,False,0.706,2.9,,0.129,,170.0
S1056,Victor Kannan,2017,5,B.Tech,EE,MH_A,Karnataka,South,Non_Veg,Rarely,,,Full_Board,3500,2017-07-03,28/05/2021,False,0.544,2.34,,0.355,,1706.0
S1057,Ekavir Bhargava,2017,5,B.Tech,Other,MH_B,Bihar,North,Veg,,Indifferent,,Full_Board,3500,2017-07-19,"May 17, 2021",False,0.652,1.61,North_Indian,0.526,False,254.0
S1058,Ekansh Balay,2017,5,B.Tech,ECE,MH_B,Chhattisgarh,Central,Non_Veg,Daily,,None,Custom,3500,2017-07-12,2021-05-29,False,0.552,2.67,North_Indian,0.119,,295.0
S1059,Ekavir Varkey,2017,5,M.Tech,EE,MH_B,Haryana,North,Veg,,Flexible,None,Lunch_Dinner,3500,2017-07-06,2019-05-23,False,0.747,2.38,North_Indian,0.509,False,242.0
S1060,Arya Sunder,2017,5,M.Tech,ECE,MH_B,Bihar,North,Veg,,Flexible,None,Full_Board,3500,18/07/2017,2019-05-15,False,0.577,3.28,No_Preference,0.077,False,422.0
S1061,Kevin Solanki,2017,5,B.Tech,BT,MH_B,Bihar,North,Veg,,Strict,None,Full_Board,3500,"July 15, 2017",2017-04-14,False,0.759,2.67,South_Indian,0.417,,1791.0
S1062,Urvashi Ray,2017,5,B.Tech,ME,MH_B,Karnataka,South,Veg,,Strict,None,Lunch_Dinner,3500,2017-07-05,2021-05-25,False,0.728,2.43,South_Indian,0.205,False,397.0
S1063,Girindra Chatterjee,2017,5,PhD,CE,MH_B,Madhya Pradesh,Northeast,Veg,,Strict,,Full_Board,3500,2017-07-16,2022-05-21,False,0.592,2.9,South_Indian,0.455,True,3000.0
S1064,Irya Sampath,2017,5,B.Tech,CSE,MH_B,Gujarat,West,Veg,,Flexible,Nut,Lunch_Dinner,3500,"July 01, 2017",2021-05-23,False,0.924,2.94,Continental,0.394,,483.0
S1065,Unni Bhagat,2017,5,B.Tech,CE,MH_A,Haryana,North,Veg,,Flexible,None,Lunch_Dinner,3500,2017-07-11,2017-05-13,False,0.662,3.5,,0.05,False,720.0
S1066,Darsh Rau,2017,5,B.Tech,CSE,MH_B,Maharashtra,West,Veg,,Flexible,None,Lunch_Dinner,3500,04/07/2017,"May 22, 2021",False,0.836,4.57,No_Preference,0.429,False,781.0
S1067,Ikbal Kothari,2017,5,B.Tech,CSE,MH_B,West Bengal,East,Non-Veg,Alternate_Days,,None,Full_Board,3500,2017-07-13,"May 18, 2021",False,0.613,2.68,No_Preference,0.625,True,50.0
S1068,Ranveer Yadav,2017,5,M.Tech,CH,MH_B,Nagaland,Northeast,Non_Veg,Rarely,,,Full_Board,3500,13/07/2017,2019-05-28,False,0.906,4.02,North_Indian,0.332,False,215.0
S1069,Logan Sami,2017,5,B.Tech,ME,MH_B,Andhra Pradesh,South,Vegan,,,,Full_Board,3500,2017-07-06,2021-05-23,False,0.888,3.05,No_Preference,0.309,False,188.0
S1070,Arya Shere,2017,5,B.Tech,EE,MH_B,Telangana,South,Non_Veg,Daily,,None,Full_Board,3500,2017-07-02,"May 29, 2021",False,0.626,3.81,North_Indian,0.113,False,162.0
S1071,Faqid Savant,2017,5,B.Tech,CSE,MH_B,Bihar,North,Veg,,Strict,None,Full_Board,3500,2017-07-06,2021-05-26,False,0.623,4.27,,0.485,,445.0
S1072,Chandresh Zachariah,2017,5,B.Tech,CSE,MH_A,Telangana,South,Non_Veg,Daily,,None,Custom,3500,2017-07-03,2021-05-24,False,0.647,2.6,,0.183,False,436.0
S1073,Girik Khalsa,2017,5,B.Tech,BT,MH_A,Kerala,South,Non_Veg,Alternate_Days,,,Full_Board,3500,2017-07-06,2021-05-19,False,0.806,2.83,No_Preference,0.317,True,52.0
S1074,Niharika Sunder,2017,5,B.Tech,CSE,MH_A,Telangana,South,Non_Veg,Alternate_Days,,,Lunch_Dinner,3500,19/07/2017,2021-05-25,False,0.733,2.86,No_Preference,0.329,False,1937.0
S1075,Tanay Rattan,2017,5,B.Tech,ME,MH_G,Uttar Pradesh,North,Veg,,Strict,None,Breakfast_Only,3500,"July 14, 2017",2017-03-22,False,0.856,4.68,South_Indian,0.192,False,726.0
S1076,Nitesh Raghavan,2017,5,M.Tech,ECE,MH_A,Uttar Pradesh,North,Veg,,Flexible,None,Full_Board,3500,2017-07-03,16/05/2019,False,0.798,3.23,No_Preference,0.178,False,1163.0
S1077,Madhavi Lanka,2017,5,B.Tech,CE,MH_A,Bihar,North,Veg,,Strict,None,Full_Board,3500,"July 15, 2017",29/05/2021,False,0.755,3.33,North_Indian,0.789,True,433.0
S1078,Bhavika Sampath,2017,5,M.Tech,CE,MH_B,Punjab,North,Veg,,Flexible,None,Full_Board,3500,13/07/2017,2019-05-15,False,0.759,2.82,South_Indian,0.181,True,622.0
S1079,Mohammed Gupta,2017,5,B.Tech,CSE,MH_B,Tamil Nadu,South,Veg,,Strict,,Breakfast_Only,3500,2017-07-16,29/05/2021,False,0.614,3.55,South_Indian,0.464,,306.0
S1080,Teerth Bhardwaj,2017,5,B.Tech,Other,MH_A,Odisha,East,Veg,,Flexible,None,Full_Board,3500,2017-07-03,2021-05-28,False,0.646,3.51,Continental,0.343,True,212.0
S1081,Dipta Bhandari,2017,5,B.Tech,CH,MH_G,Punjab,North,Veg,,Strict,None,Custom,3500,2017-07-07,28/05/2021,False,0.699,2.02,North_Indian,0.397,,76.0
S1082,Vansha Thakkar,2017,5,M.Tech,ECE,MH_B,Karnataka,South,Eggetarian,Weekly_Once,,,Full_Board,3500,2017-07-17,"May 27, 2019",False,0.696,3.14,No_Preference,0.482,,231.0
S1083,Dakshesh Trivedi,2017,5,M.Tech,EE,MH_A,Madhya Pradesh,Central,Non_Veg,Alternate_Days,,None,Breakfast_Only,3500,13/07/2017,"May 21, 2019",False,0.673,2.44,North_Indian,0.573,,70.0
S1084,Quincy Biswas,2017,5,B.Tech,ME,MH_B,Uttar Pradesh,North,Veg,,Flexible,,Full_Board,3500,2017-07-15,2021-05-23,False,1.1365376392079023,3.72,South_Indian,0.397,False,146.0
S1085,Wahab Raval,2017,5,B.Tech,BT,MH_B,Himachal Pradesh,North,Veg,,Indifferent,,Full_Board,3500,2017-07-11,23/05/2021,False,0.919,3.17,North_Indian,0.222,,242.0
S1086,Yatin Baral,2017,5,M.Tech,CH,MH_A,Madhya Pradesh,Central,Eggetarian,Alternate_Days,,,Custom,3500,2017-07-09,2019-05-19,False,0.718,1.19,North_Indian,0.378,True,673.0
S1087,Oni Virk,2017,5,B.Tech,BT,MH_A,Uttar Pradesh,North,Veg,,Strict,None,Lunch_Dinner,3500,2017-07-14,29/05/2021,False,0.867,3.16,North_Indian,0.218,False,716.0
S1088,Advika Jayaraman,2017,5,PhD,EE,MH_A,Tripura,Northeast,Veg,,Indifferent,None,Custom,3500,13/07/2017,15/05/2022,False,0.646,1.25,North_Indian,0.331,False,568.0
S1089,William Lanka,2017,5,B.Tech,BT,MH_A,Bihar,North,Veg,,Strict,,Full_Board,3500,2017-07-03,2021-05-27,False,0.528,2.96,North_Indian,0.53,,305.0
S1090,Karan Mital,2017,5,B.Tech,BT,MH_A,West Bengal,East,Non_Veg,Alternate_Days,,None,Lunch_Dinner,3500,"July 12, 2017",2021-05-22,False,0.715,3.77,North_Indian,0.091,,667.0
S1091,Diya Bora,2017,5,B.Tech,ME,MH_G,Meghalaya,Northeast,Non_Veg,Daily,,,Full_Board,3500,2017-07-17,2021-05-29,False,0.781,4.14,No_Preference,0.086,False,177.0
S1092,Tara Chaudhry,2017,5,B.Tech,CSE,MH_B,Tamil Nadu,South,Veg,,Strict,None,Full_Board,3500,"July 13, 2017","May 25, 2021",False,0.559,3.48,South_Indian,0.399,True,693.0
S1093,Tanay Toor,2017,5,M.Tech,CH,MH_G,Madhya Pradesh,Central,Veg,,Flexible,Gluten,Custom,3500,"July 08, 2017","May 18, 2019",False,0.671,2.01,North_Indian,0.468,False,186.0
S1094,Kevin Palla,2017,5,M.Tech,Other,MH_A,Bihar,North,Veg,,Strict,,Custom,3500,2017-07-04,20/05/2019,False,0.648,2.34,South_Indian,0.605,True,1160.0
S1095,Yash Pingle,2017,5,M.Tech,CE,MH_G,West Bengal,East,Non_Veg,Daily,,None,Full_Board,3500,"July 13, 2017",2019-05-26,False,0.633,3.88,,0.54,False,838.0
S1096,Nakul Sarma,2017,5,B.Tech,ECE,MH_A,West Bengal,East,Non_Veg,Rarely,,None,Full_Board,3500,"July 16, 2017",28/05/2021,False,0.675,1.81,North_Indian,0.218,False,682.0
S1097,Abhiram Mistry,2017,5,M.Tech,CH,MH_A,Uttarakhand,North,Veg,,Strict,None,Full_Board,3500,2017-07-19,"May 18, 2019",False,0.908,1.0,,0.167,,238.0
S1098,Krish Lalla,2017,5,M.Tech,BT,MH_A,Tamil Nadu,South,Veg,,Flexible,,Lunch_Dinner,3500,19/07/2017,2019-05-29,False,1.244958296003825,4.13,Continental,0.376,False,192.0
S1099,Hredhaan Dugal,2017,5,PhD,Other,MH_A,Assam,Northeast,Non_Veg,Weekly_Once,,None,Breakfast_Only,3500,2017-07-12,2022-05-26,False,0.776,5.0,South_Indian,0.139,,475.0
S1100,Baghyawati Kade,2017,5,B.Tech,CSE,MH_B,Uttar Pradesh,North,Vegan,,,,Full_Board,3500,2017-07-08,27/05/2021,False,0.486,3.5,North_Indian,0.626,True,2391.0
S1101,Samar Lalla,2017,5,PhD,ECE,MH_G,Andhra Pradesh,South,Veg,,Indifferent,None,Full_Board,3500,2017-07-12,26/05/2022,False,0.619,2.91,North_Indian,0.103,,554.0
S1102,Zayan Behl,2017,5,B.Tech,EE,MH_G,Punjab,North,Vegan,,,None,Full_Board,3500,2017-07-08,2021-05-16,False,0.608,4.04,North_Indian,0.331,True,1536.0
S1103,Pallavi Malhotra,2017,5,PhD,CSE,MH_B,West Bengal,East,Non-Veg,Alternate_Days,,Others,Lunch_Dinner,3500,2017-07-06,2016-07-16,False,0.586,2.78,North_Indian,0.303,False,457.0
S1104,,2017,5,B.Tech,EE,MH_B,Punjab,North,Veg,,Flexible,None,Full_Board,3500,10/07/2017,"May 23, 2021",False,0.646,4.44,North_Indian,0.208,False,462.0
S1105,Aarush Nath,2017,5,M.Tech,CH,MH_B,Uttar Pradesh,North,Veg,,Flexible,,Full_Board,3500,04/07/2017,"May 17, 2019",False,0.849,2.45,North_Indian,0.176,,1226.0
S1106,Adweta Edwin,2017,5,M.Tech,CSE,MH_A,Rajasthan,North,Non_Veg,Alternate_Days,,,Full_Board,3500,2017-07-13,2019-05-22,False,0.634,2.65,No_Preference,0.187,,404.0
S1107,Prisha Andra,2017,5,B.Tech,CE,MH_B,Meghalaya,Northeast,Non_Veg,Weekly_Once,,,Full_Board,3500,"July 10, 2017","May 19, 2021",False,0.654,2.93,North_Indian,0.859,,785.0
S1108,Faqid Dixit,2017,5,B.Tech,CSE,MH_A,Haryana,North,Veg,,Flexible,None,Full_Board,3500,"July 03, 2017",27/05/2021,False,0.757,2.81,No_Preference,0.661,True,293.0
S1109,Kala Divan,2017,5,M.Tech,ME,MH_B,Maharashtra,West,Vegan,,,,Full_Board,3500,2017-07-01,03/09/2016,False,0.79,2.93,,0.086,False,727.0
S1110,Joshua Barman,2017,5,M.Tech,Other,MH_A,Andhra Pradesh,South,Veg,,Strict,None,Lunch_Dinner,3500,2017-07-13,2019-05-19,False,0.681,3.19,No_Preference,0.12,False,170.0
S1111,Janya Baral,2017,5,B.Tech,CSE,MH_A,Tamil Nadu,South,Non_Veg,Weekly_Once,,None,Full_Board,3500,2017-07-08,2021-05-15,False,0.659,3.91,,0.717,,1196.0
S1112,Shivansh Krish,2017,5,M.Tech,ME,MH_A,Bihar,North,Veg,,Strict,,Lunch_Dinner,3500,"July 11, 2017",2019-05-18,False,0.593,3.33,North_Indian,0.208,False,669.0
S1113,,2017,5,B.Tech,ECE,MH_A,Punjab,North,Veg,,Indifferent,None,Custom,3500,2017-07-07,2021-05-18,False,0.765,2.66,North_Indian,0.424,False,706.0
S1114,Irya Ray,2017,5,PhD,CSE,MH_A,Gujarat,West,Non_Veg,Weekly_Once,,None,Full_Board,3500,"July 09, 2017",2022-05-18,False,0.717,4.03,South_Indian,0.545,,274.0
S1115,Warjas Gaba,2017,5,B.Tech,ECE,MH_A,Telangana,South,Veg,,Strict,,Full_Board,3500,09/07/2017,23/05/2021,False,0.868,2.19,North_Indian,0.579,True,2978.0
S1116,Nitara Bakshi,2017,5,B.Tech,CSE,MH_B,Odisha,East,Non_Veg,Daily,,None,Full_Board,3500,2017-07-02,2016-07-24,False,0.595,3.46,North_Indian,0.508,False,266.0
S1117,Gaurangi Sabharwal,2017,5,PhD,EE,MH_A,Kerala,South,Non_Veg,Daily,,,Lunch_Dinner,3500,2017-07-15,2022-05-15,False,0.791,2.38,No_Preference,0.125,False,966.0
S1118,Amara Dutta,2017,5,PhD,CSE,MH_B,Uttar Pradesh,North,Vegan,,,None,Full_Board,3500,2017-07-16,2022-05-29,False,0.801,1.74,South_Indian,0.272,,369.0
S1119,Lavanya Barad,2017,5,B.Tech,CE,MH_A,Himachal Pradesh,North,Non_Veg,Rarely,,None,Full_Board,3500,13/07/2017,"May 16, 2021",False,0.661,2.75,,0.308,False,232.0
S1120,Tristan Iyengar,2017,5,B.Tech,ECE,MH_B,Himachal Pradesh,North,Non_Veg,Alternate_Days,,Nut,Breakfast_Only,3500,2017-07-04,"May 24, 2021",False,0.714,5.0,North_Indian,0.313,False,168.0
S1121,Inaya Mody,2017,5,B.Tech,ME,MH_A,Uttarakhand,North,Veg,,Flexible,,Full_Board,3500,12/07/2017,2021-05-24,False,0.774,2.09,North_Indian,0.824,False,147.0
S1122,Udant Bajwa,2017,5,B.Tech,ECE,MH_G,Madhya Pradesh,Central,Veg,,Strict,None,Full_Board,3500,"July 13, 2017",2021-05-28,False,0.565,4.57,No_Preference,0.101,False,192.0
S1123,Mohini Narasimhan,2017,5,B.Tech,ECE,MH_B,TAMIL NADU,South,Veg,,Strict,None,Full_Board,3500,"July 01, 2017",19/05/2021,False,0.617,2.65,No_Preference,0.346,,1867.0
S1124,Ekaraj Mallick,2017,5,B.Tech,ME,MH_G,Odisha,East,Veg,,Strict,,Lunch_Dinner,3500,"July 18, 2017",2016-09-27,False,0.874,3.68,Continental,0.445,True,341.0
S1125,Yashodhara Ratta,2017,5,B.Tech,CE,MH_A,Uttar Pradesh,North,Veg,,Flexible,,Lunch_Dinner,3500,2017-07-09,28/05/2021,False,0.817,4.29,North_Indian,0.205,False,1172.0
S1126,Ayaan D’Alia,2017,5,M.Tech,CSE,MH_B,West Bengal,East,Non_Veg,Weekly_Once,,,Lunch_Dinner,3500,11/07/2017,2019-05-15,False,0.57,2.84,,0.663,False,528.0
S1127,Pranav Lanka,2017,5,B.Tech,ECE,MH_A,Andhra Pradesh,South,Veg,,Flexible,None,Full_Board,3500,"July 13, 2017",22/05/2021,False,0.582,3.09,South_Indian,0.063,True,322.0
S1128,Ikbal Saraf,2017,5,B.Tech,CH,MH_B,Kerala,South,Non_Veg,Daily,,None,Full_Board,3500,"July 11, 2017",2021-05-25,False,0.599,4.15,North_Indian,0.183,False,1107.0
S1129,Dipta Sarin,2017,5,M.Tech,EE,MH_G,Tamil Nadu,South,Non_Veg,Weekly_Once,,None,Breakfast_Only,3500,2017-07-02,26/05/2019,False,0.864,1.46,,0.165,,1665.0
S1130,,2017,5,B.Tech,CE,MH_G,Karnataka,South,Veg,,Flexible,None,Lunch_Dinner,3500,2017-07-13,"May 27, 2021",False,0.692,2.77,Continental,0.665,,475.0
S1131,Lekha Gupta,2017,5,B.Tech,ECE,MH_B,Kerala,South,Vegan,,,,Full_Board,3500,2017-07-13,2021-05-23,False,0.59,3.48,South_Indian,0.073,,181.0
S1132,Chaitanya Sarin,2017,5,M.Tech,CE,MH_A,Bihar,North,Veg,,Strict,Others,Lunch_Dinner,3500,2017-07-10,25/05/2019,False,0.76,5.0,,0.274,False,600.0
S1133,Zinal Yohannan,2017,5,B.Tech,CSE,MH_B,Uttar Pradesh,North,Vegetarian,,Strict,None,Full_Board,3500,2017-07-10,2021-05-27,False,0.774,2.97,,0.18,False,267.0
S1134,Januja Sankar,2017,5,PhD,BT,MH_A,Tamil Nadu,South,Veg,,Flexible,,Lunch_Dinner,3500,2017-07-12,2022-05-15,False,0.397,4.77,,0.5,False,276.0
S1135,Ganga Murthy,2017,5,B.Tech,ME,MH_G,Gujarat,West,Veg,,Strict,,Full_Board,3500,2017-07-01,22/05/2021,False,0.362,3.14,No_Preference,0.443,False,318.0
S1136,Charita Tripathi,2017,5,B.Tech,CSE,MH_G,Uttar Pradesh,North,Veg,,Flexible,,Full_Board,3500,2017-07-15,20/05/2021,False,0.751,3.83,North_Indian,0.456,,52.0
S1137,Nilima Narain,2017,5,M.Tech,CSE,MH_G,Telangana,South,Veg,,Flexible,,Custom,3500,2017-07-18,2019-05-17,False,0.328,4.11,South_Indian,0.393,True,2032.0
S1138,Chakrika Datta,2017,5,B.Tech,CSE,MH_A,Telangana,South,Non_Veg,Daily,,None,Full_Board,3500,2017-07-07,2021-05-21,False,0.824,3.19,North_Indian,0.582,False,993.0
S1139,Osha Raghavan,2017,5,B.Tech,CSE,MH_B,Assam,Northeast,Non_Veg,Alternate_Days,,None,Full_Board,3500,2017-07-09,2021-05-29,False,0.951,4.7,North_Indian,0.347,False,159.0
S1140,Charvi Ravi,2017,5,B.Tech,CE,MH_A,Tamil Nadu,South,Non_Veg,Daily,,None,Breakfast_Only,3500,2017-07-13,2021-05-20,False,0.713,3.92,North_Indian,0.445,False,141.0
S1141,Daksha Mangat,2017,5,B.Tech,ECE,MH_A,Uttar Pradesh,North,Veg,,Flexible,None,Full_Board,3500,01/07/2017,2021-05-18,False,0.957,3.41,Continental,0.083,,392.0
S1142,Qushi Nagy,2017,5,B.Tech,ME,MH_G,Bihar,North,Veg,,Strict,None,Full_Board,3500,"July 18, 2017",2021-05-24,False,0.696,3.41,,0.144,True,1040.0
S1143,Riya Sathe,2017,5,B.Tech,ME,MH_G,Maharashtra,West,Non_Veg,Weekly_Once,,,Full_Board,3500,2017-07-16,2021-05-29,False,0.685,3.51,No_Preference,0.776,False,1213.0
S1144,Yasti Solanki,2017,5,B.Tech,CSE,MH_A,Maharashtra,West,Veg,,Strict,,Full_Board,3500,2017-07-11,20/05/2021,False,0.641,2.38,North_Indian,0.05,False,313.0
S1145,Frado Mander,2017,5,M.Tech,EE,MH_G,Bihar,North,Veg,,Flexible,None,Lunch_Dinner,3500,"July 17, 2017","May 16, 2019",False,0.628,4.63,North_Indian,0.076,,70.0
S1146,Girik Keer,2017,5,B.Tech,CE,MH_A,Uttar Pradesh,North,Veg,,Strict,,Full_Board,3500,2017-07-09,"May 21, 2021",False,0.565,2.76,,0.375,False,231.0
S1147,Umang Issac,2017,5,B.Tech,CSE,MH_G,Gujarat,West,Veg,,Indifferent,,Full_Board,3500,16/07/2017,"May 24, 2021",False,0.523,2.46,South_Indian,0.195,False,300.0
S1148,Aryan Batra,2017,5,B.Tech,ECE,MH_A,Uttar Pradesh,North,Veg,,Strict,None,Lunch_Dinner,3500,"July 06, 2017",2021-05-17,False,0.702,4.57,,0.263,True,600.0
S1149,Vaishnavi Bora,2017,5,B.Tech,CSE,MH_B,Tamil Nadu,South,Non_Veg,Daily,,None,Full_Board,3500,2017-07-12,"May 25, 2021",False,0.784,2.48,South_Indian,0.116,False,128.0
S1150,Oeshi Hayer,2017,5,B.Tech,CH,MH_A,Rajasthan,North,Non_Veg,Daily,,None,Lunch_Dinner,3500,2017-07-12,"May 19, 2021",False,0.882,3.71,North_Indian,0.06,False,527.0
S1151,Warda Ratta,2017,5,B.Tech,ME,MH_G,Tamil Nadu,South,Veg,,Flexible,Lactose,Lunch_Dinner,3500,2017-07-17,2021-05-21,False,0.712,4.72,No_Preference,0.518,,228.0
S1152,Manbir Ahluwalia,2017,5,B.Tech,ECE,MH_G,Gujarat,West,Veg,,Flexible,Others,Full_Board,3500,2017-07-10,"May 22, 2021",False,0.843,4.38,South_Indian,0.227,,786.0
S1153,Pavani Kanda,2017,5,B.Tech,ME,MH_A,Punjab,North,Non_Veg,Alternate_Days,,None,Full_Board,3500,2017-07-14,24/05/2021,False,0.748,2.34,,0.141,False,96.0
S1154,Zarna Shetty,2017,5,B.Tech,ECE,MH_A,West Bengal,East,Non_Veg,Weekly_Once,,Nut,Lunch_Dinner,3500,08/07/2017,"May 19, 2021",False,0.557,2.95,,0.32,False,269.0
S1155,Zaid Dara,2017,5,B.Tech,CSE,MH_A,Punjab,North,Veg,,Indifferent,,Custom,3500,"July 19, 2017",2021-05-29,False,0.716,3.02,,0.405,False,2717.0
S1156,Kiaan Shetty,2017,5,B.Tech,CE,MH_A,Uttar Pradesh,North,Veg,,Strict,None,Full_Board,3500,"July 02, 2017",2021-05-29,False,0.816,2.8,North_Indian,0.17,True,1115.0
S1157,Saanvi Thaman,2017,5,B.Tech,CE,MH_A,Bihar,North,Veg,,Indifferent,Lactose,Full_Board,3500,"July 04, 2017","May 24, 2021",False,0.727,4.21,,0.321,False,376.0
S1158,Sanaya Dutt,2017,5,B.Tech,CH,MH_G,Madhya Pradesh,Central,Vegetarian,,Indifferent,,Full_Board,3500,2017-07-11,2021-05-26,False,0.749,2.0,North_Indian,0.054,False,363.0
S1159,Shivani Lad,2017,5,B.Tech,CE,MH_A,Uttar Pradesh,North,Eggetarian,Weekly_Once,,,Custom,3500,2017-07-19,2021-05-18,False,0.579,3.74,South_Indian,0.751,,3000.0
S1160,Aradhana Verma,2017,5,M.Tech,CE,MH_G,Delhi,North,Veg,,Indifferent,None,Custom,3500,07/07/2017,2019-05-22,False,0.766,3.68,,0.637,False,305.0
S1161,William Maharaj,2017,5,M.Tech,ECE,MH_B,Gujarat,West,Veg,,Flexible,None,Lunch_Dinner,3500,"July 14, 2017",2019-05-16,False,0.435,1.56,North_Indian,0.321,False,637.0
S1162,Faras Mangal,2017,5,PhD,EE,MH_G,Bihar,North,Veg,,Flexible,None,Full_Board,3500,2017-07-07,2022-05-24,False,0.745,3.72,No_Preference,0.203,False,228.0
S1163,Anita Nayak,2017,5,B.Tech,EE,MH_A,Kerala,South,Non_Veg,Alternate_Days,,None,Full_Board,3500,2017-07-06,2021-05-20,False,0.701,2.0,North_Indian,0.391,True,79.0
S1164,Faris Devi,2017,5,B.Tech,EE,MH_G,Jammu & Kashmir,North,Veg,,Strict,None,Full_Board,3500,04/07/2017,2021-05-21,False,0.647,2.32,South_Indian,0.527,False,243.0
S1165,Vihaan Rajagopal,2017,5,B.Tech,EE,MH_A,Tamil Nadu,South,Veg,,Strict,None,Full_Board,3500,2017-07-05,2021-05-28,False,1.1052959422134563,3.18,South_Indian,0.202,True,261.0
S1166,Tanish Bhatt,2017,5,B.Tech,CH,MH_B,Uttar Pradesh,North,Non_Veg,Weekly_Once,,None,Custom,3500,17/07/2017,"May 18, 2021",False,0.88,3.34,South_Indian,0.239,True,1248.0
S1167,Nikita Narayanan,2017,5,B.Tech,CE,MH_B,Sikkim,Northeast,Non_Veg,Weekly_Once,,None,Full_Board,3500,08/07/2017,20/05/2021,False,0.667,2.7,Continental,0.31,False,270.0
S1168,Ojasvi Bhatia,2017,5,B.Tech,CSE,MH_A,Gujarat,West,Veg,,Flexible,,Full_Board,3500,2017-07-18,2021-05-18,False,0.825,2.85,North_Indian,0.145,True,283.0
S1169,Osha Ramachandran,2017,5,B.Tech,EE,MH_A,Tamil Nadu,South,Non_Veg,Weekly_Once,,,Custom,3500,"July 04, 2017",2021-05-25,False,0.88,2.9,South_Indian,0.595,False,132.0
S1170,Lajita Sood,2017,5,PhD,EE,MH_G,Gujarat,West,Veg,,Indifferent,,Full_Board,3500,10/07/2017,2022-05-27,False,0.836,3.73,South_Indian,0.191,False,86.0
S1171,Indira Misra,2017,5,PhD,CSE,MH_G,Madhya Pradesh,Central,Veg,,Strict,None,Lunch_Dinner,3500,11/07/2017,"May 20, 2022",False,0.714,3.8,,0.507,,67.0
S1172,Oni Yohannan,2017,5,B.Tech,ME,MH_A,Maharashtra,West,Eggetarian,Weekly_Once,,None,Full_Board,3500,2017-07-11,27/05/2021,False,0.773,3.9,North_Indian,0.134,True,1838.0
S1173,Vinaya Kanda,2017,5,B.Tech,Other,MH_B,Telangana,South,Non_Veg,Weekly_Once,,,Full_Board,3500,2017-07-10,2021-05-16,False,0.581,2.85,,0.619,True,515.0
S1174,Rajata Sunder,2017,5,M.Tech,ECE,MH_B,Andhra Pradesh,South,Non_Veg,Weekly_Once,,None,Full_Board,3500,2017-07-14,2019-05-23,False,0.559,5.0,No_Preference,0.52,,1083.0
S1175,Lopa Nayar,2017,5,B.Tech,ECE,MH_B,Bihar,North,Vegetarian,,Flexible,None,Full_Board,3500,15/07/2017,2021-05-27,False,0.74,3.88,,0.143,,1890.0
S1176,Noah Sibal,2017,5,PhD,ME,MH_A,Rajasthan,North,Veg,,Strict,None,Full_Board,3500,07/07/2017,2022-05-22,False,0.681,4.02,South_Indian,0.459,,595.0
S1177,Avi Ramesh,2017,5,B.Tech,CSE,MH_A,Rajasthan,North,Non_Veg,Daily,,None,Full_Board,3500,14/07/2017,"May 22, 2021",False,0.666,4.12,South_Indian,0.695,False,3000.0
S1178,Fiyaz Sangha,2017,5,B.Tech,EE,MH_A,West Bengal,East,Non_Veg,Alternate_Days,,Nut,Lunch_Dinner,3500,01/07/2017,16/05/2021,False,0.874,2.73,North_Indian,0.22,True,994.0
S1179,Triya Gopal,2017,5,M.Tech,Other,MH_A,Odisha,East,Non_Veg,Rarely,,,Lunch_Dinner,3500,2017-07-07,2019-05-17,False,0.838,4.01,South_Indian,0.239,,626.0
S1180,Abha Raghavan,2017,5,PhD,Other,MH_A,Jharkhand,East,Non_Veg,Rarely,,,Full_Board,3500,2017-07-07,2022-05-28,False,0.811,2.19,North_Indian,0.56,True,754.0
S1181,Siddharth Sha,2017,5,B.Tech,CSE,MH_B,Rajasthan,North,Veg,,Indifferent,None,Full_Board,3500,2017-07-01,2021-05-27,False,0.423,2.22,North_Indian,0.307,,437.0
S1182,Geetika Raghavan,2017,5,PhD,BT,MH_B,Madhya Pradesh,Central,Veg,,Strict,,Custom,3500,2017-07-10,"May 21, 2022",False,0.754,2.32,South_Indian,0.36,False,252.0
S1183,Oviya Krishnan,2017,5,B.Tech,CE,MH_B,Bihar,North,Veg,,Indifferent,None,Breakfast_Only,3500,11/07/2017,2021-05-26,False,0.883,2.95,South_Indian,0.422,False,424.0
S1184,Upma Bahl,2017,5,B.Tech,ECE,MH_A,Odisha,East,Veg,,Strict,,Lunch_Dinner,3500,2017-07-07,28/05/2021,False,1.1679208153652478,3.42,South_Indian,0.564,,1198.0
S1185,Inaya Kapur,2017,5,B.Tech,ECE,MH_A,Tamil Nadu,South,Veg,,Strict,,Full_Board,3500,2017-07-04,"May 20, 2021",False,0.791,2.47,,0.144,False,1495.0
S1186,Banjeet Balasubramanian,2017,5,B.Tech,Other,MH_A,Madhya Pradesh,Central,veg,,Indifferent,,Full_Board,3500,10/07/2017,2021-05-18,False,0.6,3.83,North_Indian,0.625,False,1430.0
S1187,Ryan Bahri,2017,5,M.Tech,ME,MH_B,Tamil Nadu,South,Non_Veg,Alternate_Days,,None,Lunch_Dinner,3500,"July 06, 2017",2019-05-23,False,0.672,3.25,North_Indian,0.271,,1349.0
S1188,William Date,2017,5,M.Tech,CSE,MH_A,Rajasthan,North,Veg,,Indifferent,None,Full_Board,3500,2017-07-11,2019-05-18,False,0.912,3.54,Continental,0.158,False,1525.0
S1189,Ishwar Kamdar,2017,5,B.Tech,ME,MH_A,Madhya Pradesh,Central,Vegetarian,,Indifferent,,Full_Board,3500,2017-07-16,2021-05-28,False,0.841,4.89,South_Indian,0.264,,117.0
S1190,Aahana Pillay,2017,5,B.Tech,CH,MH_B,Uttar Pradesh,North,Veg,,Indifferent,None,Breakfast_Only,3500,2017-07-19,"May 16, 2021",False,1.0705331440284176,2.42,North_Indian,0.259,True,341.0
S1191,Ishwar Gade,2017,5,B.Tech,CSE,MH_B,Haryana,North,Non_Veg,Alternate_Days,,None,Full_Board,3500,2017-07-02,2021-05-17,False,0.698,3.35,South_Indian,0.367,True,1199.0
S1192,Hritik Bal,2017,5,B.Tech,CE,MH_B,Jharkhand,East,Veg,,Flexible,,Custom,3500,2017-07-10,2016-12-21,False,0.586,3.7,South_Indian,0.214,,442.0
S1193,Keya Ranganathan,2017,5,B.Tech,CSE,MH_A,Tamil Nadu,South,Veg,,Flexible,None,Lunch_Dinner,3500,2017-07-12,2021-05-22,False,0.706,3.93,No_Preference,0.195,False,3000.0
S1194,Faqid Kibe,2017,5,PhD,ECE,MH_B,Maharashtra,West,Veg,,Flexible,,Full_Board,3500,15/07/2017,19/05/2022,False,0.786,4.31,North_Indian,0.362,,648.0
S1195,Charvi Dara,2017,5,M.Tech,ME,MH_B,Uttar Pradesh,North,Veg,,Strict,None,Lunch_Dinner,3500,"July 05, 2017",2019-05-20,False,0.769,4.8,South_Indian,0.449,False,299.0
S1196,Idika Walia,2017,5,PhD,ME,MH_G,Karnataka,South,non_veg,Rarely,,None,Breakfast_Only,3500,01/07/2017,2022-05-20,False,0.904,3.74,South_Indian,0.456,False,1483.0
S1197,Kamala Biswas,2017,5,B.Tech,ECE,MH_B,Uttar Pradesh,North,Veg,,Indifferent,Lactose,Full_Board,3500,2017-07-08,2021-05-29,False,0.588,3.91,North_Indian,0.524,False,427.0
S1198,Advik Salvi,2017,5,B.Tech,CSE,MH_A,Karnataka,South,Veg,,Strict,None,Custom,3500,2017-07-08,"May 20, 2021",False,0.586,3.6,South_Indian,0.329,True,255.0
S1199,Hitesh Sant,2017,5,B.Tech,BT,MH_A,Uttar Pradesh,North,Non_Veg,Alternate_Days,,,Full_Board,3500,2017-07-10,"May 27, 2021",False,0.537,4.74,,0.181,False,66.0
S1200,Tripti Dua,2017,5,B.Tech,ME,MH_B,Gujarat,West,Non_Veg,Weekly_Once,,,Full_Board,3500,2017-07-01,26/05/2021,False,0.719,4.06,No_Preference,0.242,False,1086.0
S1201,Patrick Vig,2017,5,M.Tech,BT,MH_A,West Bengal,East,Non_Veg,Daily,,,Lunch_Dinner,3500,"July 15, 2017",2019-05-25,False,1.078907874470569,3.1,North_Indian,0.43,False,192.0
S1202,Veda Shroff,2017,5,B.Tech,CE,MH_G,Gujarat,West,Veg,,Flexible,,Full_Board,3500,2017-07-12,2021-05-20,False,0.655,3.09,North_Indian,0.767,True,166.0
S1203,Amrita Naidu,2017,5,M.Tech,CSE,MH_B,Uttarakhand,North,Veg,,Flexible,None,Full_Board,3500,01/07/2017,2019-05-28,False,0.757,2.65,No_Preference,0.274,True,186.0
S1204,Gabriel Mallick,2017,5,M.Tech,CSE,MH_B,Haryana,North,Veg,,Strict,,Full_Board,3500,2017-07-06,2019-05-25,False,0.647,1.8,No_Preference,0.217,False,243.0
S1205,Yagnesh Shetty,2017,5,B.Tech,ME,MH_G,Tamil Nadu,South,Veg,,Strict,,Lunch_Dinner,3500,2017-07-17,28/05/2021,False,0.686,4.16,South_Indian,0.355,False,197.0
S1206,Gayathri Balakrishnan,2017,5,PhD,ME,MH_G,Uttarakhand,North,Veg,,Strict,,Full_Board,3500,2017-07-10,2022-05-19,False,0.644,3.61,North_Indian,0.291,False,709.0
S1207,Ekta Gopal,2017,5,B.Tech,CH,MH_A,Punjab,North,Veg,,Flexible,Others,Full_Board,3500,13/07/2017,2021-05-15,False,0.55,3.19,,0.794,True,253.0
S1208,Simon Pant,2017,5,B.Tech,EE,MH_B,Jharkhand,East,Non_Veg,Rarely,,None,Lunch_Dinner,3500,2017-07-03,2021-05-29,False,0.872,4.65,North_Indian,0.523,True,112.0
S1209,Harini Mammen,2017,5,M.Tech,BT,MH_G,Gujarat,West,Eggetarian,Alternate_Days,,,Lunch_Dinner,3500,2017-07-18,26/05/2019,False,0.725,4.21,South_Indian,0.329,False,204.0
S1210,Advaith Varughese,2017,5,B.Tech,CSE,MH_B,Arunachal Pradesh,Northeast,Veg,,Indifferent,None,Full_Board,3500,2017-07-19,"May 22, 2021",False,0.72,2.92,North_Indian,0.532,False,365.0
S1211,Frederick Khurana,2017,5,B.Tech,CH,MH_B,Rajasthan,North,Veg,,Indifferent,None,Full_Board,3500,"July 15, 2017","May 19, 2021",False,0.66,3.32,,0.383,,499.0
S1212,Vrinda Khosla,2017,5,M.Tech,Other,MH_B,Tamil Nadu,South,Non_Veg,Daily,,None,Full_Board,3500,08/07/2017,2017-05-19,False,0.861,3.0,North_Indian,0.081,False,396.0
S1213,Vritti Sem,2017,5,M.Tech,ME,MH_G,Rajasthan,North,Veg,,Flexible,None,Lunch_Dinner,3500,03/07/2017,2019-05-15,False,0.589,3.54,No_Preference,0.305,True,443.0
S1214,,2017,5,M.Tech,CSE,MH_B,Rajasthan,North,Veg,,Flexible,None,Lunch_Dinner,3500,2017-07-15,2019-05-21,False,0.751,3.57,North_Indian,0.182,True,466.0
S1215,Girik Menon,2017,5,B.Tech,ECE,MH_A,Himachal Pradesh,North,Veg,,Indifferent,,Full_Board,3500,14/07/2017,2021-05-16,False,0.435,3.69,,0.565,True,520.0
S1216,Nidhi Kohli,2017,5,M.Tech,CH,MH_B,Odisha,East,nonveg,Daily,,,Full_Board,3500,2017-07-07,2019-05-16,False,0.674,2.96,North_Indian,0.522,,389.0
S1217,Jyoti Solanki,2017,5,B.Tech,ME,MH_A,Bihar,North,Veg,,Strict,None,Full_Board,3500,2017-07-07,"May 18, 2021",False,0.858,1.87,Continental,0.395,True,85.0
S1218,Pavani Narayanan,2017,5,B.Tech,CSE,MH_A,Maharashtra,West,Veg,,Flexible,,Full_Board,3500,2017-07-17,"May 26, 2021",False,0.832,2.89,Continental,0.157,False,434.0
S1219,Sudiksha Madan,2017,5,B.Tech,ME,MH_G,Rajasthan,North,Non_Veg,Weekly_Once,,None,Full_Board,3500,03/07/2017,19/05/2021,False,0.698,2.63,South_Indian,0.352,,506.0
S1220,Zayan Kashyap,2017,5,B.Tech,ME,MH_A,Rajasthan,North,Veg,,Indifferent,None,Full_Board,3500,10/07/2017,"May 18, 2021",False,0.714,2.41,North_Indian,0.173,False,810.0
S1221,Reyansh Mutti,2017,5,PhD,CH,MH_A,West Bengal,East,Non_Veg,Daily,,,Full_Board,3500,2017-07-08,2022-05-18,False,0.777,2.56,North_Indian,0.571,False,115.0
S1222,Qasim Handa,2017,5,B.Tech,EE,MH_B,Andhra Pradesh,South,non_veg,Rarely,,None,Full_Board,3500,2017-07-11,"May 26, 2021",False,0.744,1.35,,0.304,,181.0
S1223,Veda Malhotra,2017,5,B.Tech,CE,MH_B,Karnataka,South,Veg,,Indifferent,None,Breakfast_Only,3500,2017-07-16,28/05/2021,False,0.737,3.25,No_Preference,0.613,True,134.0
S1224,Harish Hari,2017,5,B.Tech,BT,MH_B,Rajasthan,North,Veg,,Flexible,None,Full_Board,3500,2017-07-14,26/05/2021,False,0.61,3.49,Continental,0.296,,79.0
S1225,Utkarsh Patel,2017,5,B.Tech,ME,MH_A,Uttarakhand,North,Veg,,Strict,None,Full_Board,3500,2017-07-11,29/05/2021,False,0.521,2.7,,0.295,False,478.0
S1226,Chasmum Atwal,2017,5,B.Tech,EE,MH_A,Rajasthan,North,Veg,,Indifferent,,Full_Board,3500,2017-07-13,2016-11-27,False,0.707,2.92,,0.521,False,1312.0
S1227,Anusha Bath,2017,5,PhD,CSE,MH_B,Uttarakhand,North,Vegetarian,,Indifferent,,Custom,3500,10/07/2017,24/05/2022,False,0.849,4.0,No_Preference,0.25,,710.0
S1228,Brinda Date,2017,5,B.Tech,CSE,MH_B,Tamil Nadu,South,pure-veg,,Flexible,None,Custom,3500,2017-07-18,"May 26, 2021",False,0.52,3.57,South_Indian,0.135,True,476.0
S1229,Harshil Arora,2017,5,M.Tech,ECE,MH_B,Mizoram,Northeast,Non_Veg,Daily,,None,Full_Board,3500,17/07/2017,2019-05-29,False,0.818,2.46,North_Indian,0.176,True,52.0
S1230,Upasna Srinivas,2017,5,B.Tech,ME,MH_A,Tamil Nadu,South,Non_Veg,Alternate_Days,,Gluten,Full_Board,3500,2017-07-14,"May 27, 2021",False,0.782,3.19,North_Indian,0.668,False,990.0
S1231,Harini Gour,2017,5,B.Tech,CSE,MH_A,Kerala,South,Eggetarian,Alternate_Days,,,Full_Board,3500,2017-07-01,2021-05-15,False,0.904,2.66,North_Indian,0.277,True,179.0
S1232,Zayyan Sridhar,2017,5,B.Tech,ECE,MH_A,Bihar,North,Veg,,Strict,Gluten,Lunch_Dinner,3500,2017-07-12,18/05/2021,False,0.671,2.38,,0.375,True,176.0
S1233,Dhruv Rattan,2017,5,M.Tech,EE,MH_B,Tamil Nadu,South,Veg,,Flexible,None,Lunch_Dinner,3500,15/07/2017,"May 22, 2019",False,0.702,2.43,South_Indian,0.062,True,1519.0
S1234,Ethan Bera,2017,5,B.Tech,EE,MH_B,Nagaland,Northeast,Non_Veg,Alternate_Days,,None,Full_Board,3500,2017-07-06,22/05/2021,False,0.779,3.91,North_Indian,0.338,False,228.0
S1235,Manthan Modi,2017,5,B.Tech,CE,MH_B,TN,South,Non_Veg,Weekly_Once,,None,Lunch_Dinner,3500,2017-07-08,2021-05-15,False,0.631,4.04,No_Preference,0.198,False,1416.0
S1236,Yuvraj Dani,2017,5,B.Tech,CSE,MH_B,Telangana,South,Eggetarian,Weekly_Once,,,Full_Board,3500,03/07/2017,2021-05-29,False,0.389,2.61,South_Indian,0.412,,309.0
S1237,Upkaar Virk,2017,5,B.Tech,CSE,MH_B,Madhya Pradesh,Central,Veg,,Strict,,Full_Board,3500,2017-07-10,2021-05-16,False,0.715,2.96,,0.091,True,1260.0
S1238,Shravya Savant,2017,5,B.Tech,ECE,MH_G,Kerala,South,Veg,,Flexible,None,Full_Board,3500,2017-07-03,"May 21, 2021",False,0.741,3.38,South_Indian,0.38,,559.0
S1239,Pushti Mody,2017,5,B.Tech,CSE,MH_B,Manipur,Northeast,Non_Veg,Weekly_Once,,,Full_Board,3500,"July 19, 2017",20/05/2021,False,0.797,3.52,South_Indian,0.308,,610.0
S1240,Hardik Johal,2017,5,B.Tech,ECE,MH_B,Kerala,South,Vegan,,,None,Full_Board,3500,2017-07-16,2021-05-21,False,0.629,3.88,,0.166,True,460.0
S1241,Aishani Bumb,2017,5,B.Tech,ECE,MH_A,Telangana,South,Non_Veg,Weekly_Once,,Others,Full_Board,3500,2017-07-04,2021-05-20,False,1.2775032934140764,2.93,North_Indian,0.773,False,325.0
S1242,Wriddhish Ghose,2017,5,M.Tech,ME,MH_B,Uttar Pradesh,North,Veg,,Flexible,,Full_Board,3500,2017-07-02,15/05/2019,False,0.509,2.46,South_Indian,0.146,False,95.0
S1243,Naksh Agate,2017,5,B.Tech,CSE,MH_G,Telangana,South,Veg,,Indifferent,None,Full_Board,3500,2017-07-19,2021-05-17,False,0.916,3.13,South_Indian,0.69,False,190.0
S1244,Shravya Singhal,2017,5,B.Tech,CSE,MH_G,Bihar,North,Vegetarian,,Strict,,Full_Board,3500,19/07/2017,22/05/2021,False,0.885,2.85,,0.521,False,1372.0
S1245,,2017,5,B.Tech,CE,MH_B,Madhya Pradesh,Central,Veg,,Flexible,None,Full_Board,3500,2017-07-12,2021-05-25,False,0.584,3.03,North_Indian,0.392,False,347.0
S1246,Bachittar Kata,2017,5,B.Tech,CE,MH_A,West Bengal,East,Non_Veg,Weekly_Once,,None,Lunch_Dinner,3500,"July 10, 2017","May 21, 2021",False,0.947,4.42,South_Indian,0.343,False,92.0
S1247,Barkha Setty,2017,5,B.Tech,EE,MH_B,Gujarat,West,Veg,,Strict,Lactose,Custom,3500,2017-07-10,2021-05-26,False,0.604,1.69,North_Indian,0.777,False,168.0
S1248,Vivaan Lalla,2017,5,M.Tech,ME,MH_G,Bihar,North,Eggetarian,Weekly_Once,,,Full_Board,3500,2017-07-05,"May 16, 2019",False,0.746,5.0,Continental,0.075,,1711.0
S1249,Pavani Contractor,2017,5,PhD,ME,MH_B,Chhattisgarh,Central,Vegan,,,None,Full_Board,3500,2017-07-10,2022-05-29,False,0.741,3.1,South_Indian,0.275,False,434.0
S1250,Manthan Lata,2017,5,B.Tech,EE,MH_A,Madhya Pradesh,Central,Non_Veg,Weekly_Once,,None,Full_Board,3500,2017-07-18,2021-05-22,False,0.74,3.01,North_Indian,0.31,True,396.0
S1251,Ekbal Bhasin,2017,5,B.Tech,ME,MH_B,Telangana,South,Veg,,Strict,Nut,Custom,3500,2017-07-10,29/05/2021,False,0.848,3.82,No_Preference,0.64,False,561.0
S1252,Damyanti Mani,2017,5,B.Tech,CE,MH_G,Madhya Pradesh,Central,Veg,,Indifferent,None,Full_Board,3500,2017-07-16,2021-05-21,False,0.716,3.83,South_Indian,0.489,False,698.0
S1253,Jeet Sidhu,2017,5,PhD,ECE,MH_G,Madhya Pradesh,Central,Veg,,Flexible,,Lunch_Dinner,3500,2017-07-14,2022-05-22,False,0.573,4.58,No_Preference,0.407,False,396.0
S1254,Neha Magar,2017,5,B.Tech,CSE,MH_B,Bihar,North,Jain,,,None,Custom,3500,2017-07-19,21/05/2021,False,0.599,4.63,,0.352,False,78.0
S1255,Raksha Buch,2017,5,B.Tech,ECE,MH_A,Gujarat,West,Veg,,Strict,Others,Full_Board,3500,10/07/2017,2021-05-17,False,0.862,2.71,North_Indian,0.75,True,62.0
S1256,Rachana Naidu,2017,5,B.Tech,BT,MH_B,Himachal Pradesh,North,Veg,,Flexible,Lactose,Full_Board,3500,"July 19, 2017",2021-05-24,False,0.74,3.27,No_Preference,0.76,,1617.0
S1257,Atharv Chand,2017,5,M.Tech,CSE,MH_A,Rajasthan,North,Veg,,Flexible,,Full_Board,3500,"July 10, 2017",2019-05-22,False,0.69,4.39,No_Preference,0.31,,697.0
S1258,Ansh Luthra,2017,5,B.Tech,ME,MH_A,Chhattisgarh,Central,Veg,,Strict,Gluten,Full_Board,3500,2017-07-08,2021-05-25,False,0.774,3.16,North_Indian,0.29,False,175.0
S1259,Parth Singhal,2017,5,B.Tech,Other,MH_B,Rajasthan,North,Veg,,Strict,Lactose,Breakfast_Only,3500,"July 02, 2017",2021-05-26,False,0.754,3.12,North_Indian,0.864,True,427.0
S1260,Arunima Golla,2017,5,B.Tech,Other,MH_A,Goa,West,Veg,,Strict,None,Full_Board,3500,"July 10, 2017",2021-05-21,False,0.713,5.0,South_Indian,0.575,False,88.0
S1261,Vyanjana Chand,2017,5,B.Tech,ME,MH_B,Chhattisgarh,Central,Non_Veg,Alternate_Days,,,Lunch_Dinner,3500,2017-07-06,"May 25, 2021",False,0.807,3.54,North_Indian,0.354,True,1873.0
S1262,Ijaya Rege,2017,5,B.Tech,ECE,MH_A,Karnataka,South,Non_Veg,Alternate_Days,,,Full_Board,3500,2017-07-16,2021-05-21,False,0.858,3.89,South_Indian,0.311,True,101.0
S1263,Ekani Cheema,2017,5,B.Tech,CE,MH_B,Telangana,South,Veg,,Indifferent,None,Lunch_Dinner,3500,2017-07-14,27/05/2021,False,0.723,3.96,North_Indian,0.431,False,346.0
S1264,Forum Sabharwal,2017,5,M.Tech,ECE,MH_A,Bihar,North,NV,Alternate_Days,,,Full_Board,3500,2017-07-06,15/05/2019,False,0.575,2.11,No_Preference,0.147,,184.0
S1265,Bhavya Rattan,2017,5,PhD,Other,MH_B,Telangana,South,Non_Veg,Weekly_Once,,None,Custom,3500,05/07/2017,27/05/2022,False,0.721,3.62,South_Indian,0.585,,486.0
S1266,Suhani Chakrabarti,2017,5,B.Tech,Other,MH_A,Kerala,South,Non_Veg,Weekly_Once,,None,Full_Board,3500,2017-07-08,2021-05-28,False,0.746,2.27,No_Preference,0.175,True,130.0
S1267,Zayyan Naik,2017,5,B.Tech,ECE,MH_A,Odisha,East,Non_Veg,Weekly_Once,,None,Custom,3500,"July 04, 2017",19/05/2021,False,0.592,4.98,North_Indian,0.751,True,407.0
S1268,Netra Varkey,2017,5,B.Tech,ECE,MH_A,Karnataka,South,Non_Veg,Alternate_Days,,,Lunch_Dinner,3500,2017-07-15,"May 16, 2021",False,0.8,4.51,North_Indian,0.273,False,432.0
S1269,Turvi Sachdev,2017,5,M.Tech,CE,MH_B,Karnataka,East,Non_Veg,Weekly_Once,,Nut,Full_Board,3500,2017-07-18,22/05/2019,False,0.768,3.18,South_Indian,0.718,False,122.0
S1270,,2017,5,PhD,CSE,MH_A,Haryana,North,Eggetarian,Alternate_Days,,None,Full_Board,3500,"July 05, 2017",2022-05-15,False,0.566,2.34,Continental,0.499,True,201.0
S1271,Raghav Vasa,2017,5,B.Tech,BT,MH_A,Uttar Pradesh,North,Veg,,Flexible,,Full_Board,3500,2017-07-02,2021-05-19,False,0.535,2.47,North_Indian,0.079,,344.0
S1272,Wishi Sathe,2017,5,B.Tech,EE,MH_A,Himachal Pradesh,North,Non_Veg,Alternate_Days,,,Lunch_Dinner,3500,2017-07-02,2021-05-28,False,0.63,3.09,North_Indian,0.728,False,1001.0
S1273,Samar Loke,2017,5,M.Tech,CE,MH_B,Nagaland,Northeast,Non_Veg,Alternate_Days,,None,Custom,3500,2017-07-14,2019-05-17,False,0.806,4.31,North_Indian,0.062,,543.0
S1274,Bhavna Sarma,2017,5,PhD,Other,MH_B,Haryana,North,Veg,,Indifferent,Gluten,Full_Board,3500,2017-07-07,"July 20, 2016",False,0.941,2.29,South_Indian,0.363,False,885.0
S1275,Jairaj Balakrishnan,2017,5,B.Tech,Other,MH_B,Madhya Pradesh,Central,Veg,,Flexible,None,Full_Board,3500,2017-07-13,2021-05-21,False,0.786,4.14,No_Preference,0.105,,1178.0
S1276,Nathan Mukhopadhyay,2017,5,B.Tech,Other,MH_B,Andhra Pradesh,South,Veg,,Indifferent,None,Lunch_Dinner,3500,02/07/2017,2021-05-16,False,0.631,2.44,North_Indian,0.456,True,180.0
S1277,Nikita Chander,2017,5,B.Tech,ME,MH_G,Andhra Pradesh,South,Veg,,Strict,Nut,Custom,3500,2017-07-07,2021-05-18,False,0.853,3.46,North_Indian,0.295,False,576.0
S1278,Ishaan Shenoy,2017,5,B.Tech,Other,MH_B,Tamil Nadu,South,Non_Veg,Alternate_Days,,None,Lunch_Dinner,3500,2017-07-08,2021-05-26,False,0.778,3.01,South_Indian,0.342,True,1637.0
S1279,Mitesh Tara,2017,5,B.Tech,CE,MH_A,Uttar Pradesh,North,Veg,,Flexible,None,Full_Board,3500,2017-07-03,2017-02-01,False,0.536,3.7,,0.596,False,699.0
S1280,Yashodhara Mahajan,2017,5,M.Tech,EE,MH_B,Tamil Nadu,South,Non_Veg,Rarely,,None,Full_Board,3500,"July 19, 2017",21/05/2019,False,0.808,3.33,North_Indian,0.379,False,533.0
S1281,Vasudha Sodhi,2017,5,B.Tech,CE,MH_A,Karnataka,South,Veg,,Flexible,,Full_Board,3500,"July 04, 2017",2021-05-20,False,0.565,2.74,No_Preference,0.306,False,433.0
S1282,Tanmayi Dhillon,2017,5,B.Tech,CH,MH_A,Meghalaya,Northeast,Non_Veg,Daily,,None,Full_Board,3500,2017-07-10,25/05/2021,False,0.602,3.44,North_Indian,0.605,,345.0
S1283,Rayaan Trivedi,2017,5,B.Tech,BT,MH_B,Chhattisgarh,Central,Veg,,Strict,None,Full_Board,3500,03/07/2017,2021-05-20,False,0.66,2.78,South_Indian,0.513,False,1805.0
S1284,Ekaraj Majumdar,2017,5,B.Tech,ECE,MH_G,Uttar Pradesh,North,VEG,,Strict,None,Full_Board,3500,"July 12, 2017",2021-05-22,False,0.842,2.57,No_Preference,0.168,True,505.0
S1285,Harini Tripathi,2017,5,B.Tech,Other,MH_A,Uttarakhand,North,Non_Veg,Alternate_Days,,Others,Breakfast_Only,3500,"July 12, 2017",2021-05-26,False,0.642,3.99,North_Indian,0.755,False,451.0
S1286,Aarnav Mandal,2017,5,B.Tech,EE,MH_B,Madhya Pradesh,Central,Veg,,Strict,None,Full_Board,3500,2017-07-10,2021-05-19,False,0.846,2.98,North_Indian,0.536,False,1148.0
S1287,Vrishti Dixit,2017,5,B.Tech,EE,MH_B,West Bengal,East,Eggetarian,Weekly_Once,,,Full_Board,3500,2017-07-04,20/05/2021,False,0.744,3.54,South_Indian,0.659,True,88.0
S1288,Veda Pai,2017,5,M.Tech,ECE,MH_G,Goa,West,Veg,,Flexible,,Custom,3500,"July 03, 2017",2019-05-27,False,0.633,1.48,,0.343,False,361.0
S1289,Krishna Shah,2017,5,B.Tech,ECE,MH_B,West Bengal,East,Non_Veg,Alternate_Days,,None,Lunch_Dinner,3500,12/07/2017,2021-05-16,False,0.656,2.65,,0.19,False,391.0
S1290,Ranbir Khare,2017,5,B.Tech,CH,MH_B,Madhya Pradesh,Northeast,Veg,,Flexible,Nut,Full_Board,3500,2017-07-01,2021-05-18,False,0.485,2.19,,0.558,True,2599.0
S1291,Vivaan Roy,2017,5,B.Tech,CSE,MH_B,Madhya Pradesh,Central,Veg,,Flexible,None,Breakfast_Only,3500,2017-07-14,"May 16, 2021",False,0.848,4.12,No_Preference,0.518,False,775.0
S1292,Eesha Solanki,2017,5,B.Tech,CSE,MH_A,Madhya Pradesh,Central,Veg,,Strict,None,Lunch_Dinner,3500,17/07/2017,2021-05-21,False,0.829,2.62,,0.187,True,341.0
S1293,Libni Doshi,2017,5,B.Tech,CE,MH_B,Uttar Pradesh,North,Veg,,Strict,None,Full_Board,3500,"July 18, 2017",2021-05-24,False,0.683,4.23,South_Indian,0.245,False,475.0
S1294,Balhaar Date,2017,5,B.Tech,ECE,MH_G,Jharkhand,East,Veg,,Strict,None,Custom,3500,18/07/2017,2021-05-17,False,0.462,1.27,No_Preference,0.376,False,590.0
S1295,Harish Sarraf,2017,5,B.Tech,ME,MH_B,Tamil Nadu,South,Veg,,Indifferent,,Lunch_Dinner,3500,"July 15, 2017",2021-05-17,False,0.797,2.9,North_Indian,0.115,,583.0
S1296,Tanmayi Aurora,2017,5,B.Tech,CE,MH_B,Madhya Pradesh,Central,Eggetarian,Alternate_Days,,None,Lunch_Dinner,3500,18/07/2017,2021-05-18,False,0.724,4.19,South_Indian,0.298,,445.0
S1297,Nimrat Dubey,2017,5,M.Tech,EE,MH_G,Odisha,East,Veg,,Flexible,None,Full_Board,3500,13/07/2017,2019-05-26,False,0.691,4.48,,0.697,False,469.0
S1298,Upasna Lanka,2017,5,M.Tech,ME,MH_A,Himachal Pradesh,North,Veg,,Strict,Others,Breakfast_Only,3500,2017-07-18,"May 19, 2019",False,0.639,3.83,North_Indian,0.532,,361.0
S1299,Mitali Buch,2017,5,B.Tech,ECE,MH_G,Assam,Northeast,Non_Veg,Weekly_Once,,Lactose,Lunch_Dinner,3500,2017-07-02,2021-05-16,False,0.552,2.51,North_Indian,0.435,,62.0
S1300,Lajita Nadig,2017,5,B.Tech,ECE,MH_B,Bihar,North,Veg,,Indifferent,None,Lunch_Dinner,3500,2017-07-19,2021-05-20,False,0.476,3.27,North_Indian,0.63,True,554.0
S1301,Balendra Biswas,2018,5,B.Tech,ME,MH_G,Madhya Pradesh,Central,Veg,,Indifferent,,Full_Board,3500,13/07/2018,2022-05-18,False,0.727,3.71,South_Indian,0.314,True,63.0
S1302,Bhavna Karan,2018,5,PhD,CE,MH_B,Uttar Pradesh,North,Veg,,Indifferent,Nut,Full_Board,3500,04/07/2018,2017-12-27,False,0.708,3.68,South_Indian,0.262,False,1208.0
S1303,Radha Chaudhari,2018,5,PhD,CSE,MH_G,Tamil Nadu,South,Veg,,Flexible,,Full_Board,3500,2018-07-12,2023-05-21,False,0.756,3.09,North_Indian,0.15,False,716.0
S1304,Sachi Ganesan,2018,5,PhD,ME,MH_A,Uttar Pradesh,North,Non_Veg,Daily,,None,Lunch_Dinner,3500,02/07/2018,"May 27, 2023",False,0.854,3.65,,0.574,True,127.0
S1305,Ayush Batra,2018,5,M.Tech,CSE,MH_A,Uttar Pradesh,North,Veg,,Flexible,None,Full_Board,3500,2018-07-16,2017-10-07,False,0.652,1.95,South_Indian,0.248,False,132.0
S1306,Daksh Memon,2018,5,B.Tech,ECE,MH_A,West Bengal,East,Non_Veg,Weekly_Once,,None,Full_Board,3500,2018-07-11,"May 16, 2022",False,0.706,3.29,No_Preference,0.583,False,636.0
S1307,Kavya Sankar,2018,5,M.Tech,ECE,MH_B,Rajasthan,North,Veg,,Strict,None,Custom,3500,07/07/2018,"May 15, 2020",False,0.73,1.94,,0.335,False,329.0
S1308,Yash Wali,2018,5,PhD,ECE,MH_B,Uttar Pradesh,North,Veg,,Strict,,Full_Board,3500,2018-07-02,18/05/2023,False,0.661,3.76,No_Preference,0.43,,1575.0
S1309,Pranit Garde,2018,5,PhD,Other,MH_B,Chhattisgarh,Central,Veg,,Flexible,None,Custom,3500,19/07/2018,22/05/2023,False,0.681,1.9,No_Preference,0.396,False,740.0
S1310,Farhan Raja,2018,5,B.Tech,EE,MH_G,Madhya Pradesh,Central,Veg,,Strict,,Custom,3500,2018-07-01,2022-05-17,False,0.598,4.58,South_Indian,0.373,False,1064.0
S1311,Widisha Dhar,2018,5,B.Tech,ECE,MH_B,Haryana,North,Veg,,Flexible,Lactose,Full_Board,3500,04/07/2018,29/05/2022,False,0.752,4.14,South_Indian,0.248,,332.0
S1312,Triya Kumar,2018,5,M.Tech,CH,MH_G,Maharashtra,West,Veg,,Flexible,,Custom,3500,2018-07-17,2020-05-19,False,0.663,2.89,No_Preference,0.277,,624.0
S1313,Aadhya Andra,2018,5,B.Tech,CSE,MH_B,Delhi,North,Vegan,,,,Full_Board,3500,2018-07-06,2022-05-15,False,0.715,4.17,,0.22,False,3000.0
S1314,,2018,5,B.Tech,ME,MH_G,Telangana,South,Veg,,Strict,None,Custom,3500,2018-07-03,2022-05-26,False,0.614,3.03,South_Indian,0.474,False,240.0
S1315,Bhavna Dugar,2018,5,B.Tech,EE,MH_A,Kerala,South,Non_Veg,Rarely,,Lactose,Lunch_Dinner,3500,12/07/2018,29/05/2022,False,0.465,2.97,South_Indian,0.345,False,108.0
S1316,Riya Pai,2018,5,B.Tech,CSE,MH_A,Madhya Pradesh,Central,Veg,,Strict,None,Breakfast_Only,3500,2018-07-19,"May 23, 2022",False,0.591,3.9,North_Indian,0.26,False,772.0
S1317,Panini Krishna,2018,5,PhD,CSE,MH_B,West Bengal,East,Jain,,,None,Custom,3500,17/07/2018,2023-05-19,False,0.635,3.36,Continental,0.789,,55.0
S1318,Chasmum Issac,2018,5,B.Tech,EE,MH_G,Bihar,North,Non_Veg,Alternate_Days,,,Lunch_Dinner,3500,2018-07-08,2022-05-19,False,0.818,3.24,No_Preference,0.121,False,759.0
S1319,Vasudha Chhabra,2018,5,B.Tech,EE,MH_B,Chhattisgarh,Central,Veg,,Strict,None,Custom,3500,2018-07-16,2018-04-24,False,0.722,3.85,,0.5,True,226.0
S1320,Lakshmi Parmer,2018,5,B.Tech,ECE,MH_A,Karnataka,South,Veg,,Flexible,,Lunch_Dinner,3500,13/07/2018,16/05/2022,False,0.825,1.27,,0.233,,1801.0
S1321,Chakrika Bains,2018,5,B.Tech,ME,MH_B,Manipur,Northeast,Jain,,,,Full_Board,3500,09/07/2018,2022-05-28,False,0.605,1.95,South_Indian,0.159,,838.0
S1322,Anvi Anand,2018,5,PhD,ECE,MH_B,Chhattisgarh,Central,Veg,,Flexible,None,Lunch_Dinner,3500,"July 05, 2018",29/05/2023,False,0.833,2.92,South_Indian,0.189,,69.0
S1323,Watika Mangat,2018,5,B.Tech,ME,MH_B,Maharashtra,West,Veg,,Strict,,Full_Board,3500,"July 12, 2018",2022-05-20,False,0.88,3.75,South_Indian,0.463,False,898.0
S1324,Indira Kanda,2018,5,B.Tech,CE,MH_G,Assam,Northeast,Veg,,Strict,,Lunch_Dinner,3500,2018-07-09,17/05/2022,False,0.662,2.91,South_Indian,0.677,True,642.0
S1325,Zashil Devan,2018,5,PhD,CSE,MH_B,Delhi,North,nonveg,Daily,,None,Full_Board,3500,02/07/2018,18/05/2023,False,0.644,3.04,,0.55,False,536.0
S1326,Balveer More,2018,5,B.Tech,ECE,MH_B,Andhra Pradesh,South,Non_Veg,Alternate_Days,,,Full_Board,3500,2018-07-11,2022-05-22,False,0.623,4.7,North_Indian,0.306,False,901.0
S1327,Bahadurjit Patla,2018,5,B.Tech,EE,MH_A,Bihar,North,Eggetarian,Weekly_Once,,None,Custom,3500,2018-07-16,2018-02-21,False,0.629,3.49,Continental,0.573,,309.0
S1328,Gautam Merchant,2018,5,PhD,EE,MH_B,Andhra Pradesh,South,NV,Daily,,,Full_Board,3500,09/07/2018,2023-05-22,False,0.764,4.95,South_Indian,0.33,False,1129.0
S1329,Ojasvi Gill,2018,5,M.Tech,CE,MH_A,West Bengal,East,Non_Veg,Weekly_Once,,,Custom,3500,2018-07-16,2020-05-19,False,0.687,2.91,North_Indian,0.462,,367.0
S1330,Kevin Zacharia,2018,5,PhD,BT,MH_A,Uttar Pradesh,North,Veg,,Strict,None,Full_Board,3500,2018-07-05,21/05/2023,False,0.781,2.6,North_Indian,0.335,True,1096.0
S1331,Yachana Mahajan,2018,5,PhD,ECE,MH_B,West Bengal,East,Non_Veg,Rarely,,,Full_Board,3500,13/07/2018,2023-05-27,False,0.708,3.82,North_Indian,0.05,,246.0
S1332,Aarini Subramaniam,2018,5,B.Tech,EE,MH_A,Rajasthan,North,Veg,,Indifferent,None,Full_Board,3500,2018-07-17,2022-05-16,False,0.617,3.61,South_Indian,0.454,False,1186.0
S1333,Hamsini Contractor,2018,5,B.Tech,Other,MH_B,Bihar,North,Veg,,Indifferent,None,Full_Board,3500,2018-07-07,2022-05-22,False,0.78,3.16,,0.462,False,310.0
S1334,Faqid Dhaliwal,2018,5,B.Tech,ECE,MH_B,Maharashtra,West,Veg,,Strict,None,Lunch_Dinner,3500,18/07/2018,2022-05-21,False,0.49,2.3,North_Indian,0.245,True,147.0
S1335,Mekhala Pau,2018,5,M.Tech,CSE,MH_B,Maharashtra,West,Veg,,Flexible,,Full_Board,3500,03/07/2018,"May 28, 2020",False,0.717,3.65,South_Indian,0.352,,694.0
S1336,Megha Atwal,2018,5,B.Tech,BT,MH_B,Andhra Pradesh,South,Non_Veg,Rarely,,,Lunch_Dinner,3500,"July 05, 2018",19/05/2022,False,0.689,2.93,,0.168,False,552.0
S1337,Jatin Sha,2018,5,M.Tech,Other,MH_B,Maharashtra,West,Jain,,,,Full_Board,3500,"July 12, 2018","May 19, 2020",False,0.823,3.56,South_Indian,0.665,False,489.0
S1338,Adweta Raj,2018,5,PhD,CSE,MH_B,Bihar,North,Veg,,Strict,None,Custom,3500,2018-07-19,"May 29, 2023",False,0.661,4.66,North_Indian,0.213,False,434.0
S1339,Hritik Kaur,2018,5,B.Tech,CE,MH_B,Rajasthan,North,Veg,,Strict,,Full_Board,3500,2018-07-07,2022-05-20,False,0.582,3.19,North_Indian,0.743,True,953.0
S1340,Aryan Narang,2018,5,PhD,CSE,MH_A,Uttarakhand,North,Veg,,Strict,None,Full_Board,3500,16/07/2018,2023-05-24,False,0.916,1.95,South_Indian,0.285,False,292.0
S1341,Dev Shetty,2018,5,PhD,CE,MH_G,Kerala,Northeast,Veg,,Indifferent,,Full_Board,3500,05/07/2018,2023-05-28,False,0.61,2.62,South_Indian,0.664,,152.0
S1342,Nilima Dada,2018,5,M.Tech,EE,MH_B,Karnataka,Central,Veg,,Indifferent,,Custom,3500,2018-07-09,"May 29, 2020",False,0.587,2.75,Continental,0.416,,56.0
S1343,Chakradev Barad,2018,5,M.Tech,CH,MH_G,Tamil Nadu,South,Veg,,Flexible,,Full_Board,3569,08/07/2018,2020-05-25,False,0.644,3.81,South_Indian,0.353,True,234.0
S1344,,2018,5,B.Tech,BT,MH_B,Uttar Pradesh,North,Eggetarian,Alternate_Days,,Lactose,Full_Board,3500,2018-07-09,29/05/2022,False,0.832,5.0,South_Indian,0.415,True,1454.0
S1345,Waida D’Alia,2018,5,B.Tech,CSE,MH_B,West Bengal,East,Non_Veg,Weekly_Once,,Lactose,Custom,3500,2018-07-05,2022-05-25,False,0.689,2.25,North_Indian,0.18,False,733.0
S1346,Wahab Yogi,2018,5,B.Tech,CH,MH_B,Bihar,North,Veg,,Flexible,None,Full_Board,3500,2018-07-05,2022-05-25,False,0.607,3.43,North_Indian,0.197,True,787.0
S1347,Lipika Setty,2018,5,B.Tech,CSE,MH_B,Uttar Pradesh,North,Non_Veg,Rarely,,None,Full_Board,3500,03/07/2018,2022-05-29,False,0.9,3.3,North_Indian,0.519,True,389.0
S1348,Oni Dubey,2018,5,PhD,ECE,MH_A,Maharashtra,West,Veg,,Strict,None,Full_Board,3500,2018-07-04,2023-05-18,False,0.64,3.89,North_Indian,0.508,False,229.0
S1349,Hardik Suri,2018,5,M.Tech,CE,MH_A,Telangana,South,Veg,,Indifferent,None,Full_Board,3500,2018-07-15,2020-05-15,False,0.812,2.47,South_Indian,0.398,,545.0
S1350,Ati Bali,2018,5,B.Tech,CE,MH_A,Andhra Pradesh,South,Non_Veg,Weekly_Once,,None,Full_Board,3500,2018-07-04,"May 29, 2022",False,0.74,3.96,South_Indian,0.153,,454.0
S1351,Teerth Sawhney,2018,5,B.Tech,ECE,MH_A,Tamil Nadu,South,Non_Veg,Daily,,Gluten,Full_Board,3500,"July 14, 2018",2022-05-25,False,0.864,3.24,South_Indian,0.696,False,163.0
S1352,Warinder Patil,2018,5,B.Tech,ME,MH_B,Punjab,North,Non_Veg,Alternate_Days,,None,Custom,3500,2018-07-14,"May 24, 2022",False,0.684,2.16,North_Indian,0.428,False,889.0
S1353,Jhalak Parmer,2018,5,M.Tech,CSE,MH_B,Chhattisgarh,Central,Non_Veg,Rarely,,Nut,Lunch_Dinner,3500,16/07/2018,"May 29, 2020",False,0.667,3.67,South_Indian,0.274,False,657.0
S1354,Mitali Majumdar,2018,5,M.Tech,ME,MH_G,TAMIL NADU,South,Non_Veg,Weekly_Once,,None,Lunch_Dinner,3500,"July 02, 2018",2020-05-24,False,0.583,3.28,South_Indian,0.47,False,124.0
S1355,Jason Sha,2018,5,B.Tech,Other,MH_G,Gujarat,West,Veg,,Indifferent,,Lunch_Dinner,3500,2018-07-04,"May 23, 2022",False,0.581,1.61,No_Preference,0.655,,98.0
S1356,Simon Bail,2018,5,M.Tech,ME,MH_B,West Bengal,East,Non_Veg,Alternate_Days,,Others,Full_Board,3500,02/07/2018,2020-05-26,False,0.709,1.93,,0.748,True,386.0
S1357,Gauri Kohli,2018,5,B.Tech,CSE,MH_A,Madhya Pradesh,Central,Vegan,,,None,Full_Board,3500,2018-07-07,2022-05-27,False,0.717,3.23,North_Indian,0.69,,1287.0
S1358,Samesh Biswas,2018,5,B.Tech,ECE,MH_G,Kerala,South,Veg,,Flexible,,Full_Board,3500,"July 14, 2018",16/05/2022,False,0.845,4.0,South_Indian,0.574,False,185.0
S1359,Tarak Kaul,2018,5,B.Tech,Other,MH_A,Jammu & Kashmir,North,Non_Veg,Weekly_Once,,,Breakfast_Only,3500,18/07/2018,"May 27, 2022",False,0.798,3.56,North_Indian,0.336,,880.0
S1360,Manbir Agate,2018,5,B.Tech,CSE,MH_A,Karnataka,South,Non_Veg,Alternate_Days,,,Lunch_Dinner,3500,2018-07-09,2022-05-21,False,0.79,2.31,No_Preference,0.202,,1485.0
S1361,Maanav De,2018,5,B.Tech,EE,MH_A,West Bengal,East,Veg,,Strict,Gluten,Full_Board,3500,"July 08, 2018","May 25, 2022",False,0.534,3.22,South_Indian,0.716,False,672.0
S1362,Owen Choudhary,2018,5,B.Tech,Other,MH_G,Haryana,North,Non_Veg,Alternate_Days,,None,Full_Board,3500,2018-07-18,2022-05-29,False,0.668,3.93,North_Indian,0.591,True,236.0
S1363,Karan Aurora,2018,5,M.Tech,CSE,MH_A,Meghalaya,Northeast,Non_Veg,Alternate_Days,,None,Full_Board,3500,07/07/2018,"May 23, 2020",False,0.709,3.01,North_Indian,0.639,False,859.0
S1364,Wazir Naik,2018,5,M.Tech,EE,MH_A,Punjab,East,Veg,,Indifferent,None,Lunch_Dinner,3500,2018-07-04,2020-05-21,False,0.566,4.53,South_Indian,0.716,False,935.0
S1365,Owen Lanka,2018,5,PhD,CSE,MH_G,Delhi,North,Veg,,Flexible,None,Full_Board,3500,2018-07-18,23/05/2023,False,0.826,3.54,No_Preference,0.661,False,400.0
S1366,Jonathan Sama,2018,5,B.Tech,ECE,MH_A,Rajasthan,North,nonveg,Daily,,,Custom,3500,2018-07-19,2022-05-15,False,0.622,3.76,North_Indian,0.469,True,701.0
S1367,,2018,5,M.Tech,CSE,MH_B,Uttarakhand,North,Veg,,Indifferent,,Custom,3500,2018-07-16,"May 25, 2020",False,0.682,3.57,North_Indian,0.548,,987.0
S1368,Devansh Soni,2018,5,M.Tech,ME,MH_A,Kerala,South,Non_Veg,Daily,,None,Lunch_Dinner,3500,2018-07-14,2020-05-26,False,0.691,3.18,South_Indian,0.626,True,1283.0
S1369,Janaki Varghese,2018,5,B.Tech,Other,MH_G,Madhya Pradesh,Central,Veg,,Flexible,,Full_Board,3500,2018-07-10,2022-05-22,False,0.732,2.4,North_Indian,0.443,,954.0
S1370,Siya Thakur,2018,5,B.Tech,CSE,MH_A,Rajasthan,North,Non-Veg,Alternate_Days,,None,Full_Board,3500,"July 04, 2018",2017-10-13,False,1.2424957682509488,2.97,Continental,0.126,True,99.0
S1371,Caleb Verma,2018,5,M.Tech,ECE,MH_G,West Bengal,East,Veg,,Strict,Nut,Full_Board,3500,2018-07-11,2020-05-17,False,1.0842047343688157,4.16,,0.53,,996.0
S1372,Tara Balasubramanian,2018,5,B.Tech,CSE,MH_A,Tamil Nadu,South,Non_Veg,Alternate_Days,,None,Full_Board,3500,"July 16, 2018",29/05/2022,False,0.724,3.45,South_Indian,0.548,False,945.0
S1373,,2018,5,B.Tech,ECE,MH_B,Bihar,North,Veg,,Flexible,None,Full_Board,3500,"July 06, 2018","May 20, 2022",False,1.2573577581271695,4.24,,0.266,,1659.0
S1374,Varenya Ratti,2018,5,B.Tech,ECE,MH_B,Kerala,South,Non_Veg,Alternate_Days,,None,Full_Board,3500,2018-07-07,28/05/2022,False,0.753,3.56,,0.159,True,423.0
S1375,Hritik Swaminathan,2018,5,B.Tech,ECE,MH_B,Telangana,South,Veg,,Flexible,None,Full_Board,3500,2018-07-12,2022-05-23,False,0.777,3.96,Continental,0.165,False,115.0
S1376,Ethan Buch,2018,5,M.Tech,ECE,MH_A,Uttarakhand,North,Veg,,Strict,None,Full_Board,3500,"July 07, 2018",30/05/2018,False,0.904,2.96,No_Preference,0.463,False,609.0
S1377,Manbir Bhatti,2018,5,B.Tech,CH,MH_G,Odisha,East,Veg,,Flexible,Lactose,Full_Board,3500,2018-07-09,2022-05-18,False,0.759,3.49,South_Indian,0.942,True,961.0
S1378,Anvi Nair,2018,5,M.Tech,CE,MH_G,Kerala,South,Non_Veg,Weekly_Once,,Nut,Custom,3500,2018-07-10,"May 28, 2020",False,0.862,1.58,No_Preference,0.382,False,110.0
S1379,Chaitaly Setty,2018,5,B.Tech,EE,MH_A,Uttar Pradesh,North,Veg,,Flexible,,Full_Board,3500,06/07/2018,2022-05-29,False,0.529,3.23,No_Preference,0.34,False,497.0
S1380,Hardik Contractor,2018,5,B.Tech,CSE,MH_G,Gujarat,West,Veg,,Flexible,None,Full_Board,3500,2018-07-02,2022-05-29,False,0.737,2.79,,0.214,,340.0
S1381,Qushi Seth,2018,5,B.Tech,CE,MH_A,Uttar Pradesh,North,Veg,,Strict,None,Lunch_Dinner,3500,"July 01, 2018",2022-05-25,False,0.717,3.02,North_Indian,0.278,,305.0
S1382,Odika Nori,2018,5,B.Tech,ME,MH_G,Gujarat,West,Vegetarian,,Flexible,,Lunch_Dinner,3500,10/07/2018,2022-05-24,False,0.811,2.85,,0.276,False,791.0
S1383,Mohini Sagar,2018,5,B.Tech,CSE,MH_A,Bihar,North,Non_Veg,Daily,,,Lunch_Dinner,3500,14/07/2018,"May 20, 2022",False,0.685,3.0,North_Indian,0.358,False,1013.0
S1384,Dhriti Sane,2018,5,B.Tech,ME,MH_G,Andhra Pradesh,South,VEG,,Flexible,,Custom,3500,"July 08, 2018",2022-05-16,False,0.801,3.95,Continental,0.675,,50.0
S1385,Aadhya Prasad,2018,5,B.Tech,EE,MH_B,Gujarat,West,Veg,,Indifferent,,Full_Board,3500,"July 14, 2018","May 26, 2022",False,0.728,2.67,Continental,0.438,,1505.0
S1386,Urvi Bhavsar,2018,5,PhD,CSE,MH_B,Telangana,South,Non_Veg,Rarely,,None,Full_Board,3500,03/07/2018,2023-05-18,False,0.735,4.1,North_Indian,0.7,False,845.0
S1387,Frederick Chander,2018,5,M.Tech,ECE,MH_A,Rajasthan,North,Non_Veg,Alternate_Days,,None,Full_Board,3500,2018-07-10,23/05/2020,False,0.845,2.89,,0.524,True,778.0
S1388,Gopal Pradhan,2018,5,B.Tech,ECE,MH_G,Meghalaya,Northeast,Non_Veg,Weekly_Once,,Nut,Lunch_Dinner,3500,2018-07-10,2022-05-29,False,0.813,4.5,Continental,0.667,False,516.0
S1389,Darpan Narayan,2018,5,M.Tech,CE,MH_G,Goa,West,Veg,,Strict,,Lunch_Dinner,3500,2018-07-06,"May 17, 2020",False,0.765,4.09,,0.227,,270.0
S1390,Nirja Pandya,2018,5,B.Tech,ECE,MH_B,Himachal Pradesh,North,Veg,,Strict,,Full_Board,3500,2018-07-02,2022-05-28,False,0.57,4.69,No_Preference,0.254,,650.0
S1391,Charan Mani,2018,5,B.Tech,ECE,MH_A,Maharashtra,West,Veg,,Flexible,Others,Full_Board,3500,2018-07-04,29/05/2022,False,0.763,5.0,North_Indian,0.667,False,616.0
S1392,Indira Chawla,2018,5,B.Tech,ME,MH_A,Bihar,North,Veg,,Indifferent,Gluten,Full_Board,3500,"July 13, 2018",29/05/2022,False,0.631,2.88,,0.633,False,341.0
S1393,Mohammed Subramaniam,2018,5,M.Tech,ECE,MH_A,Maharashtra,West,Non_Veg,Weekly_Once,,,Full_Board,3500,2018-07-06,2020-05-21,False,0.761,4.51,North_Indian,0.282,False,388.0
S1394,Hritik Palla,2018,5,B.Tech,CE,MH_B,Meghalaya,Northeast,Non_Veg,Alternate_Days,,None,Full_Board,3500,2018-07-07,2022-05-27,False,0.761,3.38,No_Preference,0.298,False,107.0
S1395,Ishwar Mallick,2018,5,B.Tech,CH,MH_B,Gujarat,West,Non_Veg,Daily,,None,Full_Board,3500,"July 06, 2018","May 25, 2022",False,0.757,3.32,North_Indian,0.506,False,2223.0
S1396,Pushti Bal,2018,5,B.Tech,ME,MH_A,Chhattisgarh,Central,Veg,,Strict,None,Lunch_Dinner,3500,2018-07-04,20/05/2022,False,0.666,2.38,South_Indian,0.675,,1047.0
S1397,Ayush Gole,2018,5,M.Tech,ME,MH_A,Delhi,North,Veg,,Flexible,,Lunch_Dinner,3500,17/07/2018,2020-05-24,False,0.791,1.74,North_Indian,0.678,,657.0
S1398,Dayamai Nori,2018,5,M.Tech,ECE,MH_A,Uttar Pradesh,North,Veg,,Strict,,Full_Board,3500,2018-07-05,2020-05-29,False,0.636,3.52,North_Indian,0.128,False,907.0
S1399,Abeer Golla,2018,5,B.Tech,BT,MH_G,Maharashtra,West,Non_Veg,Rarely,,None,Full_Board,3500,03/07/2018,17/05/2022,False,0.577,3.26,,0.125,False,1298.0
S1400,,2018,5,B.Tech,CSE,MH_B,Himachal Pradesh,North,Veg,,Indifferent,None,Full_Board,3500,2018-07-07,2022-05-22,False,0.534,4.98,,0.085,False,100.0
S1401,Nandini Boase,2018,5,B.Tech,CH,MH_B,Tamil Nadu,South,Vegan,,,None,Full_Board,3500,08/07/2018,2022-05-15,False,0.77,3.81,No_Preference,0.516,True,459.0
S1402,Azaan Chand,2018,5,B.Tech,EE,MH_A,Karnataka,South,Non_Veg,Alternate_Days,,Lactose,Full_Board,3500,2018-07-18,27/05/2022,False,0.55,3.14,North_Indian,0.29,False,300.0
S1403,Krisha Saini,2018,5,B.Tech,CE,MH_A,Rajasthan,North,Veg,,Indifferent,,Full_Board,3500,2018-07-17,"May 26, 2022",False,0.677,2.36,,0.415,False,984.0
S1404,Harita Dugar,2018,5,B.Tech,CSE,MH_A,Madhya Pradesh,Central,Veg,,Indifferent,None,Custom,3500,11/07/2018,2022-05-20,False,0.588,3.2,North_Indian,0.268,True,668.0
S1405,Devika Nair,2018,5,PhD,CH,MH_B,TAMIL NADU,South,Veg,,Flexible,,Lunch_Dinner,3500,2018-07-05,2023-05-22,False,0.691,1.18,North_Indian,0.256,False,155.0
S1406,Charles Dugal,2018,5,B.Tech,EE,MH_G,Maharashtra,West,Veg,,Strict,Lactose,Breakfast_Only,3500,2018-07-14,2022-05-17,False,0.723,3.37,North_Indian,0.118,True,261.0
S1407,Chandran Bumb,2018,5,B.Tech,ECE,MH_G,Uttar Pradesh,North,Eggetarian,Weekly_Once,,None,Lunch_Dinner,3500,"July 08, 2018",27/05/2022,False,0.744,2.29,North_Indian,0.436,,1062.0
S1408,Saanvi Samra,2018,5,B.Tech,BT,MH_G,Arunachal Pradesh,Northeast,Non_Veg,Weekly_Once,,None,Lunch_Dinner,3500,2018-07-11,21/05/2022,False,0.802,3.53,North_Indian,0.691,False,665.0
S1409,Riya Sachdeva,2018,5,B.Tech,EE,MH_B,Gujarat,West,Non_Veg,Alternate_Days,,None,Full_Board,3500,18/07/2018,2022-05-24,False,0.56,3.05,North_Indian,0.226,,303.0
S1410,Tanveer Vala,2018,5,B.Tech,Other,MH_G,Gujarat,West,Veg,,Flexible,None,Full_Board,3511,"July 13, 2018","May 21, 2022",False,0.607,3.24,,0.295,False,127.0
S1411,Hemani Sani,2018,5,M.Tech,ECE,MH_B,Telangana,South,Non_Veg,Daily,,None,Full_Board,3500,09/07/2018,23/05/2020,False,0.579,2.28,North_Indian,0.133,,1031.0
S1412,Bhanumati Sur,2018,5,B.Tech,CSE,MH_A,Uttar Pradesh,North,Non_Veg,Alternate_Days,,None,Lunch_Dinner,3500,"July 07, 2018","May 23, 2022",False,0.756,2.68,South_Indian,0.357,False,300.0
S1413,Chakradev Kannan,2018,5,B.Tech,ECE,MH_A,Rajasthan,North,Veg,,Strict,None,Lunch_Dinner,3500,2018-07-13,2022-05-28,False,0.81,3.79,North_Indian,0.465,False,398.0
S1414,Christopher Amble,2018,5,M.Tech,BT,MH_A,Uttar Pradesh,North,Veg,,Flexible,None,Breakfast_Only,3500,19/07/2018,"May 25, 2020",False,0.58,3.56,,0.558,False,396.0
S1415,Charvi Kakar,2018,5,B.Tech,Other,MH_A,Maharashtra,West,Veg,,Strict,None,Lunch_Dinner,3500,"July 12, 2018",29/05/2022,False,0.597,3.95,,0.36,False,411.0
S1416,Aadhya Mann,2018,5,M.Tech,EE,MH_G,Madhya Pradesh,Central,Veg,,Strict,None,Custom,3500,2018-07-08,"May 28, 2020",False,0.781,2.23,South_Indian,0.26,,558.0
S1417,Jagdish Amble,2018,5,PhD,EE,MH_A,West Bengal,South,Veg,,Strict,Nut,Full_Board,3500,2018-07-17,2023-05-28,False,0.753,3.17,North_Indian,0.21,False,2319.0
S1418,Qushi Gill,2018,5,B.Tech,CE,MH_A,Bihar,North,Veg,,Strict,None,Full_Board,3500,17/07/2018,"May 25, 2022",False,0.635,2.19,No_Preference,0.307,False,160.0
S1419,Lajita Walia,2018,5,B.Tech,ME,MH_A,Arunachal Pradesh,Northeast,Non_Veg,Alternate_Days,,,Custom,3500,2018-07-11,2018-02-13,False,0.656,3.88,North_Indian,0.413,,2811.0
S1420,Xiti Pandya,2018,5,M.Tech,CE,MH_G,West Bengal,East,Veg,,Strict,Lactose,Breakfast_Only,3500,"July 05, 2018",24/05/2020,False,0.572,3.06,North_Indian,0.629,False,207.0
S1421,Mekhala Basak,2018,5,M.Tech,CE,MH_B,Bihar,North,Veg,,Flexible,None,Full_Board,3500,2018-07-18,2020-05-28,False,0.772,3.55,South_Indian,0.663,True,293.0
S1422,Anirudh Sharaf,2018,5,B.Tech,CE,MH_G,Andhra Pradesh,South,Eggetarian,Weekly_Once,,,Full_Board,3500,2018-07-09,"May 21, 2022",False,0.777,2.11,,0.932,,305.0
S1423,Dhriti Sanghvi,2018,5,B.Tech,ECE,MH_G,Assam,Northeast,Non_Veg,Daily,,None,Full_Board,3500,2018-07-18,2022-05-20,False,0.599,3.13,South_Indian,0.568,False,108.0
S1424,Omisha Mann,2018,5,M.Tech,CH,MH_B,Karnataka,South,Veg,,Flexible,,Lunch_Dinner,3500,2018-07-04,18/05/2020,False,0.836,2.8,No_Preference,0.317,False,1040.0
S1425,Nidhi Bail,2018,5,M.Tech,CE,MH_B,Uttar Pradesh,North,Veg,,Indifferent,None,Custom,3500,2018-07-05,19/05/2020,False,0.613,5.0,No_Preference,0.306,False,731.0
S1426,Onveer Sharma,2018,5,M.Tech,CH,MH_A,Himachal Pradesh,North,Veg,,Strict,None,Full_Board,3500,2018-07-05,2020-05-15,False,0.727,2.46,South_Indian,0.134,False,164.0
S1427,Gaurang Sarkar,2018,5,B.Tech,ME,MH_B,Jharkhand,East,Veg,,Indifferent,,Custom,3500,2018-07-12,"April 23, 2018",False,0.741,3.13,North_Indian,0.437,True,741.0
S1428,Yagnesh Sarin,2018,5,B.Tech,ECE,MH_A,Tripura,Northeast,Non_Veg,Weekly_Once,,Gluten,Lunch_Dinner,3500,2018-07-01,2022-05-17,False,0.626,2.26,South_Indian,0.413,False,779.0
S1429,Farhan Randhawa,2018,5,B.Tech,EE,MH_B,Maharashtra,West,Non_Veg,Weekly_Once,,,Custom,3500,2018-07-17,2022-05-26,False,0.731,1.47,,0.282,False,188.0
S1430,Harinakshi Kant,2018,5,B.Tech,CH,MH_B,Rajasthan,North,Non_Veg,Weekly_Once,,,Lunch_Dinner,3500,2018-07-15,2022-05-21,False,0.572,3.15,No_Preference,0.645,,542.0
S1431,Om Bose,2018,5,M.Tech,CSE,MH_B,Odisha,East,Veg,,Strict,None,Full_Board,3500,2018-07-03,2020-05-25,False,0.45,3.72,North_Indian,0.663,True,1015.0
S1432,Yashvi Hari,2018,5,B.Tech,CE,MH_A,Maharashtra,West,Eggetarian,Alternate_Days,,,Lunch_Dinner,3500,2018-07-06,2022-05-23,False,0.669,2.67,South_Indian,0.462,False,134.0
S1433,Indali Divan,2018,5,B.Tech,CSE,MH_B,Uttar Pradesh,North,Veg,,Strict,,Full_Board,3500,2018-07-08,2022-05-23,False,0.616,3.57,South_Indian,0.274,True,75.0
S1434,Harshil Dhingra,2018,5,B.Tech,CE,MH_B,Gujarat,West,Veg,,Strict,None,Full_Board,3500,2018-07-17,2022-05-23,False,0.756,2.89,,0.605,True,599.0
S1435,Rudra Ghose,2018,5,B.Tech,CSE,MH_G,West Bengal,East,Non_Veg,Daily,,None,Full_Board,3500,12/07/2018,2022-05-27,False,0.518,4.4,North_Indian,0.239,,366.0
S1436,Faqid Goel,2018,5,M.Tech,ECE,MH_B,Andhra Pradesh,South,Veg,,Flexible,,Full_Board,3500,2018-07-04,2017-07-17,False,0.761,2.82,South_Indian,0.497,,674.0
S1437,Ucchal Sen,2018,5,B.Tech,EE,MH_B,Uttar Pradesh,North,Non_Veg,Weekly_Once,,,Custom,3500,02/07/2018,24/05/2022,False,0.738,2.48,No_Preference,0.467,False,265.0
S1438,,2018,5,B.Tech,CSE,MH_B,Rajasthan,North,Veg,,Strict,Lactose,Full_Board,3500,2018-07-04,2022-05-26,False,0.734,3.0,,0.357,False,85.0
S1439,Diya Dora,2018,5,B.Tech,Other,MH_B,Arunachal Pradesh,Northeast,Non-Veg,Daily,,Gluten,Full_Board,3500,2018-07-14,2022-05-16,False,0.751,2.63,Continental,0.43,True,492.0
S1440,Ekansh Singh,2018,5,B.Tech,EE,MH_G,Uttar Pradesh,North,Veg,,Strict,None,Breakfast_Only,3500,2018-07-19,2022-05-17,False,0.562,3.03,North_Indian,0.389,False,1122.0
S1441,Chavvi Maharaj,2018,5,B.Tech,CSE,MH_B,West Bengal,East,Veg,,Strict,None,Full_Board,3500,2018-07-04,2017-09-12,False,0.763,4.11,North_Indian,0.408,True,132.0
S1442,Indira Tripathi,2018,5,M.Tech,ME,MH_A,Bihar,North,Veg,,Flexible,None,Lunch_Dinner,3500,2018-07-18,2020-05-24,False,0.483,2.33,,0.392,False,259.0
S1443,Dayita Shenoy,2018,5,B.Tech,Other,MH_A,Maharashtra,West,Non_Veg,Alternate_Days,,None,Lunch_Dinner,3500,"July 19, 2018",2022-05-16,False,0.648,3.64,No_Preference,0.314,False,50.0
S1444,Baljiwan Bhandari,2018,5,M.Tech,CH,MH_B,Uttar Pradesh,North,Veg,,Flexible,None,Full_Board,3500,2018-07-09,2020-05-26,False,0.705,3.85,North_Indian,0.574,True,342.0
S1445,Bhavini Bose,2018,5,B.Tech,CE,MH_A,Telangana,South,Eggetarian,Rarely,,None,Full_Board,3500,2018-07-13,2022-05-15,False,0.885,1.77,North_Indian,0.466,,553.0
S1446,Yashica Rajagopalan,2018,5,B.Tech,BT,MH_A,Gujarat,Central,VEG,,Flexible,None,Lunch_Dinner,3500,2018-07-19,"May 28, 2022",False,0.557,3.93,South_Indian,0.235,,427.0
S1447,Benjamin Sengupta,2018,5,B.Tech,BT,MH_G,Odisha,East,Non_Veg,Weekly_Once,,,Custom,3500,2018-07-11,17/05/2022,False,0.705,2.85,,0.321,False,602.0
S1448,Ekanta Soni,2018,5,M.Tech,CSE,MH_G,Bihar,North,Veg,,Flexible,None,Full_Board,3500,2018-07-09,"May 29, 2020",False,0.607,3.03,North_Indian,0.638,False,789.0
S1449,David Seshadri,2018,5,B.Tech,ME,MH_G,Bihar,North,Non_Veg,Daily,,None,Custom,3500,13/07/2018,25/05/2022,False,0.606,4.2,South_Indian,0.466,False,286.0
S1450,Hemal Chad,2018,5,M.Tech,ECE,MH_A,Gujarat,West,Veg,,Flexible,Nut,Full_Board,3500,06/07/2018,"May 24, 2020",False,0.895,4.01,,0.185,True,1474.0
S1451,Balveer Kota,2018,5,M.Tech,CE,MH_G,Delhi,North,Veg,,Strict,,Full_Board,3500,2018-07-01,"May 29, 2020",False,0.495,1.74,North_Indian,0.527,True,554.0
S1452,Reva Viswanathan,2018,5,B.Tech,ECE,MH_B,Jharkhand,East,Non_Veg,Alternate_Days,,None,Full_Board,3500,13/07/2018,"May 17, 2022",False,0.517,2.49,No_Preference,0.694,False,287.0
S1453,Januja Pradhan,2018,5,B.Tech,CE,MH_G,West Bengal,East,Non_Veg,Weekly_Once,,None,Full_Board,3500,14/07/2018,2022-05-19,False,0.506,2.79,North_Indian,0.276,False,905.0
S1454,Lila Rege,2018,5,B.Tech,ME,MH_B,Delhi,North,Veg,,Strict,,Breakfast_Only,3500,"July 16, 2018",21/05/2022,False,0.6,2.11,South_Indian,0.438,,170.0
S1455,Charles Natt,2018,5,B.Tech,CE,MH_A,Kerala,South,Eggetarian,Alternate_Days,,None,Full_Board,3500,"July 12, 2018",2022-05-16,False,0.639,2.42,South_Indian,0.572,,727.0
S1456,Forum Chandra,2018,5,B.Tech,CH,MH_B,Punjab,North,Veg,,Strict,None,Lunch_Dinner,3500,2018-07-06,2022-05-15,False,0.856,4.43,North_Indian,0.234,False,422.0
S1457,Bhanumati Krishnan,2018,5,B.Tech,CH,MH_G,Bihar,North,Veg,,Strict,,Custom,3500,2018-07-11,"May 20, 2022",False,0.546,2.61,,0.12,False,188.0
S1458,Gauri Bumb,2018,5,B.Tech,ECE,MH_B,Bihar,North,Veg,,Strict,None,Full_Board,3500,2018-07-10,"May 23, 2022",False,0.724,3.73,,0.471,False,1505.0
S1459,Inaya Mukherjee,2018,5,B.Tech,Other,MH_B,Tripura,Northeast,Non_Veg,Alternate_Days,,Gluten,Lunch_Dinner,3500,2018-07-08,"May 16, 2022",False,0.632,3.39,North_Indian,0.39,True,84.0
S1460,Kai Chad,2018,5,M.Tech,ME,MH_G,Jharkhand,East,Veg,,Flexible,Gluten,Lunch_Dinner,3500,2018-07-11,"May 28, 2020",False,0.753,1.33,,0.188,,152.0
S1461,Krisha Narasimhan,2018,5,PhD,CSE,MH_G,Tamil Nadu,South,Veg,,Indifferent,None,Lunch_Dinner,3500,01/07/2018,2023-05-18,False,0.599,2.3,South_Indian,0.109,,183.0
S1462,Girik Sampath,2018,5,B.Tech,CE,MH_G,West Bengal,East,Veg,,Strict,,Full_Board,3500,2018-07-18,2022-05-15,False,0.574,2.73,North_Indian,0.304,True,2016.0
S1463,Andrew Patil,2018,5,M.Tech,CSE,MH_A,West Bengal,East,Eggetarian,Alternate_Days,,,Full_Board,3500,2018-07-19,2020-05-26,False,0.597,4.06,North_Indian,0.685,True,1347.0
S1464,Pranit Kala,2018,5,B.Tech,CSE,MH_B,Tamil Nadu,South,Veg,,Flexible,None,Full_Board,3500,"July 10, 2018",2017-07-19,False,0.619,3.06,North_Indian,0.214,,1105.0
S1465,Vedika Handa,2018,5,B.Tech,ECE,MH_A,Uttar Pradesh,North,Non_Veg,Alternate_Days,,None,Full_Board,3500,06/07/2018,"May 19, 2022",False,0.649,3.62,North_Indian,0.15,,1223.0
S1466,Laksh Dubey,2018,5,M.Tech,ECE,MH_A,Delhi,North,Veg,,Strict,,Full_Board,3500,2018-07-07,2020-05-24,False,1.0781632134616679,3.66,,0.355,False,1274.0
S1467,Chakrika Chaudhuri,2018,5,B.Tech,CSE,MH_A,Nagaland,Northeast,Non_Veg,Weekly_Once,,,Lunch_Dinner,3500,2018-07-13,23/05/2022,False,0.715,2.41,No_Preference,0.192,False,2437.0
S1468,Gayathri Deep,2018,5,M.Tech,Other,MH_B,Kerala,South,Veg,,Strict,None,Full_Board,3500,"July 12, 2018",2020-05-20,False,0.845,4.15,North_Indian,0.184,False,238.0
S1469,Mitesh Gaba,2018,5,B.Tech,CSE,MH_B,Andhra Pradesh,South,Non_Veg,Alternate_Days,,Lactose,Full_Board,3500,07/07/2018,"May 15, 2022",False,0.645,2.2,South_Indian,0.562,False,272.0
S1470,Noah Sarma,2018,5,M.Tech,CSE,MH_A,Rajasthan,North,Veg,,Indifferent,,Breakfast_Only,3500,07/07/2018,"May 23, 2020",False,0.737,2.42,South_Indian,0.265,False,660.0
S1471,Nirja Patla,2018,5,B.Tech,CSE,MH_B,Kerala,South,Non_Veg,Daily,,None,Lunch_Dinner,3500,2018-07-09,2022-05-23,False,0.961,1.73,North_Indian,0.139,False,230.0
S1472,Sachi Mane,2018,5,B.Tech,BT,MH_G,Kerala,South,Non_Veg,Alternate_Days,,,Full_Board,3500,2018-07-04,25/05/2022,False,0.602,2.29,Continental,0.098,True,214.0
S1473,Vivaan Walla,2018,5,B.Tech,EE,MH_G,Telangana,South,Jain,,,,Full_Board,3500,2018-07-15,2022-05-17,False,0.919,2.74,North_Indian,0.364,,108.0
S1474,Dayamai Singh,2018,5,B.Tech,ECE,MH_G,Kerala,South,Veg,,Strict,,Breakfast_Only,3500,15/07/2018,2022-05-18,False,0.595,1.89,,0.616,True,481.0
S1475,Jhalak Sastry,2018,5,M.Tech,CH,MH_A,Himachal Pradesh,North,Veg,,Flexible,None,Full_Board,3500,2018-07-17,"May 27, 2020",False,0.649,1.79,North_Indian,0.457,False,76.0
S1476,Baghyawati Raja,2018,5,B.Tech,CE,MH_G,Tamil Nadu,South,Non_Veg,Alternate_Days,,None,Custom,3500,2018-07-13,2017-09-16,False,0.571,4.32,Continental,0.688,False,1247.0
S1477,Neel Iyengar,2018,5,B.Tech,ME,MH_B,Gujarat,West,Veg,,Strict,,Full_Board,3500,16/07/2018,2022-05-25,False,0.622,3.27,,0.364,True,104.0
S1478,Zashil Ben,2018,5,PhD,EE,MH_G,Tamil Nadu,South,Veg,,Indifferent,,Full_Board,3500,2018-07-15,19/05/2023,False,0.592,3.66,,0.264,,231.0
S1479,Kamya Chauhan,2018,5,B.Tech,CE,MH_A,Madhya Pradesh,Central,Veg,,Flexible,,Lunch_Dinner,3500,01/07/2018,2022-05-24,False,0.91,2.9,No_Preference,0.333,False,285.0
S1480,,2018,5,B.Tech,EE,MH_B,Tamil Nadu,South,Non_Veg,Daily,,Lactose,Lunch_Dinner,3500,"July 02, 2018",2022-05-24,False,0.687,1.95,South_Indian,0.278,,810.0
S1481,Bhavani Chacko,2018,5,M.Tech,ME,MH_A,Delhi,North,Veg,,Flexible,,Full_Board,3500,2018-07-17,"May 27, 2020",False,0.535,4.32,North_Indian,0.233,,807.0
S1482,Anjali Sengupta,2018,5,B.Tech,CSE,MH_B,Karnataka,South,Non_Veg,Weekly_Once,,None,Full_Board,3500,"July 02, 2018",2022-05-16,False,0.799,4.35,No_Preference,0.449,,125.0
S1483,Rajeshri Chand,2018,5,M.Tech,ECE,MH_G,Odisha,East,Veg,,Indifferent,,Full_Board,3500,2018-07-18,2020-05-22,False,0.586,2.84,No_Preference,0.152,False,193.0
S1484,Shravya Palla,2018,5,B.Tech,ME,MH_G,Madhya Pradesh,Central,Non_Veg,Alternate_Days,,None,Lunch_Dinner,3500,"July 14, 2018",2022-05-17,False,0.695,3.6,North_Indian,0.482,False,1385.0
S1485,Oeshi Bera,2018,5,B.Tech,CH,MH_B,Karnataka,South,Veg,,Flexible,Lactose,Breakfast_Only,3500,17/07/2018,2022-05-27,False,0.72,2.85,North_Indian,0.778,False,239.0
S1486,Yadavi Prakash,2018,5,B.Tech,CH,MH_B,Uttarakhand,North,Veg,,Indifferent,,Lunch_Dinner,3500,2018-07-13,"May 20, 2022",False,0.761,3.95,South_Indian,0.623,False,201.0
S1487,Libni Bumb,2018,5,B.Tech,ECE,MH_A,Punjab,North,Non_Veg,Daily,,None,Full_Board,3500,2018-07-15,2017-09-01,False,0.551,2.96,South_Indian,0.568,False,1035.0
S1488,Udarsh Bala,2018,5,B.Tech,EE,MH_G,West Bengal,East,Veg,,Flexible,,Lunch_Dinner,3500,"July 18, 2018","May 15, 2022",False,0.586,4.32,South_Indian,0.09,True,200.0
S1489,,2018,5,B.Tech,ECE,MH_G,Gujarat,West,Veg,,Flexible,None,Breakfast_Only,3500,"July 03, 2018","May 26, 2022",False,0.693,2.23,No_Preference,0.225,False,139.0
S1490,Hardik Nayak,2018,5,M.Tech,ME,MH_A,Haryana,North,Veg,,Strict,Lactose,Full_Board,3500,2018-07-19,2020-05-23,False,1.2285219172577255,3.02,,0.341,False,66.0
S1491,Laksh Barad,2018,5,B.Tech,ME,MH_A,Gujarat,West,Veg,,Flexible,,Full_Board,3500,"July 13, 2018",2022-05-18,False,0.815,3.11,No_Preference,0.414,False,305.0
S1492,Urmi Dewan,2018,5,B.Tech,EE,MH_A,Maharashtra,West,Veg,,Indifferent,None,Lunch_Dinner,3500,"July 11, 2018",2022-05-16,False,0.616,2.22,South_Indian,0.409,True,111.0
S1493,Saumya Ahluwalia,2018,5,M.Tech,ECE,MH_G,Kerala,South,Eggetarian,Alternate_Days,,,Full_Board,3500,2018-07-01,29/05/2020,False,0.914,4.13,South_Indian,0.893,True,596.0
S1494,Anirudh Kunda,2018,5,B.Tech,CE,MH_G,Nagaland,Northeast,Non_Veg,Daily,,Nut,Lunch_Dinner,3500,2018-07-10,2022-05-23,False,0.783,3.89,South_Indian,0.56,True,229.0
S1495,Mason Wable,2018,5,B.Tech,CE,MH_B,Uttar Pradesh,North,Veg,,Flexible,None,Full_Board,3500,19/07/2018,16/05/2022,False,0.497,2.86,North_Indian,0.637,True,1116.0
S1496,Indrajit Mani,2018,5,B.Tech,BT,MH_A,Bihar,North,Veg,,Indifferent,None,Lunch_Dinner,3500,2018-07-03,20/05/2022,False,0.764,3.46,Continental,0.53,False,1488.0
S1497,Charvi Dara,2018,5,B.Tech,CH,MH_B,Tamil Nadu,South,Eggetarian,Daily,,,Full_Board,3500,2018-07-15,2022-05-22,False,0.731,3.62,,0.412,False,986.0
S1498,William Saini,2018,5,M.Tech,CE,MH_A,West Bengal,East,Non_Veg,Weekly_Once,,None,Full_Board,3500,"July 07, 2018",27/05/2020,False,0.761,3.48,North_Indian,0.461,False,881.0
S1499,Dev Choudhry,2018,5,B.Tech,CSE,MH_B,Uttar Pradesh,North,Non_Veg,Alternate_Days,,,Custom,3500,2018-07-06,2022-05-22,False,0.87,2.77,,0.05,,1207.0
S1500,Amol Varma,2018,5,B.Tech,EE,MH_A,Bihar,North,Veg,,Strict,None,Full_Board,3500,"July 02, 2018",2022-05-27,False,0.807,2.02,,0.05,False,253.0
S1501,Maanas Manne,2018,5,B.Tech,BT,MH_A,Bihar,North,Veg,,Strict,None,Lunch_Dinner,3500,2018-07-05,"May 18, 2022",False,0.793,2.75,North_Indian,0.376,False,557.0
S1502,Aarav Pandit,2018,5,B.Tech,CSE,MH_B,West Bengal,East,nonveg,Rarely,,None,Lunch_Dinner,3500,2018-07-07,2022-05-21,False,0.676,4.03,Continental,0.591,True,189.0
S1503,Omaja Grover,2018,5,PhD,CE,MH_B,Bihar,North,Non_Veg,Alternate_Days,,None,Lunch_Dinner,3500,2018-07-08,2023-05-16,False,0.84,3.2,,0.496,,797.0
S1504,Jalsa Bir,2018,5,B.Tech,CH,MH_B,Uttar Pradesh,North,Veg,,Strict,None,Custom,3500,"July 05, 2018",15/05/2022,False,1.2044370998799492,2.42,,0.225,False,188.0
S1505,Madhavi Singhal,2018,5,B.Tech,BT,MH_A,Rajasthan,North,Veg,,Strict,None,Breakfast_Only,3500,2018-07-14,2022-05-23,False,0.804,2.64,North_Indian,0.193,,501.0
S1506,Lila Prakash,2018,5,B.Tech,CSE,MH_A,Gujarat,West,Vegan,,,None,Lunch_Dinner,3500,12/07/2018,21/05/2022,False,0.525,3.73,North_Indian,0.546,False,221.0
S1507,Amol Parikh,2018,5,B.Tech,CSE,MH_A,Kerala,South,Vegan,,,None,Full_Board,3500,2018-07-15,"May 26, 2022",False,0.741,4.18,,0.605,False,1329.0
S1508,Hemani Khosla,2018,5,B.Tech,ME,MH_G,Telangana,South,Non_Veg,Alternate_Days,,None,Full_Board,3500,2018-07-02,2022-05-16,False,0.6,2.1,North_Indian,0.623,False,274.0
S1509,Gaurangi Deol,2018,5,B.Tech,ME,MH_A,Jammu & Kashmir,North,Pure Veg,,Strict,None,Lunch_Dinner,3500,2018-07-11,29/05/2022,False,0.816,3.91,North_Indian,0.113,False,444.0
S1510,Indira Nigam,2018,5,B.Tech,CE,MH_G,Bihar,North,Veg,,Indifferent,,Full_Board,3500,2018-07-04,2022-05-20,False,0.914,3.95,North_Indian,0.248,True,111.0
S1511,Ucchal Srinivas,2018,5,M.Tech,ME,MH_G,Nagaland,Northeast,Non_Veg,Daily,,None,Full_Board,3500,2018-07-03,2020-05-25,False,0.686,3.32,North_Indian,0.343,,1893.0
S1512,Krishna Bhatnagar,2018,5,B.Tech,CH,MH_A,Jammu & Kashmir,North,Non_Veg,Weekly_Once,,Lactose,Lunch_Dinner,3500,2018-07-04,2022-05-27,False,0.73,1.62,North_Indian,0.376,True,153.0
S1513,Balhaar Memon,2018,5,B.Tech,EE,MH_B,Punjab,North,Non_Veg,Daily,,,Lunch_Dinner,3500,2018-07-18,2022-05-17,False,0.926,2.25,North_Indian,0.389,,248.0
S1514,Caleb Iyengar,2018,5,B.Tech,CE,MH_G,Tamil Nadu,South,Veg,,Flexible,,Lunch_Dinner,3500,2018-07-01,2022-05-18,False,0.771,3.44,,0.529,False,223.0
S1515,Diya Mukherjee,2018,5,B.Tech,CH,MH_G,Rajasthan,North,Veg,,Indifferent,None,Lunch_Dinner,3500,"July 14, 2018",2022-05-27,False,0.654,1.0,,0.612,,464.0
S1516,Urvashi Kulkarni,2018,5,B.Tech,ECE,MH_B,Gujarat,West,Veg,,Flexible,None,Lunch_Dinner,3500,2018-07-01,2022-05-17,False,0.733,2.0,North_Indian,0.334,False,403.0
S1517,Rayaan Mangal,2018,5,B.Tech,ME,MH_G,Uttarakhand,North,Veg,,Flexible,Gluten,Full_Board,3500,2018-07-08,2022-05-29,False,0.497,3.96,South_Indian,0.686,False,1830.0
S1518,Champak Narula,2018,5,B.Tech,CE,MH_G,Karnataka,South,Veg,,Flexible,None,Full_Board,3500,2018-07-18,"May 24, 2022",False,0.695,4.27,South_Indian,0.589,,162.0
S1519,Jeet Pillai,2018,5,B.Tech,CSE,MH_A,Telangana,South,Non_Veg,Weekly_Once,,,Custom,3500,2018-07-19,2017-12-17,False,0.856,2.79,,0.421,False,178.0
S1520,Mugdha Sarraf,2018,5,M.Tech,EE,MH_B,Uttar Pradesh,North,Non_Veg,Alternate_Days,,None,Custom,3500,2018-07-17,16/05/2020,False,0.718,4.07,No_Preference,0.653,False,76.0
S1521,Harinakshi Grover,2018,5,B.Tech,CH,MH_G,Uttar Pradesh,North,Veg,,Indifferent,None,Full_Board,3500,2018-07-02,2022-05-26,False,0.598,4.04,North_Indian,0.468,True,1428.0
S1522,Widisha Pillai,2018,5,PhD,BT,MH_A,Delhi,Central,Non_Veg,Weekly_Once,,Nut,Full_Board,3500,01/07/2018,2023-05-18,False,0.593,3.15,South_Indian,0.806,False,70.0
S1523,Fitan Samra,2018,5,B.Tech,BT,MH_A,Punjab,North,Veg,,Flexible,None,Lunch_Dinner,3500,2018-07-11,"May 21, 2022",False,0.731,3.25,No_Preference,0.148,False,368.0
S1524,Qushi Gole,2018,5,B.Tech,CSE,MH_B,Rajasthan,North,Eggetarian,Rarely,,None,Full_Board,3500,"July 15, 2018",2022-05-16,False,1.249886895793441,3.47,,0.089,True,848.0
S1525,Ekani Chauhan,2018,5,B.Tech,CSE,MH_A,Sikkim,Northeast,Non_Veg,Weekly_Once,,,Full_Board,3500,2018-07-05,2022-05-16,False,0.763,2.54,North_Indian,0.651,True,1231.0
S1526,Falak Merchant,2018,5,B.Tech,BT,MH_A,Uttar Pradesh,North,Non_Veg,Weekly_Once,,,Lunch_Dinner,3500,"July 16, 2018",25/05/2022,False,0.657,2.79,South_Indian,0.652,,112.0
S1527,Sanaya Sandhu,2018,5,M.Tech,CSE,MH_B,West Bengal,East,Veg,,Strict,None,Breakfast_Only,3500,2018-07-03,"May 29, 2020",False,0.8,3.47,No_Preference,0.27,,214.0
S1528,Sachi Panchal,2018,5,B.Tech,CSE,MH_A,Bihar,North,Non_Veg,Weekly_Once,,None,Lunch_Dinner,3500,19/07/2018,2022-05-18,False,0.655,2.65,No_Preference,0.499,,103.0
S1529,Brijesh Pandit,2018,5,M.Tech,CH,MH_G,Tamil Nadu,South,Veg,,Flexible,None,Full_Board,3500,2018-07-19,2020-05-28,False,0.564,3.64,,0.33,False,858.0
S1530,Anvi Bhandari,2018,5,B.Tech,CE,MH_A,Bihar,North,Pure Veg,,Strict,None,Full_Board,3500,2018-07-11,19/05/2022,False,0.605,4.19,North_Indian,0.56,True,97.0
S1531,Nidra Patla,2018,5,M.Tech,ME,MH_B,Rajasthan,North,Veg,,Flexible,None,Lunch_Dinner,3500,2018-07-19,2020-05-25,False,0.67,3.97,North_Indian,0.219,True,234.0
S1532,Azaan Dhar,2018,5,B.Tech,CH,MH_A,Gujarat,West,Non_Veg,Alternate_Days,,Lactose,Full_Board,3500,"July 08, 2018",2022-05-29,False,0.68,1.76,North_Indian,0.52,,359.0
S1533,Bakhshi Date,2018,5,B.Tech,BT,MH_B,Bihar,North,Veg,,Indifferent,Others,Full_Board,3500,"July 04, 2018",28/05/2022,False,0.654,3.58,North_Indian,0.581,False,84.0
S1534,Warinder Peri,2018,5,B.Tech,BT,MH_G,West Bengal,East,Veg,,Flexible,None,Full_Board,3500,2018-07-02,2022-05-17,False,0.771,3.99,North_Indian,0.716,,439.0
S1535,Leela Bali,2018,5,B.Tech,CSE,MH_B,Maharashtra,West,Veg,,Strict,,Full_Board,3500,2018-07-17,2022-05-22,False,0.677,2.99,North_Indian,0.523,,536.0
S1536,Shivani Prabhakar,2018,5,PhD,ME,MH_B,Karnataka,South,Non_Veg,Alternate_Days,,,Lunch_Dinner,3500,2018-07-17,23/05/2023,False,0.604,2.29,North_Indian,0.777,False,2465.0
S1537,Sachi Bose,2018,5,B.Tech,CSE,MH_B,Rajasthan,North,Veg,,Flexible,,Full_Board,3500,2018-07-03,26/05/2022,False,0.716,3.44,No_Preference,0.343,True,995.0
S1538,Jeevika Rao,2018,5,B.Tech,EE,MH_B,Goa,West,Non_Veg,Rarely,,None,Lunch_Dinner,3500,18/07/2018,2018-05-28,False,0.526,2.5,,0.177,False,285.0
S1539,Arya Krish,2018,5,B.Tech,CSE,MH_B,Madhya Pradesh,Central,Veg,,Indifferent,Lactose,Full_Board,3500,2018-07-10,"May 27, 2022",False,0.87,3.34,North_Indian,0.05,,586.0
S1540,Atharv Grewal,2018,5,B.Tech,CSE,MH_A,Rajasthan,North,Veg,,Flexible,,Full_Board,3500,2018-07-02,"May 25, 2022",False,0.732,3.13,,0.257,False,1083.0
S1541,Zarna Ram,2018,5,B.Tech,ME,MH_A,Uttar Pradesh,North,Veg,,Flexible,Lactose,Custom,3500,05/07/2018,2022-05-29,False,0.674,3.36,,0.369,False,663.0
S1542,Adweta Lad,2018,5,B.Tech,ECE,MH_B,Gujarat,West,Jain,,,None,Lunch_Dinner,3500,2018-07-11,2022-05-21,False,0.855,2.62,North_Indian,0.484,True,276.0
S1543,Tanish Mangal,2018,5,M.Tech,CSE,MH_A,Kerala,South,Veg,,Strict,None,Custom,3500,2018-07-07,2020-05-24,False,0.717,2.2,South_Indian,0.196,False,2661.0
S1544,Ryan Das,2018,5,B.Tech,CE,MH_G,Bihar,North,Eggetarian,Daily,,None,Lunch_Dinner,3500,"July 08, 2018",29/05/2022,False,0.478,3.17,,0.05,False,1853.0
S1545,Ethan Seth,2018,5,B.Tech,EE,MH_A,Bihar,North,Veg,,Strict,None,Full_Board,3500,10/07/2018,2018-01-24,False,0.618,4.3,South_Indian,0.26,False,117.0
S1546,Sai Chahal,2018,5,B.Tech,ECE,MH_A,Maharashtra,West,Vegan,,,,Full_Board,3500,2018-07-16,2022-05-29,False,0.573,2.95,North_Indian,0.217,False,356.0
S1547,Idika Bhattacharyya,2018,5,B.Tech,CSE,MH_A,West Bengal,East,Non_Veg,Alternate_Days,,Gluten,Full_Board,3500,2018-07-09,20/05/2022,False,0.679,4.25,South_Indian,0.116,False,264.0
S1548,Charita Dugar,2018,5,PhD,EE,MH_B,Gujarat,West,Veg,,Flexible,,Breakfast_Only,3500,2018-07-10,2023-05-24,False,0.662,2.46,North_Indian,0.121,False,750.0
S1549,Janaki Trivedi,2018,5,M.Tech,ECE,MH_B,Kerala,South,Non_Veg,Daily,,None,Full_Board,3500,2018-07-10,2020-05-25,False,0.795,2.64,North_Indian,0.424,False,1886.0
S1550,Jairaj Iyer,2018,5,PhD,ECE,MH_A,Rajasthan,North,Veg,,Flexible,None,Lunch_Dinner,3500,2018-07-01,18/05/2023,False,0.767,1.67,South_Indian,0.193,,542.0
S1551,Warjas Tak,2018,5,PhD,ME,MH_B,Assam,East,Non_Veg,Weekly_Once,,,Full_Board,3500,2018-07-13,2023-05-18,False,0.621,3.29,South_Indian,0.351,False,234.0
S1552,Jalsa Pillay,2018,5,B.Tech,ECE,MH_B,Kerala,South,Non_Veg,Alternate_Days,,None,Full_Board,3500,"July 02, 2018","May 20, 2022",False,0.765,1.93,North_Indian,0.648,False,309.0
S1553,Kai Chadha,2018,5,B.Tech,ME,MH_A,Goa,West,Non_Veg,Alternate_Days,,None,Breakfast_Only,3500,2018-07-01,"May 16, 2022",False,0.76,3.66,North_Indian,0.384,False,249.0
S1554,Dayamai Rao,2018,5,PhD,ME,MH_G,Chhattisgarh,Central,Veg,,Flexible,,Full_Board,3500,2018-07-04,16/05/2023,False,0.976,2.51,No_Preference,0.187,,647.0
S1555,Nirja Rout,2018,5,B.Tech,CSE,MH_A,Telangana,South,Veg,,Strict,None,Lunch_Dinner,3500,2018-07-01,2022-05-21,False,0.964,4.95,South_Indian,0.439,True,998.0
S1556,Jeremiah Nadig,2018,5,B.Tech,BT,MH_G,Meghalaya,Northeast,Veg,,Strict,,Custom,3500,16/07/2018,"May 18, 2022",False,0.752,1.65,North_Indian,0.157,False,92.0
S1557,Shivani Shukla,2018,5,B.Tech,CSE,MH_B,West Bengal,East,Non_Veg,Alternate_Days,,None,Lunch_Dinner,3500,07/07/2018,2022-05-22,False,0.72,1.83,No_Preference,0.38,True,655.0
S1558,Kabir Gopal,2018,5,B.Tech,CE,MH_A,Rajasthan,North,Non_Veg,Alternate_Days,,None,Full_Board,3500,"July 19, 2018",16/05/2022,False,0.519,2.04,,0.317,False,303.0
S1559,Rachita Thakkar,2018,5,B.Tech,CH,MH_B,Himachal Pradesh,North,Veg,,Indifferent,,Full_Board,3500,"July 10, 2018",19/05/2022,False,0.946,2.55,,0.257,False,57.0
S1560,Jeet Vasa,2018,5,B.Tech,CE,MH_G,Maharashtra,West,Vegan,,,None,Lunch_Dinner,3500,2018-07-10,2022-05-28,False,0.85,2.53,,0.101,False,152.0
S1561,Daksha Gala,2018,5,B.Tech,Other,MH_B,Bihar,North,Eggetarian,Daily,,,Lunch_Dinner,3500,"July 07, 2018",2022-05-17,False,0.849,2.57,,0.567,,146.0
S1562,Ekantika Kar,2018,5,M.Tech,CSE,MH_B,Odisha,East,Non_Veg,Alternate_Days,,,Lunch_Dinner,3500,2018-07-04,2020-05-24,False,0.449,3.74,North_Indian,0.26,,1027.0
S1563,Zilmil Mander,2018,5,B.Tech,EE,MH_A,Mizoram,Northeast,Non_Veg,Alternate_Days,,,Full_Board,3500,2018-07-13,2022-05-21,False,0.748,2.26,South_Indian,0.619,False,1425.0
S1564,,2018,5,M.Tech,CSE,MH_G,Punjab,North,Veg,,Strict,None,Full_Board,3500,2018-07-02,2020-05-22,False,0.754,2.32,,0.397,True,772.0
S1565,Zashil Hegde,2018,5,B.Tech,ECE,MH_A,Madhya Pradesh,Central,Veg,,Indifferent,,Full_Board,3500,"July 19, 2018","May 25, 2022",False,0.805,2.75,South_Indian,0.382,False,2762.0
S1566,Jeremiah Mitter,2018,5,B.Tech,ECE,MH_B,Gujarat,West,Veg,,Indifferent,None,Lunch_Dinner,3500,2018-07-13,2022-05-15,False,0.734,2.11,,0.286,False,433.0
S1567,Yadavi Ganguly,2018,5,B.Tech,EE,MH_A,Maharashtra,West,Eggetarian,Alternate_Days,,None,Full_Board,3500,01/07/2018,2022-05-25,False,0.627,3.04,South_Indian,0.251,False,446.0
S1568,Onveer Nazareth,2018,5,M.Tech,ME,MH_A,Gujarat,West,Veg,,Flexible,None,Breakfast_Only,3500,2018-07-01,"October 16, 2017",False,0.909,3.73,,0.386,False,97.0
S1569,Ayush Bumb,2018,5,B.Tech,CE,MH_B,Karnataka,South,NV,Weekly_Once,,Others,Lunch_Dinner,3500,2018-07-15,18/05/2022,False,0.683,3.53,North_Indian,0.287,False,394.0
S1570,Alka Kade,2018,5,M.Tech,BT,MH_B,Uttar Pradesh,North,pure-veg,,Strict,,Breakfast_Only,3500,02/07/2018,29/05/2020,False,0.787,3.11,South_Indian,0.353,False,188.0
S1571,Azaan Tank,2018,5,B.Tech,ECE,MH_B,Bihar,North,Veg,,Indifferent,Nut,Breakfast_Only,3500,"July 12, 2018",2022-05-20,False,0.594,3.69,North_Indian,0.623,True,1203.0
S1572,Chasmum Subramanian,2018,5,B.Tech,CSE,MH_B,Madhya Pradesh,Central,Vegetarian,,Flexible,None,Full_Board,3500,2018-07-16,27/05/2022,False,0.495,3.94,North_Indian,0.358,False,175.0
S1573,Nidra Mishra,2018,5,B.Tech,CSE,MH_B,Himachal Pradesh,North,Veg,,Indifferent,None,Full_Board,3500,2018-07-12,"May 16, 2022",False,0.546,3.63,,0.487,True,433.0
S1574,Elijah Bhasin,2018,5,B.Tech,CSE,MH_B,Uttar Pradesh,North,Non_Veg,Weekly_Once,,None,Full_Board,3500,2018-07-16,2022-05-20,False,0.675,4.19,,0.286,False,911.0
S1575,Ria Sagar,2018,5,B.Tech,CE,MH_G,Telangana,West,Veg,,Strict,None,Custom,3500,10/07/2018,"May 19, 2022",False,0.767,4.58,No_Preference,0.154,True,768.0
S1576,Ucchal Jani,2018,5,PhD,CSE,MH_B,Maharashtra,West,Non_Veg,Rarely,,,Full_Board,3500,2018-07-05,17/05/2023,False,0.526,4.11,South_Indian,0.172,False,82.0
S1577,Maanas Munshi,2018,5,B.Tech,EE,MH_G,Rajasthan,North,Veg,,Strict,,Full_Board,3500,2018-07-07,2022-05-29,False,0.978,2.78,South_Indian,0.132,False,2362.0
S1578,Hemani Rastogi,2018,5,M.Tech,CE,MH_A,Uttar Pradesh,North,Non_Veg,Weekly_Once,,None,Full_Board,3500,2018-07-05,2020-05-24,False,0.791,2.63,South_Indian,0.228,,2405.0
S1579,Kamala Varma,2018,5,B.Tech,CH,MH_B,Tamil Nadu,South,Veg,,Flexible,None,Full_Board,3500,11/07/2018,2022-05-21,False,0.738,2.36,South_Indian,0.709,False,87.0
S1580,Eiravati Khurana,2018,5,M.Tech,CH,MH_A,Madhya Pradesh,Central,veg,,Indifferent,None,Full_Board,3500,"July 06, 2018",2020-05-21,False,0.658,2.72,North_Indian,0.174,False,126.0
S1581,Jason Loke,2018,5,M.Tech,CSE,MH_B,Rajasthan,North,Veg,,Flexible,None,Full_Board,3500,2018-07-17,16/05/2020,False,0.709,3.36,North_Indian,0.51,False,419.0
S1582,Yug Dhaliwal,2018,5,B.Tech,Other,MH_A,Gujarat,West,Veg,,Strict,,Custom,3500,2018-07-07,21/05/2022,False,0.712,4.59,No_Preference,0.107,,478.0
S1583,,2018,5,B.Tech,EE,MH_B,Kerala,South,Non_Veg,Rarely,,,Lunch_Dinner,3500,2018-07-12,2022-05-25,False,0.943,3.62,North_Indian,0.482,False,133.0
S1584,Chandresh Mannan,2018,5,B.Tech,ME,MH_B,West Bengal,East,Non_Veg,Alternate_Days,,Lactose,Full_Board,3500,17/07/2018,2022-05-17,False,0.735,3.77,South_Indian,0.353,True,281.0
S1585,Omya Kothari,2018,5,B.Tech,EE,MH_A,Rajasthan,North,Veg,,Flexible,,Lunch_Dinner,3500,2018-07-14,"May 23, 2022",False,0.682,2.32,North_Indian,0.607,True,540.0
S1586,Falak Munshi,2018,5,M.Tech,ECE,MH_B,West Bengal,East,Eggetarian,Alternate_Days,,None,Full_Board,3500,2018-07-07,"May 16, 2020",False,0.635,2.59,No_Preference,0.42,False,2170.0
S1587,Nathaniel Tara,2018,5,B.Tech,CE,MH_B,West Bengal,East,Veg,,Strict,None,Full_Board,3500,2018-07-18,2022-05-28,False,0.69,2.79,Continental,0.305,,730.0
S1588,Wishi Morar,2018,5,B.Tech,ECE,MH_A,Madhya Pradesh,Central,Veg,,Flexible,,Full_Board,3500,"July 03, 2018",2022-05-22,False,0.755,3.15,North_Indian,0.399,False,236.0
S1589,Arin Chana,2018,5,B.Tech,ECE,MH_B,Uttar Pradesh,North,Non_Veg,Weekly_Once,,None,Full_Board,3500,2018-07-17,18/05/2022,False,0.992,2.0,No_Preference,0.493,False,59.0
S1590,Yashasvi Shankar,2018,5,B.Tech,ECE,MH_B,Bihar,North,Veg,,Strict,None,Full_Board,3500,12/07/2018,17/05/2022,False,0.617,3.46,North_Indian,0.241,False,430.0
S1591,Tanveer Pandit,2018,5,M.Tech,CH,MH_G,Bihar,North,Veg,,Strict,Nut,Full_Board,3500,2018-07-07,2020-05-23,False,0.699,3.75,South_Indian,0.477,False,236.0
S1592,Chandresh Manda,2018,5,B.Tech,Other,MH_A,Bihar,North,Non_Veg,Alternate_Days,,Nut,Custom,3500,"July 18, 2018",17/05/2022,False,0.606,2.61,North_Indian,0.544,True,546.0
S1593,Upma Mangal,2018,5,B.Tech,CH,MH_A,Telangana,South,Veg,,Flexible,None,Full_Board,3500,2018-07-02,2022-05-17,False,0.674,3.25,South_Indian,0.297,False,678.0
S1594,Hritik Sankar,2018,5,B.Tech,CE,MH_B,Rajasthan,North,Veg,,Flexible,,Full_Board,3500,2018-07-09,2022-05-27,False,0.769,2.04,South_Indian,0.214,False,331.0
S1595,Aishani Pau,2018,5,M.Tech,EE,MH_B,Uttar Pradesh,North,Veg,,Strict,,Breakfast_Only,3500,"July 10, 2018",15/05/2020,False,0.713,2.97,South_Indian,0.25,False,117.0
S1596,Jasmit Bath,2018,5,B.Tech,ECE,MH_B,Delhi,North,Veg,,Flexible,None,Lunch_Dinner,3500,2018-07-17,2022-05-27,False,0.718,4.03,South_Indian,0.312,False,668.0
S1597,Charan Hayer,2018,5,M.Tech,CSE,MH_A,West Bengal,East,Non_Veg,Alternate_Days,,None,Full_Board,3500,"July 08, 2018",2020-05-25,False,0.625,3.28,North_Indian,0.108,False,267.0
S1598,Bhavya Borah,2018,5,B.Tech,CSE,MH_B,Kerala,South,Veg,,Flexible,,Full_Board,3500,2018-07-05,2022-05-29,False,1.2309284676441878,1.55,South_Indian,0.27,False,208.0
S1599,Yamini Seshadri,2018,5,PhD,BT,MH_A,Haryana,North,Non_Veg,Daily,,None,Full_Board,3500,"July 17, 2018",2023-05-21,False,0.826,3.33,,0.567,False,1314.0
S1600,Jagat Dave,2018,5,B.Tech,BT,MH_B,Bihar,North,Veg,,Strict,,Full_Board,3500,05/07/2018,2022-05-24,False,0.831,3.4,South_Indian,0.207,False,569.0
S1601,Meera Prakash,2019,5,B.Tech,Other,MH_B,Chhattisgarh,Central,Veg,,Flexible,None,Lunch_Dinner,3500,2019-07-08,2023-05-16,False,0.514,3.15,,0.1,,456.0
S1602,Jasmit Dhawan,2019,5,B.Tech,ECE,MH_A,Jharkhand,East,Veg,,Flexible,,Full_Board,3500,2019-07-02,17/05/2023,False,1.1938509707778455,3.1,North_Indian,0.195,False,1030.0
S1603,Yashodhara Ratti,2019,5,B.Tech,CSE,MH_G,Karnataka,South,Non_Veg,Weekly_Once,,None,Full_Board,3500,2019-07-01,16/05/2023,False,0.414,3.03,North_Indian,0.581,True,191.0
S1604,Chakradev Barad,2019,5,M.Tech,ME,MH_A,Karnataka,South,Non_Veg,Weekly_Once,,None,Full_Board,3500,2019-07-06,2021-05-24,False,0.636,2.54,,0.133,False,855.0
S1605,Gauri Som,2019,5,PhD,CH,MH_B,Uttar Pradesh,North,Veg,,Flexible,None,Breakfast_Only,3500,2019-07-17,17/05/2024,False,0.652,3.07,No_Preference,0.484,,1830.0
S1606,Manthan Varma,2019,5,B.Tech,EE,MH_A,Kerala,South,Non_Veg,Rarely,,None,Full_Board,3500,11/07/2019,"May 15, 2023",False,0.945,2.77,,0.26,,774.0
S1607,Falak Nagar,2019,5,M.Tech,CE,MH_G,Rajasthan,North,Veg,,Flexible,,Full_Board,3500,2019-07-19,2021-05-25,False,0.71,2.1,North_Indian,0.783,,2510.0
S1608,Maya Mistry,2019,5,B.Tech,ME,MH_B,Telangana,South,Non_Veg,Weekly_Once,,None,Lunch_Dinner,3500,15/07/2019,29/05/2023,False,0.787,2.22,,0.243,False,192.0
S1609,Yashica Upadhyay,2019,5,B.Tech,CE,MH_A,Delhi,North,Non_Veg,Rarely,,None,Lunch_Dinner,3500,04/07/2019,2023-05-21,False,0.674,5.0,No_Preference,0.565,,1358.0
S1610,Chandani Soman,2019,5,B.Tech,CSE,MH_A,West Bengal,East,Non_Veg,Weekly_Once,,None,Full_Board,3500,2019-07-01,27/05/2023,False,0.605,3.13,North_Indian,0.214,,331.0
S1611,Jyoti Narula,2019,5,M.Tech,CSE,MH_B,Tamil Nadu,South,NV,Daily,,None,Breakfast_Only,3500,2019-07-13,2021-05-21,False,0.567,3.51,No_Preference,0.059,False,767.0
S1612,Omaja Morar,2019,5,M.Tech,CSE,MH_G,Punjab,North,Veg,,Flexible,None,Custom,3500,"July 06, 2019","May 16, 2021",False,0.902,3.81,Continental,0.487,False,1193.0
S1613,Urvi Lanka,2019,5,PhD,CH,MH_B,Bihar,North,Veg,,Strict,Others,Full_Board,3500,04/07/2019,2018-11-20,False,0.65,3.55,,0.707,,527.0
S1614,Charan Srinivasan,2019,5,B.Tech,Other,MH_G,Sikkim,Northeast,Non_Veg,Daily,,None,Lunch_Dinner,3500,19/07/2019,"May 27, 2023",False,0.735,3.57,North_Indian,0.428,False,128.0
S1615,Lajita Divan,2019,5,B.Tech,CE,MH_G,Bihar,North,Vegan,,,None,Full_Board,3500,2019-07-04,2023-05-21,False,0.931,3.39,South_Indian,0.749,False,553.0
S1616,Azad Choudhary,2019,5,M.Tech,ECE,MH_B,Gujarat,West,Veg,,Strict,None,Full_Board,3500,17/07/2019,2021-05-19,False,0.74,4.0,South_Indian,0.323,False,562.0
S1617,Anirudh Sastry,2019,5,B.Tech,ME,MH_B,Tamil Nadu,South,Non_Veg,Rarely,,None,Breakfast_Only,3500,2019-07-05,"May 17, 2023",False,0.776,3.71,North_Indian,0.228,False,283.0
S1618,Omya Doshi,2019,5,B.Tech,ME,MH_A,Madhya Pradesh,Central,Veg,,Indifferent,Gluten,Breakfast_Only,3500,2019-07-11,2023-05-16,False,0.914,3.53,North_Indian,0.339,True,1585.0
S1619,Samar Roy,2019,5,M.Tech,BT,MH_G,Bihar,North,Veg,,Strict,,Full_Board,3500,2019-07-16,2021-05-18,False,0.707,2.9,South_Indian,0.436,True,237.0
S1620,David Devi,2019,5,B.Tech,CSE,MH_A,Tamil Nadu,South,Non_Veg,Daily,,None,Full_Board,3500,2019-07-05,2023-05-17,False,0.6,4.56,,0.453,False,436.0
S1621,Ekta Sridhar,2019,5,B.Tech,CSE,MH_A,West Bengal,East,Non_Veg,Rarely,,None,Lunch_Dinner,3500,04/07/2019,20/05/2023,False,0.954,4.3,North_Indian,0.05,False,2424.0
S1622,Dipta Ghose,2019,5,B.Tech,Other,MH_B,Madhya Pradesh,Central,Veg,,Strict,None,Full_Board,3500,2019-07-01,18/05/2023,False,0.569,2.26,,0.373,False,1474.0
S1623,Hema Pandya,2019,5,PhD,Other,MH_B,Uttar Pradesh,North,Vegan,,,,Breakfast_Only,3500,2019-07-05,26/05/2024,False,0.842,2.89,North_Indian,0.27,False,580.0
S1624,Veda Handa,2019,5,M.Tech,CSE,MH_B,Bihar,North,Veg,,Strict,,Breakfast_Only,3500,2019-07-06,2021-05-28,False,0.57,4.68,South_Indian,0.088,,1498.0
S1625,Arya Misra,2019,5,M.Tech,CE,MH_A,Bihar,North,Non_Veg,Alternate_Days,,None,Full_Board,3500,01/07/2019,2021-05-15,False,0.741,2.93,No_Preference,0.379,,210.0
S1626,Chameli Mani,2019,5,M.Tech,EE,MH_G,Kerala,South,Non_Veg,Daily,,,Lunch_Dinner,3500,2019-07-02,2021-05-20,False,0.432,2.68,North_Indian,0.556,,1305.0
S1627,Vrinda Nadig,2019,5,B.Tech,CSE,MH_G,Madhya Pradesh,Central,Veg,,Strict,,Lunch_Dinner,3500,2019-07-09,2023-05-22,False,0.664,3.02,North_Indian,0.548,,323.0
S1628,,2019,5,M.Tech,ME,MH_A,Andhra Pradesh,South,Veg,,Strict,None,Full_Board,3500,15/07/2019,"May 27, 2021",False,0.746,2.28,North_Indian,0.639,False,269.0
S1629,Ikshita Mahal,2019,5,M.Tech,ECE,MH_A,Tamil Nadu,South,Non_Veg,Weekly_Once,,,Full_Board,3500,2019-07-05,2021-05-16,False,0.72,3.76,North_Indian,0.326,False,1168.0
S1630,Jairaj Raghavan,2019,5,B.Tech,ECE,MH_G,Uttar Pradesh,North,Veg,,Flexible,None,Full_Board,3500,"July 03, 2019",2023-05-18,False,0.521,2.78,North_Indian,0.509,True,85.0
S1631,Hemani Dhingra,2019,5,PhD,Other,MH_B,Rajasthan,North,Veg,,Flexible,None,Full_Board,3500,13/07/2019,2024-05-20,False,0.736,3.13,,0.791,True,160.0
S1632,Brijesh Mani,2019,5,B.Tech,ECE,MH_A,Tripura,Northeast,Eggetarian,Alternate_Days,,None,Full_Board,3500,2019-07-09,"October 08, 2018",False,0.699,5.0,No_Preference,0.113,False,96.0
S1633,Hiral Sathe,2019,5,B.Tech,CE,MH_B,West Bengal,East,nonveg,Alternate_Days,,None,Lunch_Dinner,3500,"July 15, 2019","May 21, 2023",False,0.594,2.3,South_Indian,0.57,True,1359.0
S1634,Varenya Kala,2019,5,B.Tech,CSE,MH_B,Karnataka,South,Veg,,Indifferent,Others,Full_Board,3500,08/07/2019,2023-05-18,False,0.548,3.39,North_Indian,0.521,,916.0
S1635,Anika Magar,2019,5,B.Tech,ECE,MH_B,Odisha,East,Eggetarian,Alternate_Days,,None,Lunch_Dinner,3500,"July 01, 2019",22/05/2023,False,0.692,1.76,South_Indian,0.205,True,417.0
S1636,Ikbal Khatri,2019,5,PhD,CSE,MH_G,Bihar,North,Veg,,Flexible,None,Full_Board,3500,"July 03, 2019",29/05/2024,False,0.887,2.7,North_Indian,0.48,,677.0
S1637,Chandresh Wali,2019,5,B.Tech,EE,MH_A,Andhra Pradesh,South,Vegan,,,,Custom,3500,11/07/2019,"May 16, 2023",False,0.687,2.06,No_Preference,0.354,False,1474.0
S1638,Viraj Ben,2019,5,B.Tech,BT,MH_B,Telangana,South,Veg,,Strict,None,Custom,3500,"July 03, 2019",24/05/2023,False,0.828,2.5,North_Indian,0.112,False,465.0
S1639,Odika Narayanan,2019,5,B.Tech,ME,MH_A,West Bengal,East,Non_Veg,Daily,,None,Full_Board,3500,2019-07-16,2023-05-16,False,0.522,1.0,,0.491,False,1230.0
S1640,Harish Devan,2019,5,B.Tech,CE,MH_A,Uttar Pradesh,North,Veg,,Flexible,None,Full_Board,3500,15/07/2019,29/05/2023,False,0.794,3.22,South_Indian,0.346,False,339.0
S1641,Nakul Ray,2019,5,B.Tech,ME,MH_A,West Bengal,East,Non_Veg,Daily,,None,Full_Board,3500,2019-07-08,2023-05-27,False,0.739,3.06,Continental,0.302,False,53.0
S1642,Vansha Iyengar,2019,5,M.Tech,CSE,MH_G,West Bengal,East,Non_Veg,Alternate_Days,,Nut,Full_Board,3500,"July 17, 2019","May 17, 2021",False,0.57,3.34,Continental,0.56,False,259.0
S1643,Ekani Mangal,2019,5,B.Tech,ECE,MH_G,West Bengal,East,Veg,,Indifferent,,Full_Board,3500,2019-07-16,2023-05-17,False,1.2653218205369303,3.25,South_Indian,0.833,False,3000.0
S1644,Gaurav Kata,2019,5,B.Tech,EE,MH_A,Telangana,South,Veg,,Flexible,None,Lunch_Dinner,3500,02/07/2019,"May 22, 2023",False,0.9,3.48,No_Preference,0.325,True,711.0
S1645,Parth Sahni,2019,5,B.Tech,CH,MH_B,Tamil Nadu,South,Veg,,Flexible,,Full_Board,3500,2019-07-08,2023-05-28,False,0.797,2.2,North_Indian,0.596,False,653.0
S1646,Balhaar Ranganathan,2019,5,M.Tech,ME,MH_B,Gujarat,West,Eggetarian,Alternate_Days,,,Full_Board,3500,2019-07-09,2021-05-19,False,0.571,3.5,,0.502,False,537.0
S1647,Quincy Mann,2019,5,B.Tech,ECE,MH_B,Jharkhand,East,Veg,,Flexible,None,Lunch_Dinner,3500,2019-07-03,2023-05-16,False,0.617,3.61,,0.341,True,266.0
S1648,Aditya Misra,2019,5,B.Tech,CSE,MH_B,Haryana,North,Non_Veg,Weekly_Once,,None,Full_Board,3500,2019-07-04,23/05/2023,False,0.694,3.85,North_Indian,0.076,True,1559.0
S1649,Gautami Mane,2019,5,M.Tech,CE,MH_B,Madhya Pradesh,Central,Vegan,,,,Custom,3500,06/07/2019,2021-05-29,False,0.587,1.26,North_Indian,0.081,False,814.0
S1650,Wakeeta Desai,2019,5,B.Tech,BT,MH_G,Telangana,South,Veg,,Flexible,None,Breakfast_Only,3500,"July 15, 2019",2023-05-27,False,0.627,1.42,North_Indian,0.112,,559.0
S1651,Anjali Hans,2019,5,B.Tech,CH,MH_B,Rajasthan,North,Veg,,Flexible,,Custom,3500,"July 10, 2019",2023-05-22,False,0.822,4.04,South_Indian,0.652,,116.0
S1652,Ganga Gaba,2019,5,B.Tech,CSE,MH_A,Kerala,South,Non_Veg,Alternate_Days,,None,Lunch_Dinner,3500,2019-07-17,28/05/2023,False,0.679,3.85,North_Indian,0.295,,202.0
S1653,Aarini Grewal,2019,5,B.Tech,BT,MH_A,Uttar Pradesh,North,Veg,,Flexible,None,Breakfast_Only,3500,"July 08, 2019","May 26, 2023",False,0.736,3.8,North_Indian,0.465,,55.0
S1654,Geetika Merchant,2019,5,B.Tech,BT,MH_B,Telangana,South,Veg,,Strict,None,Full_Board,3500,2019-07-12,29/05/2023,False,0.725,2.4,South_Indian,0.138,True,324.0
S1655,Parth Ravi,2019,5,PhD,ME,MH_G,Assam,Northeast,Veg,,Flexible,,Lunch_Dinner,3500,2019-07-08,2024-05-24,False,0.49,2.88,North_Indian,0.291,,146.0
S1656,Yutika Narang,2019,5,B.Tech,Other,MH_B,Andhra Pradesh,South,Veg,,Flexible,,Lunch_Dinner,3500,01/07/2019,20/05/2023,False,0.605,3.53,North_Indian,0.219,True,481.0
S1657,Nandini Chandran,2019,5,M.Tech,ECE,MH_B,Gujarat,West,Eggetarian,Daily,,,Custom,3500,"July 08, 2019",2021-05-27,False,0.899,2.96,,0.591,False,1105.0
S1658,Logan Sood,2019,5,B.Tech,ECE,MH_G,Uttar Pradesh,North,Veg,,Strict,,Full_Board,3500,2019-07-19,2023-05-22,False,0.615,4.55,North_Indian,0.452,,575.0
S1659,Yuvraj Ahuja,2019,5,B.Tech,ME,MH_B,Nagaland,Northeast,Non_Veg,Alternate_Days,,None,Full_Board,3500,2019-07-05,2023-05-23,False,0.552,2.92,South_Indian,0.328,False,1506.0
S1660,Leela Keer,2019,5,B.Tech,CE,MH_A,Bihar,North,Non_Veg,Rarely,,,Full_Board,3500,2019-07-08,2023-05-18,False,0.673,3.72,South_Indian,0.071,False,245.0
S1661,Amara Narayan,2019,5,B.Tech,CE,MH_B,Madhya Pradesh,Central,Non_Veg,Alternate_Days,,None,Full_Board,3500,"July 06, 2019",17/05/2023,False,0.875,3.19,South_Indian,0.363,True,1481.0
S1662,Advay Lal,2019,5,B.Tech,CSE,MH_A,Assam,Northeast,Non_Veg,Daily,,None,Custom,3500,2019-07-06,2023-05-16,False,0.638,2.65,No_Preference,0.526,False,426.0
S1663,Warinder Bhatia,2019,5,B.Tech,ECE,MH_A,Manipur,Northeast,Non_Veg,Daily,,None,Full_Board,3500,"July 11, 2019","May 21, 2023",False,0.723,4.11,North_Indian,0.535,False,1384.0
S1664,Udyati Mohanty,2019,5,PhD,ECE,MH_B,Bihar,North,Veg,,Flexible,None,Full_Board,3500,2019-07-11,27/05/2024,False,0.649,2.65,South_Indian,0.302,True,622.0
S1665,Nidra Thakkar,2019,5,B.Tech,CSE,MH_B,Haryana,North,Veg,,Indifferent,,Custom,3500,"July 02, 2019",2023-05-20,False,0.784,2.05,,0.518,False,443.0
S1666,Jacob Merchant,2019,5,B.Tech,ECE,MH_G,Maharashtra,West,Veg,,Indifferent,,Full_Board,3500,05/07/2019,21/05/2023,False,0.71,2.11,North_Indian,0.337,True,1127.0
S1667,Timothy Kanda,2019,5,B.Tech,BT,MH_B,Bihar,North,Veg,,Strict,None,Lunch_Dinner,3500,2019-07-11,2023-05-23,False,0.538,3.02,North_Indian,0.26,True,1096.0
S1668,Vanya Dua,2019,5,B.Tech,BT,MH_B,West Bengal,East,Non-Veg,Alternate_Days,,,Breakfast_Only,3500,2019-07-18,"May 25, 2023",False,0.7,3.37,South_Indian,0.762,False,1261.0
S1669,Kashvi Sagar,2019,5,B.Tech,ECE,MH_A,Uttar Pradesh,North,Veg,,Strict,None,Custom,3500,2019-07-18,2023-05-27,False,0.5,2.8,South_Indian,0.574,True,426.0
S1670,Tejas Kota,2019,5,B.Tech,BT,MH_B,Jharkhand,East,Veg,,Indifferent,,Lunch_Dinner,3500,2019-07-04,2023-05-26,False,0.682,4.48,North_Indian,0.641,False,150.0
S1671,Sanya Wable,2019,5,PhD,CH,MH_A,Karnataka,South,Veg,,Flexible,,Custom,3500,2019-07-13,2024-05-20,False,0.693,4.64,South_Indian,0.365,False,108.0
S1672,Faras Choudhury,2019,5,B.Tech,ME,MH_A,Gujarat,West,Veg,,Indifferent,None,Lunch_Dinner,3500,2019-07-13,2023-05-20,False,0.475,2.4,No_Preference,0.26,,834.0
S1673,Yashasvi Jain,2019,5,B.Tech,ECE,MH_G,Gujarat,West,Vegan,,,Others,Full_Board,3500,2019-07-13,2023-05-25,False,0.599,2.61,,0.589,True,87.0
S1674,Nitesh Narang,2019,5,B.Tech,ME,MH_A,Tamil Nadu,South,Veg,,Strict,,Full_Board,3500,2019-07-17,2023-05-29,False,0.75,2.8,North_Indian,0.414,False,706.0
S1675,Jackson Jha,2019,5,B.Tech,ME,MH_G,Karnataka,South,Non_Veg,Alternate_Days,,,Full_Board,3500,"July 13, 2019",2023-05-20,False,0.641,1.75,South_Indian,0.237,False,452.0
S1676,Gavin Uppal,2019,5,PhD,CH,MH_B,Odisha,South,Non_Veg,Alternate_Days,,,Lunch_Dinner,3502,2019-07-03,21/05/2024,False,0.993,3.74,North_Indian,0.568,True,463.0
S1677,Christopher Setty,2019,5,PhD,EE,MH_G,Madhya Pradesh,Central,Pure Veg,,Indifferent,None,Full_Board,3500,10/07/2019,2024-05-19,False,1.1425989556314924,3.33,,0.321,,216.0
S1678,Yochana Sagar,2019,5,B.Tech,ME,MH_A,West Bengal,East,Non_Veg,Alternate_Days,,,Full_Board,3500,2019-07-18,2023-05-17,False,0.71,2.89,No_Preference,0.206,,409.0
S1679,Dalbir Shere,2019,5,M.Tech,CH,MH_A,Nagaland,Northeast,Non_Veg,Weekly_Once,,None,Full_Board,3500,2019-07-16,2018-10-28,False,0.882,1.72,No_Preference,0.117,False,219.0
S1680,Anthony Randhawa,2019,5,B.Tech,ME,MH_A,Arunachal Pradesh,Northeast,Veg,,Strict,Nut,Breakfast_Only,3500,"July 09, 2019",21/05/2023,False,0.683,3.73,North_Indian,0.259,,322.0
S1681,Aarush Kamdar,2019,5,M.Tech,ECE,MH_B,Rajasthan,North,Veg,,Flexible,None,Full_Board,3500,"July 04, 2019","May 20, 2021",False,0.518,1.36,North_Indian,0.22,,1551.0
S1682,Chakradev Sampath,2019,5,B.Tech,BT,MH_B,Nagaland,Northeast,Veg,,Flexible,None,Full_Board,3500,"July 03, 2019",2023-05-25,False,0.771,3.79,North_Indian,0.215,,2215.0
S1683,Devansh Bhasin,2019,5,M.Tech,ME,MH_B,Bihar,North,Veg,,Strict,None,Full_Board,3500,2019-07-18,2021-05-16,False,0.696,2.74,South_Indian,0.548,True,1003.0
S1684,Urmi Balay,2019,5,B.Tech,Other,MH_B,Manipur,Northeast,Non_Veg,Weekly_Once,,,Lunch_Dinner,3500,03/07/2019,21/05/2023,False,0.942,3.97,South_Indian,0.528,False,82.0
S1685,Nilima Gole,2019,5,B.Tech,CH,MH_B,Madhya Pradesh,Central,Veg,,Strict,None,Full_Board,3500,2019-07-06,2023-05-21,False,0.895,4.35,South_Indian,0.154,,319.0
S1686,Osha Prasad,2019,5,B.Tech,EE,MH_B,Bihar,North,Veg,,Strict,,Breakfast_Only,3500,11/07/2019,23/05/2023,False,0.707,3.34,No_Preference,0.651,,516.0
S1687,Saumya Purohit,2019,5,PhD,BT,MH_A,Kerala,South,Veg,,Flexible,,Custom,3500,"July 19, 2019",2024-05-23,False,0.841,3.92,South_Indian,0.736,False,422.0
S1688,Faris Zacharia,2019,5,PhD,CSE,MH_B,Tamil Nadu,South,Non_Veg,Rarely,,None,Breakfast_Only,3500,01/07/2019,2024-05-22,False,0.848,1.43,No_Preference,0.36,False,1509.0
S1689,Ijaya Dani,2019,5,B.Tech,CE,MH_A,Tamil Nadu,South,Veg,,Indifferent,None,Full_Board,3589,2019-07-02,2023-05-19,False,0.538,2.99,No_Preference,0.43,True,998.0
S1690,Maya Wadhwa,2019,5,B.Tech,BT,MH_A,Bihar,North,Veg,,Strict,None,Lunch_Dinner,3500,2019-07-04,21/05/2023,False,0.764,3.41,No_Preference,0.05,False,296.0
S1691,Udant Aggarwal,2019,5,B.Tech,CSE,MH_G,Rajasthan,North,Veg,,Flexible,,Full_Board,3500,2019-07-12,2023-05-18,False,0.878,3.59,,0.487,False,94.0
S1692,Chanchal Sheth,2019,5,M.Tech,BT,MH_B,Kerala,South,Veg,,Flexible,None,Full_Board,3500,2019-07-14,"May 23, 2021",False,0.385,3.66,,0.11,False,138.0
S1693,Ladli Karpe,2019,5,B.Tech,ME,MH_G,Maharashtra,West,Veg,,Flexible,,Full_Board,3500,2019-07-07,2023-05-16,False,0.768,1.5,South_Indian,0.219,False,1706.0
S1694,Triveni Pal,2019,5,B.Tech,Other,MH_G,Odisha,East,Veg,,Strict,None,Lunch_Dinner,3500,2019-07-10,2023-05-29,False,0.731,3.64,,0.141,True,50.0
S1695,Anya Gulati,2019,5,PhD,ECE,MH_B,Arunachal Pradesh,Northeast,Non_Veg,Weekly_Once,,None,Full_Board,3500,18/07/2019,2024-05-23,False,0.501,2.31,South_Indian,0.429,,149.0
S1696,Azad Saini,2019,5,B.Tech,ME,MH_G,Gujarat,West,Veg,,Flexible,None,Full_Board,3500,11/07/2019,2023-05-16,False,0.952,2.53,No_Preference,0.615,,936.0
S1697,Wridesh Jhaveri,2019,5,B.Tech,ME,MH_A,Gujarat,West,Veg,,Strict,None,Full_Board,3500,2019-07-05,15/05/2023,False,0.716,2.81,No_Preference,0.736,False,300.0
S1698,Harrison Bandi,2019,5,M.Tech,CSE,MH_A,Jharkhand,East,Eggetarian,Alternate_Days,,,Full_Board,3500,18/07/2019,2021-05-19,False,0.686,4.4,North_Indian,0.265,False,204.0
S1699,Chanakya Konda,2019,5,PhD,ME,MH_B,Jharkhand,East,Non_Veg,Alternate_Days,,,Full_Board,3500,2019-07-01,2024-05-17,False,0.743,4.33,North_Indian,0.129,False,2473.0
S1700,Neelima Sarna,2019,5,B.Tech,Other,MH_B,Himachal Pradesh,North,Veg,,Flexible,Lactose,Custom,3500,2019-07-08,2023-05-20,False,0.7,3.59,Continental,0.132,False,286.0
S1701,Teerth Bhalla,2019,5,M.Tech,ECE,MH_A,Jharkhand,East,Veg,,Strict,None,Full_Board,3500,17/07/2019,2021-05-26,False,0.663,3.5,North_Indian,0.064,False,417.0
S1702,Yahvi Mann,2019,5,B.Tech,CE,MH_A,Maharashtra,West,Veg,,Flexible,None,Full_Board,3500,2019-07-14,"May 17, 2023",False,0.618,2.5,North_Indian,0.501,,425.0
S1703,Eiravati Nagi,2019,5,B.Tech,CE,MH_A,Uttar Pradesh,North,Veg,,Flexible,None,Custom,3500,2019-07-14,2023-05-17,False,0.786,3.42,North_Indian,0.464,False,115.0
S1704,Chasmum Dhar,2019,5,B.Tech,BT,MH_A,Maharashtra,West,Veg,,Flexible,,Breakfast_Only,3500,2019-07-09,2023-05-28,False,0.718,2.9,North_Indian,0.246,,900.0
S1705,Odika Mital,2019,5,M.Tech,CSE,MH_B,Uttar Pradesh,North,Veg,,Strict,None,Full_Board,3500,2019-07-10,15/05/2021,False,0.851,4.43,South_Indian,0.146,False,242.0
S1706,Darsh Gill,2019,5,M.Tech,EE,MH_B,West Bengal,East,Eggetarian,Alternate_Days,,None,Full_Board,3500,"July 02, 2019",2021-05-27,False,0.435,2.44,Continental,0.473,,548.0
S1707,Warhi Batta,2019,5,M.Tech,CE,MH_A,Haryana,North,Veg,,Indifferent,None,Full_Board,3500,"July 18, 2019","May 18, 2021",False,0.737,3.48,,0.44,,919.0
S1708,Lakshmi Vohra,2019,5,B.Tech,CSE,MH_G,Uttar Pradesh,North,Veg,,Flexible,None,Full_Board,3500,"July 02, 2019",24/05/2023,False,0.589,2.15,No_Preference,0.681,True,168.0
S1709,Omaja Rege,2019,5,M.Tech,CH,MH_A,Kerala,South,Non_Veg,Alternate_Days,,None,Full_Board,3500,"July 05, 2019",2021-05-19,False,0.761,3.76,,0.383,True,337.0
S1710,Charita Puri,2019,5,B.Tech,CSE,MH_B,Maharashtra,West,Non_Veg,Weekly_Once,,None,Full_Board,3500,07/07/2019,2023-05-24,False,0.573,3.69,No_Preference,0.23,,70.0
S1711,Urvashi Khosla,2019,5,M.Tech,CH,MH_B,Odisha,East,Veg,,Strict,,Full_Board,3500,2019-07-09,2021-05-26,False,0.692,3.43,South_Indian,0.493,False,322.0
S1712,Charita Dhawan,2019,5,B.Tech,CSE,MH_G,Gujarat,West,Veg,,Strict,None,Full_Board,3500,11/07/2019,15/05/2023,False,0.69,1.94,,0.667,True,402.0
S1713,Dalbir Sachar,2019,5,B.Tech,BT,MH_A,Telangana,South,Veg,,Strict,,Full_Board,3500,2019-07-09,2023-05-29,False,0.51,3.34,No_Preference,0.216,,312.0
S1714,Krish Rama,2019,5,B.Tech,EE,MH_A,Rajasthan,North,Veg,,Indifferent,None,Full_Board,3500,10/07/2019,2023-05-21,False,0.652,3.75,Continental,0.188,True,1232.0
S1715,Aadhya Jani,2019,5,M.Tech,Other,MH_A,Uttarakhand,North,Non_Veg,Rarely,,None,Full_Board,3500,2019-07-11,15/05/2021,False,0.776,2.44,North_Indian,0.289,,2950.0
S1716,Farhan Sengupta,2019,5,B.Tech,Other,MH_A,Rajasthan,North,Veg,,Flexible,None,Full_Board,3525,"July 05, 2019",2023-05-19,False,0.757,2.67,South_Indian,0.39,True,720.0
S1717,George Wason,2019,5,B.Tech,Other,MH_G,Chhattisgarh,Central,Veg,,Indifferent,None,Full_Board,3500,2019-07-05,2023-05-20,False,0.557,2.67,,0.475,,577.0
S1718,Charan Loyal,2019,5,B.Tech,ME,MH_A,Jharkhand,East,Non_Veg,Alternate_Days,,,Lunch_Dinner,3500,2019-07-13,22/05/2023,False,0.766,3.03,,0.342,False,408.0
S1719,Balveer Bora,2019,5,B.Tech,CSE,MH_A,West Bengal,East,non_veg,Alternate_Days,,Gluten,Custom,3500,10/07/2019,2023-05-27,False,0.687,4.64,North_Indian,0.21,False,1129.0
S1720,Teerth Srinivas,2019,5,M.Tech,ECE,MH_G,Gujarat,West,Veg,,Indifferent,None,Full_Board,3500,06/07/2019,2021-05-18,False,1.0617487088181397,3.91,,0.158,True,82.0
S1721,Gaurangi Mitter,2019,5,B.Tech,ME,MH_G,West Bengal,East,Veg,,Strict,None,Lunch_Dinner,3500,05/07/2019,"May 24, 2023",False,0.675,3.08,No_Preference,0.514,True,481.0
S1722,Siddharth Gupta,2019,5,B.Tech,ECE,MH_A,Uttar Pradesh,North,Eggetarian,Alternate_Days,,None,Lunch_Dinner,3500,02/07/2019,2018-07-16,False,0.616,1.86,North_Indian,0.399,True,702.0
S1723,Varenya Kibe,2019,5,B.Tech,CE,MH_G,Uttar Pradesh,North,Non_Veg,Alternate_Days,,None,Full_Board,3500,15/07/2019,"August 29, 2018",False,0.857,2.74,,0.446,False,610.0
S1724,Mekhala Khatri,2019,5,B.Tech,CSE,MH_B,Tripura,Northeast,Non_Veg,Daily,,,Full_Board,3500,2019-07-11,2023-05-17,False,0.737,4.71,No_Preference,0.111,True,704.0
S1725,Barkha Rai,2019,5,B.Tech,CE,MH_A,Madhya Pradesh,Central,Veg,,Strict,None,Full_Board,3500,09/07/2019,"May 25, 2023",False,0.652,4.04,,0.383,False,191.0
S1726,Jagrati Morar,2019,5,B.Tech,CE,MH_G,Bihar,North,Eggetarian,Daily,,,Custom,3500,18/07/2019,2023-05-16,False,0.447,3.03,South_Indian,0.379,False,637.0
S1727,Jagvi Varghese,2019,5,B.Tech,BT,MH_B,Bihar,North,Veg,,Strict,,Full_Board,3500,2019-07-04,"May 15, 2023",False,0.714,3.35,No_Preference,0.637,,1342.0
S1728,Unnati Chaudhari,2019,5,PhD,CSE,MH_G,Gujarat,West,Veg,,Flexible,,Breakfast_Only,3500,2019-07-13,2024-05-28,False,0.703,3.43,South_Indian,0.318,False,546.0
S1729,Ekaja Jani,2019,5,B.Tech,CE,MH_B,Nagaland,Northeast,Non_Veg,Alternate_Days,,Nut,Full_Board,3500,2019-07-16,2023-05-28,False,0.658,2.96,,0.53,True,683.0
S1730,Dhriti Sachdev,2019,5,B.Tech,ECE,MH_A,Uttar Pradesh,North,Veg,,Strict,None,Breakfast_Only,3500,"July 17, 2019",2023-05-28,False,0.661,2.58,North_Indian,0.582,False,743.0
S1731,Timothy Dhingra,2019,5,B.Tech,CSE,MH_A,Uttar Pradesh,North,Veg,,Strict,,Full_Board,3500,2019-07-13,"May 16, 2023",False,0.811,2.49,North_Indian,0.268,,466.0
S1732,Advika Sahni,2019,5,B.Tech,CSE,MH_A,Gujarat,West,Veg,,Flexible,None,Lunch_Dinner,3500,11/07/2019,2023-05-21,False,0.708,3.87,North_Indian,0.361,False,584.0
S1733,Michael Hayre,2019,5,B.Tech,ECE,MH_B,Rajasthan,North,Vegan,,,None,Full_Board,3500,2019-07-13,2023-05-25,False,0.754,3.49,,0.293,False,1993.0
S1734,Victor Raghavan,2019,5,B.Tech,Other,MH_G,West Bengal,East,VEG,,Flexible,,Full_Board,3500,2019-07-02,18/05/2023,False,0.515,3.72,South_Indian,0.298,False,747.0
S1735,Xalak Nazareth,2019,5,M.Tech,EE,MH_A,Bihar,North,Veg,,Flexible,,Custom,3500,09/07/2019,2021-05-23,False,0.474,4.49,South_Indian,0.391,True,212.0
S1736,Vrinda Swaminathan,2019,5,B.Tech,CSE,MH_A,Chhattisgarh,Central,Non_Veg,Weekly_Once,,None,Breakfast_Only,3500,2019-07-07,2023-05-24,False,0.862,4.1,South_Indian,0.391,False,648.0
S1737,Om Pandey,2019,5,B.Tech,EE,MH_A,Bihar,North,Veg,,Strict,None,Full_Board,3500,2019-07-08,"May 26, 2023",False,0.779,2.89,North_Indian,0.423,False,1142.0
S1738,Logan Suresh,2019,5,M.Tech,CH,MH_G,West Bengal,East,Eggetarian,Alternate_Days,,,Full_Board,3500,2019-07-05,17/05/2021,False,0.981,2.57,,0.275,True,872.0
S1739,Daniel Viswanathan,2019,5,B.Tech,CSE,MH_G,Bihar,North,Non_Veg,Alternate_Days,,,Full_Board,3500,2019-07-15,2023-05-24,False,0.778,2.25,North_Indian,0.624,True,491.0
S1740,Falan Bava,2019,5,B.Tech,Other,MH_B,Uttar Pradesh,North,Non_Veg,Weekly_Once,,None,Full_Board,3613,2019-07-08,25/05/2023,False,0.689,3.84,No_Preference,0.412,False,1093.0
S1741,Nitara Devan,2019,5,B.Tech,CSE,MH_A,Maharashtra,West,Veg,,Flexible,,Full_Board,3500,2019-07-19,2023-05-26,False,0.574,2.85,South_Indian,0.533,,554.0
S1742,Ekansh Dora,2019,5,B.Tech,ECE,MH_B,Kerala,South,Non_Veg,Weekly_Once,,None,Breakfast_Only,3500,2019-07-10,"May 27, 2023",False,0.674,3.84,,0.231,False,566.0
S1743,Tejas Tiwari,2019,5,B.Tech,CSE,MH_B,Himachal Pradesh,North,Veg,,Strict,,Lunch_Dinner,3500,2019-07-11,"May 24, 2023",False,0.698,3.49,South_Indian,0.086,False,396.0
S1744,Kashvi Bhasin,2019,5,B.Tech,ME,MH_A,Andhra Pradesh,South,Non_Veg,Rarely,,None,Lunch_Dinner,3500,06/07/2019,2023-05-29,False,0.697,2.4,No_Preference,0.442,,1131.0
S1745,Vinaya Babu,2019,5,M.Tech,EE,MH_A,Gujarat,West,Veg,,Flexible,None,Custom,3500,2019-07-01,2021-05-28,False,0.725,3.67,,0.178,,592.0
S1746,Nisha Arora,2019,5,B.Tech,EE,MH_A,Rajasthan,North,Veg,,Flexible,None,Breakfast_Only,3500,"July 10, 2019",2023-05-27,False,0.485,4.49,North_Indian,0.351,,89.0
S1747,Anvi Wason,2019,5,PhD,CE,MH_G,Meghalaya,Northeast,Veg,,Strict,Nut,Lunch_Dinner,3500,2019-07-08,"May 26, 2024",False,0.604,3.74,North_Indian,0.519,False,1654.0
S1748,Anay Thakkar,2019,5,PhD,ME,MH_B,Bihar,North,Veg,,Flexible,None,Breakfast_Only,3500,14/07/2019,2024-05-29,False,0.571,3.82,South_Indian,0.232,False,240.0
S1749,Praneel Chhabra,2019,5,M.Tech,ME,MH_G,Bihar,North,Eggetarian,Daily,,None,Full_Board,3500,2019-07-14,16/05/2021,False,0.758,4.02,North_Indian,0.861,False,1518.0
S1750,Manthan Khosla,2019,5,B.Tech,EE,MH_G,Bihar,North,Non_Veg,Alternate_Days,,,Full_Board,3500,"July 10, 2019",2023-05-27,False,0.781,3.37,,0.281,,1455.0
S1751,,2019,5,B.Tech,CSE,MH_B,Haryana,North,Veg,,Flexible,,Lunch_Dinner,3500,2019-07-02,"May 21, 2023",False,0.632,2.61,,0.7,True,1848.0
S1752,Zayyan Pandya,2019,5,B.Tech,ECE,MH_A,Odisha,East,Non_Veg,Alternate_Days,,Lactose,Full_Board,3500,"July 09, 2019","May 27, 2023",False,0.725,2.91,South_Indian,0.554,False,1310.0
S1753,Mekhala Brar,2019,5,M.Tech,CSE,MH_B,Uttar Pradesh,North,Veg,,Flexible,None,Lunch_Dinner,3500,2019-07-13,2021-05-22,False,0.838,3.64,North_Indian,0.168,False,1810.0
S1754,Nidra Sharaf,2019,5,B.Tech,ECE,MH_A,Chhattisgarh,Central,Veg,,Indifferent,None,Full_Board,3500,2019-07-01,"May 22, 2023",False,0.6,2.92,North_Indian,0.279,,208.0
S1755,Upkaar Mital,2019,5,B.Tech,ME,MH_B,Karnataka,South,Veg,,Strict,Others,Full_Board,3500,13/07/2019,2023-05-29,False,0.523,2.82,Continental,0.369,True,2231.0
S1756,Azad Chander,2019,5,PhD,ECE,MH_G,Telangana,South,Veg,,Strict,None,Lunch_Dinner,3500,"July 03, 2019",2024-05-23,False,0.93,2.84,South_Indian,0.367,False,3000.0
S1757,Ladli Purohit,2019,5,B.Tech,CSE,MH_G,Maharashtra,West,Veg,,Strict,None,Full_Board,3500,01/07/2019,2023-05-15,False,0.611,2.47,South_Indian,0.059,False,120.0
S1758,Daksh Andra,2019,5,M.Tech,ME,MH_G,Bihar,North,Veg,,Flexible,None,Full_Board,3500,09/07/2019,16/05/2021,False,0.615,4.46,North_Indian,0.393,True,393.0
S1759,Fitan Tata,2019,5,B.Tech,ECE,MH_A,Gujarat,West,Veg,,Flexible,None,Breakfast_Only,3524,2019-07-16,2023-05-29,False,0.822,1.34,,0.711,False,643.0
S1760,Garima Chandran,2019,5,B.Tech,ECE,MH_B,Maharashtra,West,Veg,,Flexible,None,Full_Board,3500,"July 03, 2019",2023-05-18,False,0.761,2.95,Continental,0.465,False,373.0
S1761,Victor Kakar,2019,5,B.Tech,ECE,MH_G,Karnataka,South,VEG,,Strict,None,Full_Board,3588,"July 10, 2019",2023-05-15,False,0.53,2.17,No_Preference,0.294,False,99.0
S1762,Anika Batra,2019,5,B.Tech,BT,MH_A,Uttarakhand,North,Veg,,Indifferent,None,Full_Board,3500,2019-07-07,2019-06-07,False,0.586,3.73,South_Indian,0.26,True,340.0
S1763,Avni Bali,2019,5,B.Tech,ECE,MH_A,Tamil Nadu,South,Eggetarian,Alternate_Days,,Gluten,Full_Board,3500,2019-07-14,2023-05-28,False,1.0732689498790033,2.19,North_Indian,0.811,False,228.0
S1764,Divya Babu,2019,5,B.Tech,ECE,MH_B,Maharashtra,West,Veg,,Flexible,None,Breakfast_Only,3570,"July 10, 2019",17/05/2023,False,0.756,4.03,South_Indian,0.206,False,62.0
S1765,Maanas Rao,2019,5,B.Tech,EE,MH_B,Uttar Pradesh,North,Veg,,Flexible,,Full_Board,3500,2019-07-08,2023-05-20,False,0.7,3.62,,0.323,,175.0
S1766,Chandani Gaba,2019,5,B.Tech,ME,MH_G,Tamil Nadu,South,Veg,,Strict,Lactose,Full_Board,3500,2019-07-05,2023-05-27,False,0.479,2.1,,0.05,False,478.0
S1767,Lopa Zachariah,2019,5,B.Tech,CE,MH_G,Sikkim,Northeast,Non_Veg,Alternate_Days,,,Full_Board,3500,2019-07-03,2023-05-28,False,0.87,3.69,No_Preference,0.389,False,183.0
S1768,Leena Dey,2019,5,B.Tech,CSE,MH_B,Bihar,North,Veg,,Strict,None,Full_Board,3500,2019-07-04,2023-05-21,False,0.551,3.38,North_Indian,0.416,True,706.0
S1769,Xiti Pal,2019,5,B.Tech,CH,MH_B,Maharashtra,West,Veg,,Strict,,Full_Board,3500,2019-07-13,2023-05-26,False,0.889,3.88,North_Indian,0.397,True,169.0
S1770,Guneet Sarkar,2019,5,M.Tech,ME,MH_A,Maharashtra,West,Veg,,Indifferent,None,Full_Board,3500,"July 01, 2019",15/05/2021,False,0.886,4.08,North_Indian,0.254,False,276.0
S1771,Faqid Oak,2019,5,B.Tech,Other,MH_B,Telangana,South,Veg,,Flexible,None,Custom,3500,2019-07-18,2023-05-26,False,0.765,2.02,North_Indian,0.368,False,882.0
S1772,Eta Balan,2019,5,PhD,ECE,MH_G,Telangana,South,Veg,,Indifferent,,Custom,3500,2019-07-07,2024-05-29,False,0.624,2.99,South_Indian,0.509,False,65.0
S1773,Shravya Swaminathan,2019,5,PhD,ME,MH_G,Tripura,Northeast,Non_Veg,Rarely,,None,Full_Board,3500,"July 14, 2019",2024-05-17,False,0.775,3.12,South_Indian,0.244,False,373.0
S1774,Ishani Prashad,2019,5,B.Tech,EE,MH_A,Telangana,South,Non_Veg,Daily,,None,Full_Board,3500,2019-07-17,2023-05-23,False,0.626,2.2,North_Indian,0.474,,1168.0
S1775,Quincy Rai,2019,5,B.Tech,ECE,MH_B,Bihar,North,Veg,,Strict,None,Full_Board,3500,2019-07-05,27/05/2023,False,0.756,3.41,,0.502,False,662.0
S1776,Chakrika Koshy,2019,5,B.Tech,CSE,MH_A,Uttar Pradesh,North,Veg,,Indifferent,None,Full_Board,3500,2019-07-11,2023-05-19,False,0.659,1.9,South_Indian,0.125,False,803.0
S1777,Fitan Loyal,2019,5,B.Tech,EE,MH_A,Chhattisgarh,Central,Non_Veg,Rarely,,Gluten,Full_Board,3500,"July 14, 2019",2018-11-07,False,0.906,3.82,North_Indian,0.584,False,337.0
S1778,Lajita Dube,2019,5,M.Tech,CE,MH_G,Telangana,South,Veg,,Flexible,None,Breakfast_Only,3500,15/07/2019,2021-05-27,False,0.669,3.58,North_Indian,0.176,True,129.0
S1779,Edhitha Patel,2019,5,B.Tech,EE,MH_A,Rajasthan,North,nonveg,Weekly_Once,,None,Custom,3500,"July 01, 2019","May 28, 2023",False,0.566,1.7,North_Indian,0.528,True,1619.0
S1780,Gavin Ahluwalia,2019,5,B.Tech,Other,MH_B,Bihar,North,Veg,,Strict,None,Breakfast_Only,3500,08/07/2019,2023-05-25,False,0.561,2.75,No_Preference,0.273,,137.0
S1781,Sai Parsa,2019,5,B.Tech,EE,MH_G,Bihar,North,Veg,,Strict,None,Full_Board,3503,"July 16, 2019",2023-05-27,False,0.452,2.4,South_Indian,0.123,False,642.0
S1782,Harsh Deo,2019,5,B.Tech,CSE,MH_A,Maharashtra,West,Veg,,Flexible,None,Custom,3500,2019-07-03,2023-05-18,False,0.603,4.0,,0.281,True,464.0
S1783,Rachit Sankar,2019,5,B.Tech,CE,MH_A,West Bengal,East,Non_Veg,Daily,,None,Lunch_Dinner,3500,2019-07-05,16/05/2023,False,0.816,4.23,,0.403,,124.0
S1784,Yauvani Reddy,2019,5,B.Tech,CSE,MH_B,Delhi,North,Non_Veg,Alternate_Days,,,Lunch_Dinner,3500,2019-07-18,2023-05-17,False,0.719,2.45,No_Preference,0.301,,309.0
S1785,Atharv Chakraborty,2019,5,B.Tech,CSE,MH_A,Andhra Pradesh,South,Veg,,Strict,None,Lunch_Dinner,3500,2019-07-04,"May 19, 2023",False,0.813,2.52,South_Indian,0.117,,263.0
S1786,Girik Nair,2019,5,PhD,CSE,MH_A,Gujarat,West,Veg,,Strict,None,Lunch_Dinner,3500,09/07/2019,17/05/2024,False,0.664,2.93,North_Indian,0.296,False,1347.0
S1787,Advik Manne,2019,5,B.Tech,ME,MH_B,Gujarat,West,Veg,,Strict,,Full_Board,3500,"July 09, 2019",26/05/2023,False,0.737,2.12,South_Indian,0.05,False,776.0
S1788,Lipika Chad,2019,5,B.Tech,BT,MH_G,Madhya Pradesh,Central,Non_Veg,Weekly_Once,,,Breakfast_Only,3500,2019-07-01,2023-05-23,False,0.871,3.45,South_Indian,0.133,False,1489.0
S1789,Omkaar Rai,2019,5,B.Tech,ME,MH_A,Uttar Pradesh,North,Non_Veg,Alternate_Days,,None,Custom,3500,2019-07-13,"May 29, 2023",False,0.67,1.98,South_Indian,0.308,False,669.0
S1790,Liam Luthra,2019,5,B.Tech,ME,MH_A,Bihar,North,Veg,,Strict,None,Full_Board,3500,2019-07-04,"June 30, 2018",False,0.681,2.61,North_Indian,0.295,True,1394.0
S1791,Amrita Tailor,2019,5,B.Tech,CSE,MH_B,Tamil Nadu,South,Non_Veg,Daily,,None,Breakfast_Only,3500,2019-07-09,2023-05-23,False,0.743,4.93,North_Indian,0.472,False,63.0
S1792,Dev Ganesh,2019,5,B.Tech,ECE,MH_B,Tamil Nadu,South,Non_Veg,Alternate_Days,,Lactose,Lunch_Dinner,3500,"July 04, 2019","May 29, 2023",False,0.616,4.66,South_Indian,0.238,False,263.0
S1793,Anya Sama,2019,5,B.Tech,Other,MH_G,Karnataka,South,Veg,,Strict,,Lunch_Dinner,3500,08/07/2019,2023-05-20,False,0.899,3.02,,0.558,True,1556.0
S1794,Veda Bose,2019,5,B.Tech,CSE,MH_G,Gujarat,West,Veg,,Flexible,,Full_Board,3500,2019-07-11,2023-05-24,False,0.565,3.45,South_Indian,0.816,False,218.0
S1795,Zayan Koshy,2019,5,PhD,ECE,MH_A,Uttar Pradesh,North,Veg,,Indifferent,Lactose,Full_Board,3500,"July 18, 2019","May 25, 2024",False,0.55,3.26,South_Indian,0.565,True,477.0
S1796,Rohan Shankar,2019,5,B.Tech,CSE,MH_B,Punjab,North,veg,,Flexible,None,Full_Board,3500,2019-07-16,"May 19, 2023",False,0.878,3.97,No_Preference,0.293,,148.0
S1797,Krishna Modi,2019,5,B.Tech,ECE,MH_A,Gujarat,West,Veg,,Indifferent,None,Full_Board,3500,2019-07-11,2023-05-21,False,0.363,3.35,North_Indian,0.403,False,287.0
S1798,,2019,5,M.Tech,CH,MH_B,West Bengal,East,Non_Veg,Weekly_Once,,None,Full_Board,3500,14/07/2019,2021-05-29,False,0.662,3.7,North_Indian,0.356,True,524.0
S1799,Meghana Natarajan,2019,5,M.Tech,ME,MH_A,West Bengal,East,Non_Veg,Daily,,None,Full_Board,3500,2019-07-14,2021-05-28,False,0.666,3.48,No_Preference,0.131,False,414.0
S1800,Forum Sarraf,2019,5,B.Tech,Other,MH_G,Maharashtra,West,Veg,,Flexible,,Lunch_Dinner,3500,2019-07-12,2023-05-27,False,0.571,1.74,,0.278,,719.0
S1801,Qushi Deshpande,2019,5,B.Tech,ME,MH_B,Bihar,North,Veg,,Strict,None,Full_Board,3500,"July 19, 2019",2023-05-17,False,0.716,5.0,South_Indian,0.298,False,352.0
S1802,Ekani Iyer,2019,5,M.Tech,ME,MH_B,Karnataka,South,Veg,,Strict,None,Full_Board,3500,2019-07-09,"May 19, 2021",False,0.859,3.39,No_Preference,0.476,,1395.0
S1803,Dipta Goel,2019,5,B.Tech,ECE,MH_A,West Bengal,East,Veg,,Strict,,Custom,3500,2019-07-08,2023-05-21,False,0.883,2.94,,0.125,,91.0
S1804,Eiravati Manne,2019,5,B.Tech,CE,MH_A,Uttar Pradesh,North,Veg,,Flexible,,Full_Board,3500,"July 13, 2019",2018-10-23,False,0.733,1.91,South_Indian,0.423,False,867.0
S1805,Xavier Nanda,2019,5,M.Tech,CE,MH_A,Andhra Pradesh,South,Eggetarian,Daily,,None,Full_Board,3500,2019-07-18,24/05/2021,False,0.737,3.7,No_Preference,0.644,True,1166.0
S1806,Avni Ramaswamy,2019,5,M.Tech,CSE,MH_B,Rajasthan,North,Veg,,Flexible,None,Full_Board,3500,08/07/2019,28/05/2021,False,0.894,3.86,North_Indian,0.533,True,1499.0
S1807,Ishaan Iyengar,2019,5,B.Tech,ECE,MH_A,Kerala,South,Veg,,Strict,None,Breakfast_Only,3500,2019-07-07,2023-05-26,False,1.0,4.31,South_Indian,0.712,False,602.0
S1808,Avi Shenoy,2019,5,M.Tech,ME,MH_B,Madhya Pradesh,Central,Veg,,Flexible,,Custom,3500,2019-07-06,2021-05-17,False,0.667,4.52,South_Indian,0.706,False,343.0
S1809,Raksha Manne,2019,5,PhD,EE,MH_B,Madhya Pradesh,Central,Veg,,Strict,None,Full_Board,3500,2019-07-17,2024-05-29,False,0.7,4.18,South_Indian,0.283,True,641.0
S1810,Nilima Tata,2019,5,B.Tech,EE,MH_B,Gujarat,West,Veg,,Indifferent,,Full_Board,3500,2019-07-01,2018-08-19,False,0.588,3.42,North_Indian,0.255,False,386.0
S1811,Chavvi Khurana,2019,5,B.Tech,CE,MH_B,Bihar,North,Veg,,Flexible,None,Full_Board,3500,"July 02, 2019",2023-05-25,False,0.96,1.31,No_Preference,0.293,,2719.0
S1812,Mitesh Sampath,2019,5,B.Tech,Other,MH_A,Haryana,North,Non_Veg,Daily,,None,Full_Board,3500,13/07/2019,27/05/2023,False,0.528,2.79,North_Indian,0.634,,976.0
S1813,Ethan Sen,2019,5,B.Tech,CSE,MH_A,Gujarat,West,Veg,,Indifferent,,Breakfast_Only,3500,2019-07-03,2023-05-17,False,0.937,2.73,North_Indian,0.227,False,402.0
S1814,Nandini Warrior,2019,5,B.Tech,CE,MH_B,Uttar Pradesh,North,Non_Veg,Alternate_Days,,None,Full_Board,3500,"July 07, 2019",2023-05-23,False,0.704,3.12,North_Indian,0.492,False,177.0
S1815,,2019,5,B.Tech,CSE,MH_G,Chhattisgarh,Central,Veg,,Indifferent,,Full_Board,3500,01/07/2019,"May 15, 2023",False,0.85,2.92,North_Indian,0.292,False,271.0
S1816,Balhaar Parsa,2019,5,B.Tech,ME,MH_A,Kerala,South,Non_Veg,Weekly_Once,,,Custom,3500,2019-07-08,2019-01-19,False,0.548,2.62,No_Preference,0.465,True,1361.0
S1817,Ikbal Kothari,2019,5,B.Tech,CE,MH_A,Karnataka,South,Non_Veg,Weekly_Once,,None,Custom,3500,11/07/2019,27/05/2023,False,0.99,4.61,Continental,0.573,,606.0
S1818,Ojas Basu,2019,5,B.Tech,CE,MH_A,Uttar Pradesh,North,Veg,,Strict,None,Full_Board,3500,"July 09, 2019",2023-05-24,False,0.815,4.13,South_Indian,0.695,,355.0
S1819,Garima Sani,2019,5,B.Tech,Other,MH_B,Kerala,South,Non_Veg,Daily,,None,Lunch_Dinner,3500,2019-07-04,2023-05-20,False,0.892,2.79,South_Indian,0.439,False,969.0
S1820,Advaith Chaudhari,2019,5,B.Tech,Other,MH_G,Andhra Pradesh,South,Non_Veg,Weekly_Once,,,Full_Board,3500,"July 05, 2019",22/02/2019,False,0.632,2.33,No_Preference,0.687,,187.0
S1821,,2019,5,M.Tech,EE,MH_B,Madhya Pradesh,Central,Non_Veg,Daily,,,Lunch_Dinner,3500,2019-07-08,2018-12-06,False,0.775,2.43,,0.526,True,836.0
S1822,Tristan Uppal,2019,5,B.Tech,ME,MH_A,Uttarakhand,North,Veg,,Flexible,,Lunch_Dinner,3500,2019-07-15,2023-05-28,False,0.667,3.23,North_Indian,0.777,False,539.0
S1823,Sanaya Prasad,2019,5,PhD,ME,MH_B,Delhi,North,Veg,,Indifferent,,Lunch_Dinner,3500,2019-07-12,2024-05-22,False,0.549,2.1,Continental,0.49,False,248.0
S1824,Ubika Tella,2019,5,B.Tech,CSE,MH_A,Assam,Northeast,Non_Veg,Weekly_Once,,None,Full_Board,3500,"July 10, 2019","May 21, 2023",False,0.954,2.71,,0.394,False,303.0
S1825,Hemani Bakshi,2019,5,B.Tech,CE,MH_G,Haryana,North,Veg,,Flexible,None,Full_Board,3500,2019-07-13,2023-05-16,False,0.561,3.61,South_Indian,0.658,,1029.0
S1826,Henry Merchant,2019,5,B.Tech,ECE,MH_G,Odisha,East,Eggetarian,Weekly_Once,,None,Full_Board,3500,14/07/2019,"May 22, 2023",False,0.555,4.13,South_Indian,0.109,False,1048.0
S1827,Frederick D’Alia,2019,5,B.Tech,BT,MH_G,Maharashtra,West,Veg,,Flexible,None,Full_Board,3500,11/07/2019,"May 23, 2023",False,0.549,2.94,Continental,0.853,False,948.0
S1828,Ijaya Muni,2019,5,B.Tech,ME,MH_G,Uttar Pradesh,North,Veg,,Indifferent,,Breakfast_Only,3500,"July 16, 2019","May 16, 2023",False,0.613,2.65,North_Indian,0.547,True,438.0
S1829,Tamanna Jhaveri,2019,5,B.Tech,ME,MH_A,Uttar Pradesh,North,Non_Veg,Rarely,,None,Lunch_Dinner,3500,08/07/2019,2023-05-21,False,0.644,2.46,South_Indian,0.257,True,767.0
S1830,Ijaya Soni,2019,5,B.Tech,ME,MH_B,Gujarat,West,Veg,,Flexible,,Lunch_Dinner,3500,2019-07-13,2023-05-24,False,0.797,2.44,North_Indian,0.662,,232.0
S1831,Raksha Sethi,2019,5,M.Tech,ME,MH_B,Madhya Pradesh,Central,Non_Veg,Weekly_Once,,None,Full_Board,3500,"July 17, 2019",2021-05-17,False,0.685,4.59,South_Indian,0.4,,450.0
S1832,Ekalinga Mital,2019,5,B.Tech,EE,MH_B,Jharkhand,East,Veg,,Flexible,None,Full_Board,3500,09/07/2019,2023-05-27,False,0.724,1.95,North_Indian,0.085,False,567.0
S1833,Ishwar Bajaj,2019,5,PhD,ECE,MH_B,Tamil Nadu,South,Veg,,Strict,,Full_Board,3500,2019-07-08,"May 26, 2024",False,0.791,2.15,,0.567,False,574.0
S1834,Ikbal Gala,2019,5,B.Tech,CSE,MH_A,Haryana,North,Veg,,Flexible,None,Lunch_Dinner,3500,"July 05, 2019",2023-05-22,False,0.878,2.74,South_Indian,0.415,False,488.0
S1835,Zaitra Ghosh,2019,5,B.Tech,ECE,MH_B,Uttar Pradesh,North,Veg,,Strict,None,Full_Board,3500,"July 09, 2019",2023-05-16,False,0.653,3.2,Continental,0.408,False,750.0
S1836,Ganga Sandhu,2019,5,B.Tech,CH,MH_G,Meghalaya,Northeast,Veg,,Strict,,Full_Board,3500,2019-07-11,2023-05-23,False,0.696,2.51,,0.392,False,118.0
S1837,Vincent Ravel,2019,5,B.Tech,CSE,MH_B,Uttar Pradesh,North,Non_Veg,Weekly_Once,,,Full_Board,3500,2019-07-01,2023-05-24,False,1.1307312651929162,2.79,,0.771,,161.0
S1838,Quincy Sankaran,2019,5,B.Tech,ME,MH_B,Karnataka,South,Non_Veg,Alternate_Days,,None,Lunch_Dinner,3500,2019-07-18,2023-05-16,False,0.741,1.49,,0.241,,2034.0
S1839,Ayush Hora,2019,5,B.Tech,CE,MH_B,Karnataka,South,Veg,,Indifferent,None,Full_Board,3500,2019-07-13,2023-05-26,False,0.736,3.58,North_Indian,0.05,False,1112.0
S1840,Pushti Ramachandran,2019,5,B.Tech,CH,MH_A,Rajasthan,North,Veg,,Strict,None,Custom,3500,"July 12, 2019",2023-05-23,False,0.741,2.56,,0.18,False,1243.0
S1841,Tanish Jha,2019,5,M.Tech,ECE,MH_A,Maharashtra,West,Non_Veg,Weekly_Once,,None,Full_Board,3500,2019-07-01,2018-03-26,False,0.631,3.08,,0.146,,303.0
S1842,Dev Chaudry,2019,5,PhD,ME,MH_A,Maharashtra,West,veg,,Strict,None,Full_Board,3500,2019-07-06,2024-05-21,False,0.541,2.86,North_Indian,0.261,,152.0
S1843,Jasmit Nanda,2019,5,B.Tech,CE,MH_G,Punjab,North,Veg,,Flexible,,Breakfast_Only,3500,2019-07-19,2023-05-28,False,0.734,3.53,No_Preference,0.321,,109.0
S1844,Tanvi Comar,2019,5,B.Tech,ECE,MH_B,Rajasthan,North,Vegan,,,None,Breakfast_Only,3500,2019-07-16,2023-05-29,False,0.604,3.84,,0.77,False,527.0
S1845,Vrishti Wable,2019,5,B.Tech,EE,MH_G,Karnataka,South,Pure Veg,,Strict,None,Lunch_Dinner,3500,"July 03, 2019",2023-05-17,False,0.824,3.24,North_Indian,0.588,,463.0
S1846,Lipika Ramanathan,2019,5,M.Tech,Other,MH_B,Karnataka,South,NV,Alternate_Days,,Lactose,Full_Board,3500,2019-07-01,2021-05-21,False,0.812,3.42,,0.358,True,241.0
S1847,Ijaya Pandey,2019,5,M.Tech,EE,MH_A,Mizoram,Northeast,NV,Daily,,None,Full_Board,3500,2019-07-03,"November 27, 2018",False,0.82,2.44,South_Indian,0.326,False,3000.0
S1848,Orinder Mishra,2019,5,B.Tech,ME,MH_A,Tamil Nadu,South,Vegan,,,None,Breakfast_Only,3500,2019-07-03,24/05/2023,False,0.468,3.93,No_Preference,0.117,True,2766.0
S1849,Krish Munshi,2019,5,B.Tech,BT,MH_G,Rajasthan,North,Veg,,Strict,,Lunch_Dinner,3500,16/07/2019,"May 27, 2023",False,0.763,2.63,,0.292,,438.0
S1850,William Mody,2019,5,M.Tech,ECE,MH_A,Chhattisgarh,Central,Non_Veg,Rarely,,None,Full_Board,3500,2019-07-08,2021-05-25,False,0.724,3.52,South_Indian,0.585,False,364.0
S1851,Qadim Prakash,2019,5,M.Tech,CSE,MH_B,Punjab,North,Non_Veg,Alternate_Days,,None,Full_Board,3500,"July 09, 2019",2021-05-19,False,0.584,3.5,,0.326,False,130.0
S1852,Yasti Rama,2019,5,B.Tech,ME,MH_B,Uttarakhand,North,Non_Veg,Alternate_Days,,None,Full_Board,3500,10/07/2019,2023-05-26,False,0.611,3.56,No_Preference,0.576,True,853.0
S1853,Lakshit Rajagopal,2019,5,B.Tech,ECE,MH_A,Madhya Pradesh,Central,Non_Veg,Alternate_Days,,None,Full_Board,3500,16/07/2019,2023-05-25,False,0.849,3.22,No_Preference,0.447,False,568.0
S1854,Quincy Sur,2019,5,B.Tech,ECE,MH_B,Bihar,North,Pure Veg,,Flexible,None,Full_Board,3500,"July 16, 2019",2023-05-20,False,0.513,2.87,No_Preference,0.469,False,492.0
S1855,Ojas Suri,2019,5,PhD,Other,MH_B,West Bengal,East,Veg,,Indifferent,None,Full_Board,3500,13/07/2019,"May 27, 2024",False,0.763,3.6,,0.288,False,436.0
S1856,Logan Grover,2019,5,PhD,BT,MH_B,Punjab,North,Eggetarian,Alternate_Days,,Gluten,Full_Board,3500,17/07/2019,2024-05-23,False,0.836,1.52,North_Indian,0.225,False,1170.0
S1857,Shravya Bera,2019,5,B.Tech,CE,MH_G,Tamil Nadu,South,Non_Veg,Daily,,None,Lunch_Dinner,3500,13/07/2019,2023-05-21,False,0.898,2.26,No_Preference,0.05,False,1045.0
S1858,Aditya Sundaram,2019,5,B.Tech,CSE,MH_G,Maharashtra,West,Veg,,Strict,None,Lunch_Dinner,3500,2019-07-10,29/05/2023,False,0.85,4.79,North_Indian,0.669,,516.0
S1859,Robert Rajagopalan,2019,5,M.Tech,ME,MH_B,Bihar,North,Veg,,Strict,None,Full_Board,3500,"July 15, 2019",2021-05-23,False,0.922,2.77,Continental,0.411,True,612.0
S1860,Nilima Swamy,2019,5,B.Tech,EE,MH_A,Uttar Pradesh,North,Veg,,Strict,Others,Lunch_Dinner,3500,03/07/2019,17/05/2023,False,0.943,2.4,No_Preference,0.621,False,1199.0
S1861,Sachi Suresh,2019,5,M.Tech,CH,MH_B,Andhra Pradesh,South,Veg,,Flexible,None,Custom,3500,2019-07-15,2021-05-20,False,0.652,3.86,,0.601,True,145.0
S1862,Fitan Balasubramanian,2019,5,PhD,ME,MH_A,Manipur,Northeast,Non_Veg,Alternate_Days,,None,Lunch_Dinner,3500,2019-07-18,2024-05-20,False,0.724,4.35,,0.231,False,1557.0
S1863,Brinda Bali,2019,5,M.Tech,Other,MH_G,Rajasthan,North,veg,,Flexible,,Breakfast_Only,3500,"July 14, 2019","May 15, 2021",False,0.486,2.85,No_Preference,0.293,True,836.0
S1864,Umang Yogi,2019,5,B.Tech,BT,MH_B,Gujarat,West,Veg,,Strict,None,Full_Board,3500,"July 05, 2019","May 26, 2023",False,0.839,3.04,No_Preference,0.457,False,851.0
S1865,Om Shankar,2019,5,B.Tech,ME,MH_B,West Bengal,East,Non_Veg,Rarely,,,Lunch_Dinner,3500,15/07/2019,2023-05-18,False,0.624,2.83,No_Preference,0.693,False,1632.0
S1866,Yasti Chowdhury,2019,5,B.Tech,CH,MH_B,Delhi,North,nonveg,Weekly_Once,,,Custom,3500,18/07/2019,2023-05-24,False,0.623,2.88,,0.527,,532.0
S1867,Amrita Peri,2019,5,B.Tech,CSE,MH_B,Rajasthan,North,Veg,,Flexible,None,Full_Board,3500,2019-07-16,2023-05-15,False,0.809,3.52,North_Indian,0.212,True,1281.0
S1868,Ridhi Kamdar,2019,5,PhD,CH,MH_A,Kerala,South,Eggetarian,Daily,,,Full_Board,3500,2019-07-18,"May 25, 2024",False,0.34,2.24,North_Indian,0.569,,673.0
S1869,Harsh Kota,2019,5,B.Tech,CE,MH_B,Bihar,North,Non_Veg,Alternate_Days,,None,Full_Board,3500,2019-07-05,29/05/2023,False,0.651,3.95,North_Indian,0.616,True,488.0
S1870,Bachittar Sengupta,2019,5,B.Tech,EE,MH_B,Bihar,North,Veg,,Flexible,,Breakfast_Only,3627,2019-07-07,2023-05-15,False,0.789,3.17,North_Indian,0.514,,1154.0
S1871,Ijaya Chahal,2019,5,M.Tech,EE,MH_B,Gujarat,West,Eggetarian,Daily,,None,Full_Board,3500,2019-07-14,2021-05-28,False,0.745,3.84,,0.322,False,686.0
S1872,Jacob Khalsa,2019,5,PhD,EE,MH_B,Maharashtra,West,Non_Veg,Daily,,None,Full_Board,3500,08/07/2019,2024-05-28,False,0.651,3.63,Continental,0.59,True,2746.0
S1873,Indali Sangha,2019,5,B.Tech,ECE,MH_G,Maharashtra,West,Veg,,Flexible,,Full_Board,3500,2019-07-18,20/05/2023,False,0.758,2.76,,0.501,False,98.0
S1874,Liam Jhaveri,2019,5,PhD,CH,MH_G,West Bengal,East,Non_Veg,Daily,,,Full_Board,3500,2019-07-01,"May 26, 2024",False,0.538,3.03,North_Indian,0.291,False,1385.0
S1875,Daniel Panchal,2019,5,B.Tech,ME,MH_A,Delhi,North,Non_Veg,Weekly_Once,,,Full_Board,3500,2019-07-19,28/05/2023,False,0.606,3.69,South_Indian,0.185,True,1144.0
S1876,Om Naik,2019,5,B.Tech,CH,MH_B,Jharkhand,North,Non_Veg,Weekly_Once,,Others,Full_Board,3500,"July 16, 2019",2023-05-17,False,0.706,4.02,,0.501,True,607.0
S1877,Bimala Loke,2019,5,M.Tech,CSE,MH_B,Karnataka,South,Non_Veg,Alternate_Days,,None,Lunch_Dinner,3500,2019-07-19,2019-02-23,False,0.657,2.59,North_Indian,0.4,,631.0
S1878,Krishna Sabharwal,2019,5,B.Tech,CSE,MH_G,West Bengal,East,Non_Veg,Weekly_Once,,None,Full_Board,3500,02/07/2019,2023-05-18,False,0.673,5.0,South_Indian,0.707,False,944.0
S1879,Aradhana Date,2019,5,M.Tech,ME,MH_B,West Bengal,East,Non_Veg,Daily,,None,Full_Board,3500,01/07/2019,23/05/2021,False,0.519,2.54,North_Indian,0.073,False,248.0
S1880,Zaid Dhingra,2019,5,B.Tech,CE,MH_G,Kerala,South,Non_Veg,Daily,,None,Lunch_Dinner,3500,2019-07-05,"May 22, 2023",False,0.719,4.73,South_Indian,0.56,,408.0
S1881,Yug Ramaswamy,2019,5,B.Tech,ECE,MH_A,Uttar Pradesh,North,Veg,,Strict,None,Custom,3500,"July 11, 2019","September 23, 2018",False,0.726,2.45,No_Preference,0.3,,479.0
S1882,Lucky Luthra,2019,5,B.Tech,ME,MH_A,Manipur,Northeast,Veg,,Flexible,None,Breakfast_Only,3500,2019-07-11,16/05/2023,False,0.772,3.46,South_Indian,0.333,False,213.0
S1883,Keya Seth,2019,5,B.Tech,ME,MH_A,Uttarakhand,North,Veg,,Flexible,None,Full_Board,3683,2019-07-19,2023-05-15,False,0.854,3.32,North_Indian,0.702,,1498.0
S1884,Girik Rau,2019,5,B.Tech,CSE,MH_B,Karnataka,South,Jain,,,None,Custom,3500,2019-07-18,"May 23, 2023",False,0.884,3.6,No_Preference,0.377,True,572.0
S1885,Jyoti Sha,2019,5,M.Tech,CSE,MH_B,Gujarat,West,Veg,,Flexible,,Lunch_Dinner,3500,"July 06, 2019",18/05/2021,False,1.0,3.32,North_Indian,0.173,False,747.0
S1886,Falak Agate,2019,5,B.Tech,ECE,MH_A,Tamil Nadu,South,Non_Veg,Weekly_Once,,None,Breakfast_Only,3500,2019-07-11,2023-05-19,False,0.46,3.71,North_Indian,0.59,True,219.0
S1887,Tara Parmar,2019,5,B.Tech,CE,MH_A,Rajasthan,North,Non_Veg,Weekly_Once,,None,Full_Board,3500,2019-07-17,2023-05-18,False,0.714,2.37,South_Indian,0.431,False,116.0
S1888,Mitali Kamdar,2019,5,B.Tech,BT,MH_B,Punjab,North,Veg,,Flexible,None,Lunch_Dinner,3500,2019-07-19,2018-12-06,False,0.753,2.66,,0.235,False,149.0
S1889,Siddharth Talwar,2019,5,B.Tech,Other,MH_G,Tamil Nadu,South,Veg,,Indifferent,None,Full_Board,3500,2019-07-05,2023-05-21,False,0.572,2.02,South_Indian,0.255,False,935.0
S1890,Ekantika Mander,2019,5,PhD,ME,MH_A,Bihar,North,Veg,,Strict,None,Breakfast_Only,3500,2019-07-01,25/05/2024,False,0.764,3.69,,0.104,False,60.0
S1891,Kalpit Sundaram,2019,5,B.Tech,Other,MH_A,Uttar Pradesh,North,Veg,,Indifferent,Gluten,Full_Board,3500,2019-07-19,"May 24, 2023",False,0.926,2.43,North_Indian,0.41,True,781.0
S1892,Chanakya Batra,2019,5,B.Tech,CSE,MH_A,Rajasthan,North,Veg,,Flexible,None,Breakfast_Only,3500,2019-07-15,2023-05-26,False,0.69,4.1,North_Indian,0.49,True,780.0
S1893,Tripti Babu,2019,5,M.Tech,ECE,MH_G,Maharashtra,West,Veg,,Flexible,,Lunch_Dinner,3500,2019-07-03,27/05/2021,False,0.692,2.78,North_Indian,0.509,False,190.0
S1894,Nakul Sastry,2019,5,B.Tech,BT,MH_A,Rajasthan,North,Veg,,Flexible,,Breakfast_Only,3500,2019-07-03,"May 15, 2023",False,0.868,3.07,South_Indian,0.217,False,346.0
S1895,Aadi Sangha,2019,5,B.Tech,ECE,MH_B,tamilnadu,South,Veg,,Indifferent,None,Lunch_Dinner,3500,2019-07-06,2018-10-25,False,0.721,3.37,North_Indian,0.309,,232.0
S1896,Kevin Mittal,2019,5,B.Tech,EE,MH_B,Uttar Pradesh,North,Non_Veg,Weekly_Once,,None,Full_Board,3500,"July 17, 2019",2023-05-19,False,0.752,3.12,North_Indian,0.117,True,658.0
S1897,Anusha Chander,2019,5,M.Tech,CSE,MH_G,Maharashtra,West,Veg,,Flexible,,Full_Board,3500,2019-07-19,2019-02-03,False,0.642,3.76,South_Indian,0.053,False,2569.0
S1898,Zashil Butala,2019,5,B.Tech,CSE,MH_B,Gujarat,West,Vegan,,,,Lunch_Dinner,3500,"July 14, 2019",2023-05-18,False,0.759,3.3,,0.397,False,921.0
S1899,Noah Ben,2019,5,B.Tech,CE,MH_B,West Bengal,East,Veg,,Flexible,,Custom,3500,"July 05, 2019",2023-05-28,False,0.615,3.43,,0.585,,346.0
S1900,Dalaja Kaur,2019,5,B.Tech,CE,MH_G,Tamil Nadu,South,Non_Veg,Weekly_Once,,None,Full_Board,3500,2019-07-13,2023-05-27,False,0.974,3.79,No_Preference,0.592,False,129.0
S1901,Gavin Chandran,2020,5,M.Tech,CH,MH_B,Madhya Pradesh,Central,Vegan,,,None,Full_Board,3500,2020-07-18,"May 17, 2022",False,0.686,4.27,Continental,0.143,False,642.0
S1902,Tanay Sood,2020,5,PhD,ECE,MH_G,Uttar Pradesh,North,Veg,,Strict,None,Custom,3500,"July 03, 2020","May 29, 2025",False,0.779,3.13,North_Indian,0.591,False,866.0
S1903,Kevin Kara,2020,5,B.Tech,CSE,MH_B,Rajasthan,North,veg,,Strict,,Custom,3500,2020-07-12,2024-05-24,False,0.676,4.31,South_Indian,0.336,False,194.0
S1904,Aditya Anand,2020,5,M.Tech,ECE,MH_A,Odisha,East,Veg,,Flexible,None,Full_Board,3500,"July 13, 2020",2022-05-26,False,1.0521246834420215,4.03,North_Indian,0.143,True,309.0
S1905,Jai Sami,2020,5,M.Tech,EE,MH_G,Bihar,North,Veg,,Strict,None,Full_Board,3500,05/07/2020,"May 28, 2022",False,0.63,3.44,,0.647,True,617.0
S1906,Vanya Bobal,2020,5,B.Tech,BT,MH_B,Odisha,East,Non_Veg,Rarely,,,Breakfast_Only,3500,"July 01, 2020",2024-05-17,False,0.53,2.16,,0.424,False,970.0
S1907,Leela Chakraborty,2020,5,B.Tech,EE,MH_G,Bihar,North,Eggetarian,Alternate_Days,,None,Full_Board,3500,2020-07-16,2024-05-26,False,0.679,3.86,North_Indian,0.571,,159.0
S1908,Harshil Munshi,2020,5,B.Tech,EE,MH_B,Andhra Pradesh,South,Non_Veg,Rarely,,None,Full_Board,3563,2020-07-09,2024-05-17,False,0.593,2.98,North_Indian,0.647,,908.0
S1909,Chandani Devan,2020,5,B.Tech,CSE,MH_A,Haryana,North,Veg,,Strict,Lactose,Breakfast_Only,3500,11/07/2020,"May 16, 2024",False,0.874,3.19,North_Indian,0.499,False,1975.0
S1910,Kiaan Dhar,2020,5,B.Tech,ECE,MH_B,Rajasthan,North,Veg,,Flexible,None,Custom,3500,2020-07-04,"May 25, 2024",False,0.793,2.85,North_Indian,0.535,True,133.0
S1911,Abhiram Gala,2020,5,B.Tech,CSE,MH_G,Tamil Nadu,South,Veg,,Strict,None,Full_Board,3500,2020-07-15,2024-05-19,False,0.829,3.88,North_Indian,0.37,,467.0
S1912,Indali Kala,2020,5,B.Tech,EE,MH_G,Maharashtra,West,Eggetarian,Alternate_Days,,None,Full_Board,3500,"July 15, 2020","May 22, 2024",False,0.695,2.54,South_Indian,0.529,False,1652.0
S1913,Nisha Savant,2020,5,B.Tech,ME,MH_B,Uttar Pradesh,Northeast,Veg,,Flexible,None,Full_Board,3500,2020-07-03,2024-05-27,False,0.775,3.66,North_Indian,0.149,,739.0
S1914,Gabriel Chaudhry,2020,5,M.Tech,Other,MH_B,Bihar,North,Veg,,Indifferent,None,Full_Board,3631,"July 14, 2020",2022-05-23,False,0.633,2.47,North_Indian,0.472,False,1219.0
S1915,Jatin Rajagopalan,2020,5,B.Tech,ECE,MH_B,Bihar,North,Non_Veg,Weekly_Once,,,Full_Board,3500,2020-07-13,27/05/2024,False,0.77,4.02,North_Indian,0.663,False,793.0
S1916,Pushti Murty,2020,5,B.Tech,CSE,MH_B,Chhattisgarh,Central,Non_Veg,Daily,,,Full_Board,3500,2020-07-17,"May 15, 2024",False,0.561,2.94,South_Indian,0.359,False,918.0
S1917,Yug Malhotra,2020,5,PhD,CSE,MH_A,Uttarakhand,North,Non_Veg,Weekly_Once,,,Full_Board,3500,"July 07, 2020",2025-05-15,False,0.728,3.64,No_Preference,0.148,False,204.0
S1918,Yuvraj Mane,2020,5,B.Tech,Other,MH_B,Karnataka,South,Non_Veg,Daily,,None,Full_Board,3500,11/07/2020,19/05/2024,False,0.881,3.43,North_Indian,0.212,False,531.0
S1919,Charvi Jha,2020,5,B.Tech,CSE,MH_G,Haryana,North,Eggetarian,Daily,,None,Breakfast_Only,3500,"July 14, 2020","May 20, 2024",False,0.675,3.96,North_Indian,0.848,False,346.0
S1920,Manya Merchant,2020,5,B.Tech,CSE,MH_A,Gujarat,West,Veg,,Flexible,None,Full_Board,3533,06/07/2020,20/05/2024,False,0.943,3.02,North_Indian,0.526,True,713.0
S1921,Wriddhish Talwar,2020,5,B.Tech,ECE,MH_G,West Bengal,East,Jain,,,,Full_Board,3500,2020-07-11,"November 29, 2019",False,1.1194806175827678,3.04,South_Indian,0.126,False,704.0
S1922,Isaiah Khosla,2020,5,B.Tech,EE,MH_A,Uttar Pradesh,North,Veg,,Strict,,Full_Board,3500,2020-07-11,"May 26, 2024",False,0.47,2.96,,0.47,,717.0
S1923,Ekavir Wable,2020,5,B.Tech,ME,MH_G,Assam,Northeast,Non_Veg,Alternate_Days,,None,Full_Board,3500,14/07/2020,"May 21, 2024",False,0.694,3.2,North_Indian,0.614,False,703.0
S1924,Jalsa Nadig,2020,5,B.Tech,CSE,MH_A,Tamil Nadu,South,Non_Veg,Alternate_Days,,None,Full_Board,3500,2020-07-08,22/05/2024,False,0.808,3.66,North_Indian,0.431,False,628.0
S1925,Lila Salvi,2020,5,M.Tech,ME,MH_G,Uttar Pradesh,North,Veg,,Strict,None,Full_Board,3912,2020-07-19,2022-05-15,False,0.705,2.61,North_Indian,0.29,,332.0
S1926,Orinder Sinha,2020,5,PhD,CSE,MH_A,TAMIL NADU,South,Non_Veg,Alternate_Days,,,Breakfast_Only,3500,2020-07-02,17/05/2025,False,1.2647386194239125,3.51,No_Preference,0.244,,95.0
S1927,Anay Bir,2020,5,B.Tech,ECE,MH_B,Madhya Pradesh,Central,Veg,,Strict,,Full_Board,3500,2020-07-06,2024-05-23,False,0.763,4.34,North_Indian,0.596,False,497.0
S1928,Adweta Kale,2020,5,B.Tech,CH,MH_B,Uttarakhand,North,Non_Veg,Weekly_Once,,None,Custom,3500,2020-07-13,2024-05-24,False,0.797,2.98,North_Indian,0.416,,565.0
S1929,Darpan Rao,2020,5,B.Tech,ECE,MH_G,Chhattisgarh,Central,Veg,,Flexible,None,Full_Board,3500,2020-07-13,2024-05-21,False,0.762,3.79,South_Indian,0.522,True,178.0
S1930,Yachana Sagar,2020,5,B.Tech,ME,MH_B,Gujarat,West,Veg,,Strict,None,Full_Board,3500,"July 02, 2020",2024-05-19,False,0.864,4.17,North_Indian,0.278,True,68.0
S1931,Neelima Butala,2020,5,B.Tech,CSE,MH_A,Bihar,North,Veg,,Indifferent,Lactose,Lunch_Dinner,3500,03/07/2020,"May 28, 2024",False,0.56,2.62,North_Indian,0.516,,243.0
S1932,Arunima Chacko,2020,5,PhD,ECE,MH_B,Madhya Pradesh,Central,Eggetarian,Alternate_Days,,,Full_Board,3500,"July 03, 2020",2025-05-20,False,0.718,3.84,No_Preference,0.512,False,1251.0
S1933,Farhan Vaidya,2020,5,B.Tech,CSE,MH_B,Kerala,South,Veg,,Flexible,None,Breakfast_Only,3500,2020-07-19,2024-05-25,False,0.569,2.66,North_Indian,0.291,True,941.0
S1934,Nachiket Yadav,2020,5,B.Tech,CE,MH_A,Uttar Pradesh,North,Non_Veg,Rarely,,None,Full_Board,3615,"July 12, 2020",21/05/2024,False,0.766,2.27,North_Indian,0.629,False,792.0
S1935,Mahika Bhatti,2020,5,B.Tech,EE,MH_B,Bihar,North,Veg,,Strict,None,Full_Board,3500,2020-07-12,2024-05-15,False,0.785,3.79,,0.622,,288.0
S1936,Rajeshri Khare,2020,5,PhD,CSE,MH_B,Kerala,South,Veg,,Flexible,Others,Breakfast_Only,3500,2020-07-10,2025-05-24,False,0.747,1.0,North_Indian,0.334,False,960.0
S1937,Yash Chadha,2020,5,B.Tech,CSE,MH_B,West Bengal,East,Non_Veg,Daily,,None,Custom,3500,2020-07-13,2024-05-23,False,0.799,3.87,No_Preference,0.466,True,2830.0
S1938,Jack Setty,2020,5,B.Tech,ECE,MH_G,Kerala,South,Non_Veg,Alternate_Days,,None,Lunch_Dinner,3527,2020-07-16,29/05/2024,False,1.2224436463839028,4.1,,0.337,False,83.0
S1939,Dayamai Gill,2020,5,PhD,CSE,MH_B,Uttar Pradesh,North,Veg,,Strict,None,Full_Board,3500,2020-07-19,2025-05-18,False,0.738,3.1,,0.306,False,239.0
S1940,Advik Devan,2020,5,B.Tech,ME,MH_G,Telangana,South,Veg,,Indifferent,None,Lunch_Dinner,3500,2020-07-15,16/05/2024,False,0.741,2.28,South_Indian,0.216,False,1561.0
S1941,Nihal Taneja,2020,5,B.Tech,CE,MH_A,West Bengal,East,Non_Veg,Daily,,None,Lunch_Dinner,3500,2020-07-17,"May 26, 2024",False,0.859,3.49,Continental,0.231,False,727.0
S1942,Zansi Lad,2020,5,B.Tech,CE,MH_B,Jharkhand,East,Non_Veg,Weekly_Once,,,Full_Board,3634,16/07/2020,2024-05-19,False,0.997,3.24,North_Indian,0.505,False,185.0
S1943,Kamya Date,2020,5,M.Tech,EE,MH_A,Assam,Northeast,NV,Weekly_Once,,None,Full_Board,3500,2020-07-19,25/05/2022,False,0.688,3.76,South_Indian,0.067,,2139.0
S1944,Jacob Balan,2020,5,B.Tech,EE,MH_A,Arunachal Pradesh,Northeast,Veg,,Flexible,,Full_Board,3629,2020-07-01,"May 26, 2024",False,0.757,3.14,No_Preference,0.174,True,341.0
S1945,Pushti Magar,2020,5,B.Tech,CSE,MH_A,Madhya Pradesh,Central,Veg,,Strict,,Breakfast_Only,3718,2020-07-13,2024-05-16,False,0.551,2.29,South_Indian,0.163,False,636.0
S1946,Adya Bose,2020,5,B.Tech,CSE,MH_A,Punjab,North,Non_Veg,Weekly_Once,,Gluten,Custom,3500,"July 12, 2020",2024-05-15,False,0.634,4.22,South_Indian,0.446,False,110.0
S1947,Tamanna Vaidya,2020,5,M.Tech,EE,MH_A,Delhi,North,Eggetarian,Daily,,,Full_Board,3500,2020-07-03,"December 13, 2019",False,0.788,4.21,South_Indian,0.316,,427.0
S1948,Christopher Tata,2020,5,M.Tech,CSE,MH_B,Telangana,South,Veg,,Strict,,Lunch_Dinner,3500,2020-07-04,2022-05-19,False,0.813,3.2,North_Indian,0.207,False,768.0
S1949,Jhalak Dugar,2020,5,M.Tech,CSE,MH_B,Punjab,North,Eggetarian,Daily,,None,Full_Board,3500,2020-07-08,29/05/2022,False,0.817,3.85,North_Indian,0.447,False,512.0
S1950,Harshil D’Alia,2020,5,B.Tech,Other,MH_A,Uttar Pradesh,North,Eggetarian,Daily,,None,Lunch_Dinner,3500,"July 19, 2020",08/03/2020,False,0.696,5.0,South_Indian,0.39,False,201.0
S1951,Yashodhara Agate,2020,5,B.Tech,ME,MH_A,Delhi,North,Veg,,Flexible,,Full_Board,3500,"July 16, 2020",17/05/2024,False,0.675,2.15,No_Preference,0.594,False,455.0
S1952,Advik Konda,2020,5,B.Tech,CH,MH_A,Punjab,North,Non_Veg,Weekly_Once,,,Custom,3500,2020-07-19,2024-05-24,False,0.757,3.95,No_Preference,0.688,False,189.0
S1953,Urmi Patla,2020,5,M.Tech,CSE,MH_A,TN,South,Veg,,Indifferent,None,Full_Board,3500,15/07/2020,2022-05-22,False,0.624,2.32,,0.344,False,164.0
S1954,Mason Gola,2020,5,M.Tech,ECE,MH_B,Rajasthan,North,Non_Veg,Daily,,None,Full_Board,3500,2020-07-08,25/08/2019,False,0.821,4.2,North_Indian,0.369,False,1231.0
S1955,Oni Kapur,2020,5,M.Tech,BT,MH_A,Rajasthan,North,Veg,,Strict,,Lunch_Dinner,3690,08/07/2020,"May 26, 2022",False,0.668,2.59,No_Preference,0.465,True,811.0
S1956,Yuvraj Saha,2020,5,M.Tech,CH,MH_G,Telangana,South,Veg,,Strict,Nut,Full_Board,3537,2020-07-08,20/05/2022,False,0.39,3.73,South_Indian,0.451,,3000.0
S1957,Anika Brahmbhatt,2020,5,M.Tech,Other,MH_A,Tamil Nadu,South,Veg,,Strict,None,Full_Board,3500,2020-07-15,29/05/2022,False,0.661,2.26,,0.309,False,1110.0
S1958,Jagdish Thakkar,2020,5,PhD,ME,MH_B,Bihar,North,Veg,,Indifferent,,Full_Board,3500,2020-07-02,2025-05-26,False,0.917,2.43,North_Indian,0.507,False,1484.0
S1959,Praneel Kapoor,2020,5,PhD,CSE,MH_A,Rajasthan,North,pure-veg,,Indifferent,,Lunch_Dinner,3620,2020-07-03,2025-05-15,False,0.55,3.08,North_Indian,0.239,,704.0
S1960,Nandini Biswas,2020,5,PhD,ME,MH_B,Rajasthan,North,Veg,,Flexible,None,Custom,3500,2020-07-16,21/05/2025,False,0.736,3.85,No_Preference,0.165,False,869.0
S1961,Barkha Mukhopadhyay,2020,5,B.Tech,CE,MH_B,Bihar,North,Non_Veg,Weekly_Once,,None,Lunch_Dinner,3500,2020-07-06,19/05/2024,False,0.756,2.76,No_Preference,0.296,False,429.0
S1962,Gabriel Shan,2020,5,B.Tech,CSE,MH_B,Rajasthan,North,Non_Veg,Daily,,None,Full_Board,3500,"July 19, 2020",26/05/2024,False,0.626,3.33,South_Indian,0.412,False,422.0
S1963,Jyoti Iyer,2020,5,B.Tech,CSE,MH_B,Tamil Nadu,South,Non_Veg,Alternate_Days,,None,Custom,3500,11/07/2020,2024-05-29,False,0.795,3.73,North_Indian,0.411,False,313.0
S1964,Daksha Kibe,2020,5,B.Tech,ME,MH_A,Madhya Pradesh,Central,Veg,,Flexible,None,Lunch_Dinner,3500,"July 14, 2020",19/05/2024,False,0.589,4.19,South_Indian,0.201,True,571.0
S1965,Jyoti Tak,2020,5,B.Tech,ECE,MH_A,Maharashtra,West,Veg,,Indifferent,None,Full_Board,3622,16/07/2020,2024-05-26,False,0.694,2.96,South_Indian,0.624,True,1905.0
S1966,Yatan Dora,2020,5,B.Tech,CE,MH_B,Punjab,North,Eggetarian,Alternate_Days,,Lactose,Full_Board,3500,"July 12, 2020",22/05/2024,False,0.725,3.39,,0.247,False,589.0
S1967,Nimrat Bajwa,2020,5,B.Tech,ME,MH_A,Uttar Pradesh,North,Veg,,Strict,None,Lunch_Dinner,3500,2020-07-12,2024-05-20,False,0.666,3.7,,0.549,,254.0
S1968,Hiral Andra,2020,5,M.Tech,CSE,MH_G,Telangana,South,Non_Veg,Weekly_Once,,,Custom,3500,"July 11, 2020",2022-05-22,False,0.827,2.82,South_Indian,0.46,False,1089.0
S1969,Aarav Puri,2020,5,B.Tech,ME,MH_A,Rajasthan,North,nonveg,Alternate_Days,,,Full_Board,3918,09/07/2020,2024-05-24,False,0.701,2.94,No_Preference,0.564,,378.0
S1970,Hemang Jha,2020,5,B.Tech,CSE,MH_B,Gujarat,West,Veg,,Indifferent,Nut,Custom,3523,"July 11, 2020",2024-05-15,False,0.668,3.54,,0.281,False,1414.0
S1971,Oni Swamy,2020,5,M.Tech,ME,MH_B,Tripura,Northeast,Non_Veg,Daily,,,Full_Board,3528,18/07/2020,2022-05-15,False,0.647,3.91,South_Indian,0.474,False,280.0
S1972,Lucky Mammen,2020,5,M.Tech,EE,MH_G,Madhya Pradesh,Central,Veg,,Strict,,Full_Board,3500,2020-07-05,29/05/2022,False,0.769,4.8,South_Indian,0.233,True,385.0
S1973,Caleb Kata,2020,5,B.Tech,EE,MH_B,Uttarakhand,North,Non_Veg,Alternate_Days,,None,Full_Board,3500,2020-07-11,2024-05-25,False,0.553,4.09,No_Preference,0.18,,283.0
S1974,Kashish Shanker,2020,5,B.Tech,ME,MH_B,West Bengal,East,Veg,,Strict,None,Full_Board,3500,2020-07-16,2024-05-16,False,0.572,4.54,,0.658,True,2183.0
S1975,Girish Tiwari,2020,5,B.Tech,Other,MH_A,Odisha,East,Veg,,Flexible,Others,Full_Board,3500,2020-07-01,2024-05-15,False,0.589,2.39,No_Preference,0.422,False,1069.0
S1976,Meera Borde,2020,5,M.Tech,ME,MH_B,Uttar Pradesh,North,Veg,,Flexible,None,Lunch_Dinner,3500,2020-07-17,"May 29, 2022",False,0.36,2.49,South_Indian,0.57,False,196.0
S1977,Radhika De,2020,5,B.Tech,CSE,MH_A,Bihar,North,Non_Veg,Rarely,,None,Full_Board,3500,"July 02, 2020",28/05/2024,False,0.796,4.42,South_Indian,0.24,False,352.0
S1978,Bishakha Lal,2020,5,B.Tech,BT,MH_B,Himachal Pradesh,North,Veg,,Indifferent,None,Breakfast_Only,3547,"July 12, 2020",2024-05-27,False,0.69,2.08,North_Indian,0.477,True,1284.0
S1979,Maya Narain,2020,5,PhD,Other,MH_G,Rajasthan,North,Veg,,Flexible,None,Full_Board,3500,2020-07-08,"May 28, 2025",False,0.623,2.43,,0.391,False,167.0
S1980,Sneha Magar,2020,5,PhD,EE,MH_G,Bihar,North,Veg,,Strict,,Full_Board,3500,2020-07-14,29/05/2025,False,0.644,4.35,No_Preference,0.376,,179.0
S1981,Falan Jain,2020,5,B.Tech,CSE,MH_A,Maharashtra,West,Veg,,Indifferent,,Lunch_Dinner,3500,2020-07-16,2024-05-20,False,0.762,3.37,North_Indian,0.22,,64.0
S1982,Ikbal Dugal,2020,5,B.Tech,ECE,MH_A,Haryana,North,pure-veg,,Flexible,,Full_Board,3500,2020-07-04,2024-05-18,False,0.718,3.01,,0.321,False,931.0
S1983,Nitesh Sengupta,2020,5,B.Tech,CE,MH_A,Madhya Pradesh,Central,Veg,,Strict,None,Lunch_Dinner,3500,2020-07-01,2024-05-19,False,1.1021679741912291,2.41,No_Preference,0.721,True,868.0
S1984,Dipta Ray,2020,5,B.Tech,ECE,MH_G,Gujarat,West,Veg,,Strict,,Lunch_Dinner,3500,2020-07-19,2024-05-24,False,0.764,3.15,North_Indian,0.266,False,1894.0
S1985,Ishita Johal,2020,5,B.Tech,CH,MH_B,tamilnadu,South,Non_Veg,Daily,,None,Full_Board,3500,2020-07-15,2024-05-17,False,0.698,2.78,Continental,0.464,False,1209.0
S1986,Darika Sheth,2020,5,B.Tech,ME,MH_B,West Bengal,East,Non_Veg,Weekly_Once,,None,Breakfast_Only,3500,2020-07-04,2024-05-24,False,0.667,1.59,North_Indian,0.373,False,686.0
S1987,Jagdish Chana,2020,5,B.Tech,Other,MH_A,Tamil Nadu,South,Non_Veg,Alternate_Days,,Nut,Full_Board,3510,"July 19, 2020",23/05/2024,False,0.55,3.28,,0.808,,263.0
S1988,Daksha Baria,2020,5,PhD,CSE,MH_G,Maharashtra,West,Veg,,Strict,None,Full_Board,3509,2020-07-14,2025-05-18,False,0.793,3.77,No_Preference,0.754,False,124.0
S1989,Falak Divan,2020,5,B.Tech,ECE,MH_B,Telangana,South,Veg,,Indifferent,,Lunch_Dinner,3500,"July 11, 2020",2024-05-19,False,0.525,3.52,North_Indian,0.233,True,124.0
S1990,Yuvraj Parekh,2020,5,M.Tech,ECE,MH_A,Gujarat,West,Veg,,Strict,None,Full_Board,3500,2020-07-08,2019-11-22,False,0.784,3.89,,0.287,True,288.0
S1991,Yochana Bawa,2020,5,B.Tech,ME,MH_B,Gujarat,West,Veg,,Flexible,None,Custom,3500,2020-07-06,28/05/2024,False,0.736,3.41,North_Indian,0.068,False,166.0
S1992,Abha Ghosh,2020,5,B.Tech,CH,MH_A,West Bengal,East,Veg,,Strict,Nut,Full_Board,3500,"July 07, 2020","May 02, 2020",False,0.632,3.33,South_Indian,0.49,False,358.0
S1993,Nidhi Sethi,2020,5,B.Tech,ME,MH_A,Maharashtra,West,Veg,,Strict,None,Lunch_Dinner,3500,06/07/2020,2024-05-16,False,0.57,2.61,South_Indian,0.272,False,100.0
S1994,Girindra Shere,2020,5,B.Tech,EE,MH_B,Maharashtra,West,Veg,,Flexible,None,Full_Board,3557,"July 07, 2020",2024-05-15,False,0.547,2.71,Continental,0.404,,2066.0
S1995,Logan Dara,2020,5,B.Tech,CSE,MH_A,Gujarat,West,Veg,,Indifferent,,Full_Board,3503,2020-07-10,2019-12-10,False,0.621,1.83,South_Indian,0.389,True,1817.0
S1996,David Kapadia,2020,5,B.Tech,ME,MH_A,Uttarakhand,North,Eggetarian,Alternate_Days,,,Full_Board,3500,"July 01, 2020",2024-05-27,False,0.781,3.97,,0.424,True,121.0
S1997,Rudra Rattan,2020,5,B.Tech,EE,MH_G,Gujarat,West,Veg,,Flexible,None,Breakfast_Only,3500,03/07/2020,2024-05-29,False,0.745,3.89,North_Indian,0.537,True,471.0
S1998,Frado Lad,2020,5,B.Tech,ECE,MH_G,Karnataka,South,Non_Veg,Alternate_Days,,,Full_Board,3500,2020-07-02,2024-05-25,False,0.73,2.83,,0.31,True,3000.0
S1999,Anthony Bhattacharyya,2020,5,M.Tech,ECE,MH_B,Uttarakhand,North,Non_Veg,Rarely,,None,Lunch_Dinner,3500,2020-07-03,2022-05-28,False,0.583,2.73,,0.331,True,460.0
S2000,Sachi Dave,2020,5,B.Tech,ME,MH_G,Karnataka,South,Veg,,Flexible,None,Breakfast_Only,3500,19/07/2020,2024-05-22,False,0.764,2.61,South_Indian,0.426,False,1111.0
S2001,Garima Das,2020,5,PhD,EE,MH_B,Bihar,North,Non_Veg,Daily,,None,Full_Board,3500,"July 18, 2020",24/05/2020,False,0.659,2.1,,0.396,,212.0
S2002,Triya Bedi,2020,5,B.Tech,CE,MH_B,Goa,West,Veg,,Strict,None,Lunch_Dinner,3500,2020-07-14,2024-05-23,False,0.931,4.05,South_Indian,0.354,True,51.0
S2003,Rachita Rana,2020,5,B.Tech,EE,MH_G,Rajasthan,North,Non_Veg,Daily,,,Full_Board,3500,"July 09, 2020",2024-05-27,False,0.754,2.66,South_Indian,0.418,False,168.0
S2004,Ayushman Raja,2020,5,B.Tech,ECE,MH_B,Rajasthan,North,Veg,,Strict,None,Lunch_Dinner,3500,2020-07-07,2024-05-16,False,0.763,2.76,,0.227,,1443.0
S2005,Orinder Pandya,2020,5,M.Tech,CE,MH_A,Uttar Pradesh,North,Veg,,Flexible,None,Full_Board,3500,2020-07-03,2022-05-24,False,0.827,3.86,North_Indian,0.459,False,335.0
S2006,Rachit Maharaj,2020,5,PhD,EE,MH_B,Karnataka,South,Vegan,,,None,Lunch_Dinner,3500,2020-07-02,24/05/2025,False,0.818,2.78,North_Indian,0.346,False,1281.0
S2007,Sanaya Dixit,2020,5,B.Tech,EE,MH_A,Maharashtra,West,pure-veg,,Flexible,None,Full_Board,3500,2020-07-07,2024-05-17,False,0.912,1.9,North_Indian,0.139,False,84.0
S2008,Yatan Merchant,2020,5,B.Tech,Other,MH_A,Rajasthan,North,Veg,,Flexible,Gluten,Full_Board,3500,"July 18, 2020","May 18, 2024",False,0.632,4.18,North_Indian,0.798,,418.0
S2009,Nisha Srinivas,2020,5,B.Tech,BT,MH_A,Delhi,North,Non_Veg,Weekly_Once,,,Lunch_Dinner,3500,2020-07-04,2024-05-25,False,0.582,3.54,Continental,0.231,False,626.0
S2010,Gagan Mammen,2020,5,B.Tech,CSE,MH_A,Rajasthan,North,Veg,,Strict,,Full_Board,3500,06/07/2020,"May 18, 2024",False,0.713,3.41,,0.508,True,755.0
S2011,Laksh Saini,2020,5,B.Tech,ME,MH_B,Manipur,Northeast,Non_Veg,Alternate_Days,,None,Lunch_Dinner,3500,12/07/2020,2024-05-23,False,0.596,3.05,North_Indian,0.281,False,348.0
S2012,Zaid Bahl,2020,5,B.Tech,EE,MH_G,Odisha,East,Veg,,Flexible,,Full_Board,3500,2020-07-08,"May 21, 2024",False,1.1692491923542085,2.79,,0.255,False,775.0
S2013,Jagrati Srinivasan,2020,5,B.Tech,ME,MH_A,Maharashtra,West,Non_Veg,Rarely,,None,Lunch_Dinner,3500,2020-07-08,2024-05-24,False,0.591,3.44,North_Indian,0.302,False,2391.0
S2014,Hemangini Thakkar,2020,5,B.Tech,CH,MH_B,Maharashtra,West,Non_Veg,Daily,,,Full_Board,3500,14/07/2020,2020-05-23,False,0.807,3.98,North_Indian,0.39,False,226.0
S2015,Lipika Madan,2020,5,B.Tech,EE,MH_B,Manipur,Northeast,Non_Veg,Rarely,,None,Full_Board,3500,"July 04, 2020",2024-05-27,False,0.626,2.5,North_Indian,0.162,True,714.0
S2016,Atharv Nagar,2020,5,B.Tech,CSE,MH_A,Rajasthan,North,Non_Veg,Rarely,,None,Full_Board,3500,02/07/2020,2024-05-25,False,0.758,2.72,North_Indian,0.366,True,1349.0
S2017,Ayushman Mand,2020,5,B.Tech,CSE,MH_A,Himachal Pradesh,North,Non_Veg,Alternate_Days,,,Full_Board,3500,2020-07-16,2024-05-15,False,0.802,2.45,North_Indian,0.242,False,989.0
S2018,Urmi Wagle,2020,5,B.Tech,CE,MH_G,West Bengal,East,Veg,,Strict,None,Full_Board,3500,2020-07-13,2024-05-15,False,0.607,4.04,,0.664,False,414.0
S2019,Viraj Dutta,2020,5,M.Tech,CE,MH_B,Madhya Pradesh,Central,Veg,,Strict,None,Breakfast_Only,3500,2020-07-07,2022-05-27,False,0.71,2.7,No_Preference,0.428,False,679.0
S2020,Yug Khosla,2020,5,M.Tech,CH,MH_G,Andhra Pradesh,South,Non_Veg,Weekly_Once,,None,Lunch_Dinner,3500,2020-07-09,"May 18, 2022",False,0.86,2.44,North_Indian,0.182,,707.0
S2021,Daksh Kanda,2020,5,B.Tech,ECE,MH_A,Karnataka,South,Veg,,Flexible,,Breakfast_Only,3500,2020-07-11,2024-05-24,False,0.674,4.07,North_Indian,0.594,True,501.0
S2022,Isha Ghose,2020,5,B.Tech,CH,MH_G,Kerala,South,Vegan,,,Lactose,Full_Board,3500,05/07/2020,2024-05-17,False,0.565,3.31,,0.162,False,175.0
S2023,Warjas Nadkarni,2020,5,M.Tech,CSE,MH_G,Delhi,North,Veg,,Flexible,,Full_Board,3500,2020-07-08,2022-05-16,False,0.456,2.78,,0.752,True,895.0
S2024,Ayaan Pandey,2020,5,B.Tech,ECE,MH_A,Maharashtra,West,Non_Veg,Alternate_Days,,None,Full_Board,3560,08/07/2020,2024-05-20,False,0.784,1.74,South_Indian,0.505,False,568.0
S2025,Raghav Tailor,2020,5,B.Tech,BT,MH_B,West Bengal,East,Non_Veg,Daily,,None,Breakfast_Only,3500,2020-07-02,15/05/2024,False,0.844,2.92,North_Indian,0.366,False,964.0
S2026,Parth Swaminathan,2020,5,B.Tech,ME,MH_B,Telangana,South,Veg,,Strict,,Full_Board,3500,"July 10, 2020",16/05/2024,False,1.2096382419020755,2.27,North_Indian,0.602,,457.0
S2027,Gautam Bhalla,2020,5,PhD,CH,MH_G,Uttar Pradesh,North,veg,,Strict,None,Full_Board,3500,08/07/2020,2025-05-19,False,0.918,4.31,South_Indian,0.334,False,278.0
S2028,Theodore Bahri,2020,5,B.Tech,CSE,MH_A,Kerala,South,Non_Veg,Weekly_Once,,None,Full_Board,3500,06/07/2020,"May 28, 2024",False,0.694,3.53,No_Preference,0.277,True,493.0
S2029,Aadi Narula,2020,5,M.Tech,CSE,MH_A,Uttar Pradesh,North,Eggetarian,Weekly_Once,,None,Lunch_Dinner,3500,"July 18, 2020",2022-05-27,False,0.783,2.43,North_Indian,0.162,True,103.0
S2030,Kalpit Oak,2020,5,B.Tech,CH,MH_A,Uttar Pradesh,North,Veg,,Flexible,,Lunch_Dinner,3500,2020-07-01,25/05/2024,False,0.722,3.65,No_Preference,0.254,False,186.0
S2031,Ekiya Bhargava,2020,5,PhD,EE,MH_A,Nagaland,Northeast,Non_Veg,Rarely,,None,Lunch_Dinner,3500,2020-07-10,"May 21, 2025",False,0.815,2.28,North_Indian,0.476,,590.0
S2032,Manbir Dhar,2020,5,B.Tech,ECE,MH_B,Delhi,North,Eggetarian,Alternate_Days,,Nut,Full_Board,3500,19/07/2020,2024-05-29,False,0.829,3.69,South_Indian,0.535,,611.0
S2033,Janya Bora,2020,5,B.Tech,EE,MH_B,Uttar Pradesh,North,Veg,,Strict,,Full_Board,3500,2020-07-03,2024-05-22,False,0.807,2.3,South_Indian,0.422,False,867.0
S2034,Meghana Chaudhuri,2020,5,B.Tech,ME,MH_G,Gujarat,West,Veg,,Indifferent,None,Custom,3543,12/07/2020,2024-05-24,False,0.693,2.97,South_Indian,0.148,False,2080.0
S2035,Chasmum Naidu,2020,5,B.Tech,CE,MH_A,Rajasthan,North,Veg,,Flexible,None,Full_Board,3500,2020-07-06,24/05/2024,False,0.795,1.43,North_Indian,0.707,False,1588.0
S2036,Nakul Sarkar,2020,5,B.Tech,ME,MH_B,Rajasthan,North,Veg,,Flexible,Lactose,Full_Board,3500,2020-07-16,2024-05-16,False,0.907,2.48,North_Indian,0.089,True,107.0
S2037,Edhitha Ghosh,2020,5,M.Tech,ME,MH_B,West Bengal,East,Non_Veg,Daily,,None,Lunch_Dinner,3500,05/07/2020,2022-05-16,False,0.847,2.8,No_Preference,0.117,False,562.0
S2038,Udant Gill,2020,5,B.Tech,ME,MH_A,Telangana,South,Non_Veg,Weekly_Once,,,Breakfast_Only,3500,2020-07-06,26/05/2024,False,0.576,4.83,No_Preference,0.554,False,837.0
S2039,Damyanti Menon,2020,5,B.Tech,ECE,MH_B,Uttar Pradesh,North,Veg,,Flexible,None,Full_Board,3500,2020-07-16,2024-05-15,False,0.659,3.0,South_Indian,0.209,,1168.0
S2040,Peter Agarwal,2020,5,M.Tech,ECE,MH_A,Andhra Pradesh,South,Veg,,Flexible,,Full_Board,3500,"July 15, 2020",18/05/2022,False,0.738,4.38,North_Indian,0.487,False,597.0
S2041,Bachittar Gopal,2020,5,PhD,EE,MH_G,Andhra Pradesh,South,Eggetarian,Alternate_Days,,None,Full_Board,3500,2020-07-15,"May 18, 2025",False,0.506,3.98,North_Indian,0.216,False,259.0
S2042,Timothy Chawla,2020,5,B.Tech,ME,MH_G,Telangana,South,Veg,,Flexible,None,Full_Board,3500,2020-07-08,20/05/2024,False,0.814,3.43,North_Indian,0.207,False,166.0
S2043,Lohit Narula,2020,5,M.Tech,ECE,MH_A,West Bengal,South,Non_Veg,Weekly_Once,,None,Lunch_Dinner,3500,2020-07-16,2022-05-18,False,0.71,1.69,,0.152,False,508.0
S2044,Wazir Palan,2020,5,B.Tech,ECE,MH_A,Goa,West,Eggetarian,Daily,,None,Full_Board,3646,04/07/2020,"May 19, 2024",False,0.698,1.98,,0.645,True,228.0
S2045,Oliver Chakrabarti,2020,5,B.Tech,CE,MH_A,Maharashtra,West,Veg,,Flexible,None,Full_Board,3500,2020-07-02,"May 25, 2024",False,0.79,4.33,North_Indian,0.05,False,753.0
S2046,Sanya Apte,2020,5,M.Tech,EE,MH_B,Telangana,South,Non_Veg,Alternate_Days,,None,Full_Board,3500,2020-07-07,2022-05-15,False,0.564,3.14,North_Indian,0.623,False,1666.0
S2047,Shaurya Krish,2020,5,M.Tech,EE,MH_A,Uttar Pradesh,North,Non_Veg,Alternate_Days,,None,Full_Board,3500,03/07/2020,2019-09-17,False,0.687,3.87,,0.262,,305.0
S2048,Inaya Kunda,2020,5,M.Tech,CE,MH_A,Karnataka,South,nonveg,Rarely,,,Full_Board,3500,06/07/2020,"May 20, 2022",False,0.609,3.47,South_Indian,0.099,False,1300.0
S2049,Aarav Bava,2020,5,B.Tech,CSE,MH_B,Punjab,North,Non_Veg,Daily,,None,Full_Board,3500,2020-07-06,2024-05-28,False,0.892,3.75,,0.13,True,789.0
S2050,Raksha Saini,2020,5,B.Tech,CSE,MH_A,Odisha,East,Vegetarian,,Strict,None,Full_Board,3517,2020-07-05,"May 21, 2024",False,0.89,3.17,,0.57,False,658.0
S2051,Odika Tailor,2020,5,B.Tech,CH,MH_A,Uttar Pradesh,North,Veg,,Flexible,Nut,Custom,3638,2020-07-08,22/05/2024,False,0.656,3.16,No_Preference,0.485,False,559.0
S2052,Indali Prashad,2020,5,B.Tech,CSE,MH_B,Meghalaya,Northeast,Veg,,Indifferent,None,Breakfast_Only,3500,2020-07-09,2024-05-17,False,0.805,3.34,North_Indian,0.357,False,1095.0
S2053,Varenya Kar,2020,5,B.Tech,ECE,MH_B,Uttar Pradesh,North,Veg,,Flexible,Nut,Full_Board,3500,2020-07-05,"May 26, 2024",False,0.44,4.79,North_Indian,0.524,,110.0
S2054,Siya Borah,2020,5,M.Tech,CSE,MH_G,Andhra Pradesh,South,Non_Veg,Weekly_Once,,,Full_Board,3500,05/07/2020,2019-11-29,False,0.726,3.29,No_Preference,0.577,False,2261.0
S2055,Chaitaly Bahri,2020,5,B.Tech,EE,MH_B,Nagaland,Northeast,Non_Veg,Weekly_Once,,None,Breakfast_Only,3513,"July 01, 2020",2024-05-16,False,0.767,4.78,North_Indian,0.297,False,111.0
S2056,Advika Cheema,2020,5,M.Tech,CSE,MH_G,Maharashtra,West,Eggetarian,Weekly_Once,,None,Custom,3500,2020-07-04,2022-05-16,False,0.685,2.45,North_Indian,0.343,True,1315.0
S2057,Hema Garde,2020,5,B.Tech,ME,MH_A,Chhattisgarh,Central,Non_Veg,Daily,,None,Lunch_Dinner,3500,2020-07-07,2024-05-26,False,0.746,3.01,South_Indian,0.281,False,303.0
S2058,Naveen Borde,2020,5,B.Tech,CSE,MH_G,Maharashtra,West,Veg,,Strict,None,Lunch_Dinner,3711,2020-07-11,2024-05-19,False,0.535,2.67,South_Indian,0.272,False,61.0
S2059,Hamsini Subramanian,2020,5,B.Tech,EE,MH_G,Telangana,South,Non_Veg,Alternate_Days,,Lactose,Breakfast_Only,3500,2020-07-13,2024-05-18,False,0.567,4.21,South_Indian,0.565,False,1515.0
S2060,Raagini Gala,2020,5,M.Tech,CE,MH_B,Odisha,East,Non_Veg,Alternate_Days,,None,Lunch_Dinner,3500,"July 17, 2020",2019-10-31,False,0.541,4.38,,0.146,,537.0
S2061,Naksh Bera,2020,5,M.Tech,ECE,MH_B,Uttar Pradesh,North,pure-veg,,Indifferent,Nut,Lunch_Dinner,3500,2020-07-15,2022-05-16,False,0.661,3.13,South_Indian,0.149,False,2694.0
S2062,Garima Jha,2020,5,B.Tech,EE,MH_B,Punjab,North,Non_Veg,Alternate_Days,,None,Full_Board,3500,2020-07-18,29/05/2024,False,0.796,1.36,No_Preference,0.479,False,389.0
S2063,Nimrat Zachariah,2020,5,PhD,ME,MH_B,Madhya Pradesh,Central,Eggetarian,Rarely,,,Full_Board,3500,2020-07-05,2025-05-22,False,0.76,2.68,North_Indian,0.47,,439.0
S2064,Baghyawati Mishra,2020,5,B.Tech,ME,MH_A,Madhya Pradesh,Central,Non_Veg,Weekly_Once,,None,Full_Board,3500,2020-07-17,2024-05-18,False,0.583,3.83,,0.649,False,265.0
S2065,Gopal Bawa,2020,5,PhD,EE,MH_B,Uttar Pradesh,North,Non_Veg,Alternate_Days,,None,Full_Board,3500,"July 15, 2020","May 25, 2025",False,0.671,3.41,No_Preference,0.261,False,819.0
S2066,Vritti Dube,2020,5,M.Tech,EE,MH_B,Bihar,North,Veg,,Indifferent,None,Breakfast_Only,3500,15/07/2020,2022-05-25,False,1.2207967677513105,3.03,North_Indian,0.187,False,378.0
S2067,Jalsa Aggarwal,2020,5,B.Tech,Other,MH_G,Punjab,North,Veg,,Indifferent,None,Full_Board,3500,2020-07-12,2024-05-25,False,0.823,3.66,South_Indian,0.315,False,474.0
S2068,Gagan Menon,2020,5,B.Tech,CSE,MH_A,Bihar,North,pure-veg,,Flexible,None,Full_Board,3500,01/07/2020,2024-05-19,False,0.886,1.0,,0.251,,1302.0
S2069,Ryan Chatterjee,2020,5,B.Tech,BT,MH_A,Rajasthan,North,Veg,,Strict,Gluten,Full_Board,3651,2020-07-18,2024-05-29,False,0.864,2.95,,0.699,False,2073.0
S2070,Samuel Garde,2020,5,B.Tech,BT,MH_B,Rajasthan,North,Non_Veg,Alternate_Days,,None,Custom,3500,2020-07-02,24/05/2024,False,0.9,3.35,South_Indian,0.337,False,1032.0
S2071,Finn Solanki,2020,5,B.Tech,ME,MH_G,Bihar,North,Veg,,Strict,None,Full_Board,3500,2020-07-06,2024-05-29,False,0.851,2.74,North_Indian,0.325,False,786.0
S2072,Darika Rao,2020,5,B.Tech,ECE,MH_G,Tamil Nadu,South,Non_Veg,Daily,,,Lunch_Dinner,3500,14/07/2020,2024-05-27,False,0.485,3.85,No_Preference,0.639,False,174.0
S2073,Vrinda Lanka,2020,5,M.Tech,CSE,MH_B,Rajasthan,North,Eggetarian,Weekly_Once,,None,Breakfast_Only,3500,"July 08, 2020",2022-05-28,False,0.578,3.23,South_Indian,0.652,False,1120.0
S2074,Lila Goyal,2020,5,B.Tech,ECE,MH_G,West Bengal,East,Vegan,,,,Breakfast_Only,3500,2020-07-07,2024-05-19,False,0.63,2.97,North_Indian,0.633,True,91.0
S2075,Lakshmi Pingle,2020,5,M.Tech,CE,MH_A,Andhra Pradesh,South,Non_Veg,Rarely,,None,Full_Board,3500,06/07/2020,"May 18, 2022",False,0.715,2.73,South_Indian,0.299,False,583.0
S2076,Sanaya Basu,2020,5,PhD,ECE,MH_A,Chhattisgarh,Central,Non_Veg,Alternate_Days,,,Full_Board,3500,02/07/2020,"May 18, 2025",False,0.762,2.88,North_Indian,0.447,True,645.0
S2077,Ria Shroff,2020,5,B.Tech,EE,MH_A,Haryana,North,Non_Veg,Rarely,,,Lunch_Dinner,3500,"July 10, 2020",2024-05-23,False,0.583,2.53,,0.4,False,332.0
S2078,Upkaar Luthra,2020,5,M.Tech,CE,MH_G,Nagaland,Northeast,Veg,,Flexible,,Full_Board,3500,07/07/2020,2022-05-18,False,0.565,3.73,North_Indian,0.081,False,58.0
S2079,Matthew Chatterjee,2020,5,B.Tech,ME,MH_B,Karnataka,South,Eggetarian,Weekly_Once,,None,Full_Board,3500,"July 17, 2020",2024-05-22,False,0.545,2.49,No_Preference,0.262,True,1543.0
S2080,,2020,5,B.Tech,CH,MH_A,Uttar Pradesh,North,Non_Veg,Daily,,Gluten,Breakfast_Only,3500,2020-07-16,2024-05-18,False,0.546,2.97,,0.238,False,116.0
S2081,Hemangini Sachdev,2020,5,B.Tech,CH,MH_A,Punjab,North,Veg,,Strict,Others,Full_Board,3500,2020-07-12,2020-11-07,False,0.854,1.0,No_Preference,0.601,False,423.0
S2082,Darsh Ram,2020,5,B.Tech,ECE,MH_B,Uttar Pradesh,North,Non_Veg,Alternate_Days,,,Lunch_Dinner,3500,09/07/2020,28/05/2024,False,0.49,2.69,North_Indian,0.803,False,107.0
S2083,Vaishnavi Keer,2020,5,B.Tech,CSE,MH_B,Tamil Nadu,South,Non_Veg,Rarely,,,Lunch_Dinner,3500,10/07/2020,"May 28, 2024",False,0.62,5.0,North_Indian,0.05,,214.0
S2084,Chandani Brar,2020,5,M.Tech,EE,MH_A,Tamil Nadu,South,Non_Veg,Weekly_Once,,Others,Full_Board,3663,2020-07-19,23/05/2022,False,0.559,2.76,Continental,0.286,False,175.0
S2085,Bakhshi Thakkar,2020,5,PhD,ECE,MH_B,West Bengal,East,Non_Veg,Alternate_Days,,None,Breakfast_Only,3500,08/07/2020,"May 22, 2025",False,0.727,3.24,,0.34,False,135.0
S2086,Jai Sen,2020,5,B.Tech,ME,MH_A,Uttar Pradesh,North,Eggetarian,Weekly_Once,,None,Full_Board,3500,2020-07-18,2024-05-28,False,0.717,2.77,South_Indian,0.216,True,971.0
S2087,Oliver Kakar,2020,5,B.Tech,ECE,MH_B,Uttar Pradesh,North,Veg,,Flexible,,Full_Board,3500,17/07/2020,2024-05-19,False,0.807,2.42,,0.273,False,494.0
S2088,Jonathan Basak,2020,5,B.Tech,EE,MH_G,Madhya Pradesh,Central,Veg,,Flexible,None,Lunch_Dinner,3552,16/07/2020,2024-05-20,False,0.636,3.15,No_Preference,0.483,True,100.0
S2089,Farhan Saran,2020,5,B.Tech,ME,MH_B,Maharashtra,West,Veg,,Flexible,,Lunch_Dinner,3500,2020-07-14,17/05/2024,False,0.87,2.19,No_Preference,0.522,False,3000.0
S2090,Manbir Kuruvilla,2020,5,B.Tech,BT,MH_B,Andhra Pradesh,South,Non_Veg,Daily,,,Lunch_Dinner,3500,15/07/2020,2024-05-25,False,0.617,1.99,No_Preference,0.315,False,953.0
S2091,Ekalinga Chahal,2020,5,B.Tech,BT,MH_B,Meghalaya,Northeast,Veg,,Indifferent,,Full_Board,3500,2020-07-07,2024-05-23,False,0.626,4.5,North_Indian,0.669,False,741.0
S2092,Mekhala Nanda,2020,5,B.Tech,Other,MH_G,Rajasthan,North,Veg,,Indifferent,Others,Full_Board,3500,"July 15, 2020",2024-05-25,False,0.781,4.34,No_Preference,0.586,False,850.0
S2093,Zinal Shanker,2020,5,B.Tech,EE,MH_G,Madhya Pradesh,Central,Non_Veg,Alternate_Days,,None,Full_Board,3500,"July 07, 2020",2019-11-17,False,0.661,5.0,South_Indian,0.31,True,580.0
S2094,Oni Chowdhury,2020,5,B.Tech,CSE,MH_B,Tamil Nadu,South,Veg,,Strict,None,Full_Board,3500,12/07/2020,23/05/2024,False,0.597,2.35,South_Indian,0.35,False,706.0
S2095,Mason Divan,2020,5,M.Tech,BT,MH_A,Kerala,South,Non_Veg,Weekly_Once,,None,Full_Board,3500,18/07/2020,26/05/2022,False,1.0,3.86,North_Indian,0.265,True,139.0
S2096,Hitesh Chaudhuri,2020,5,M.Tech,CSE,MH_A,Telangana,South,Non_Veg,Alternate_Days,,None,Lunch_Dinner,3500,2020-07-09,2022-05-24,False,0.707,3.94,,0.525,True,1364.0
S2097,Hemangini Roy,2020,5,B.Tech,EE,MH_B,Uttar Pradesh,North,Non_Veg,Weekly_Once,,None,Custom,3500,14/07/2020,26/05/2024,False,0.683,2.51,Continental,0.497,False,59.0
S2098,Leela Sunder,2020,5,B.Tech,ECE,MH_G,Maharashtra,West,Veg,,Strict,,Full_Board,3565,2020-07-05,2024-05-16,False,0.566,3.36,North_Indian,0.534,False,109.0
S2099,Baljiwan Gera,2020,5,M.Tech,ME,MH_B,Tamil Nadu,South,Non_Veg,Alternate_Days,,None,Full_Board,3500,"July 10, 2020",2022-05-22,False,0.652,3.65,North_Indian,0.665,False,189.0
S2100,Neha Dhawan,2020,5,B.Tech,ECE,MH_A,Bihar,North,non_veg,Daily,,,Custom,3500,2020-07-03,"May 23, 2024",False,0.588,3.85,No_Preference,0.838,True,794.0
S2101,Balvan Randhawa,2020,5,B.Tech,EE,MH_A,Karnataka,South,Non_Veg,Daily,,Nut,Custom,3500,"July 07, 2020",2024-05-29,False,0.589,2.52,North_Indian,0.164,False,98.0
S2102,Wazir Bawa,2020,5,M.Tech,CE,MH_B,Rajasthan,North,Pure Veg,,Strict,None,Full_Board,3500,2020-07-04,2022-05-18,False,0.73,2.84,,0.126,False,51.0
S2103,Amruta Pradhan,2020,5,B.Tech,CH,MH_G,Karnataka,South,Veg,,Strict,None,Full_Board,3500,"July 09, 2020",19/05/2024,False,0.742,4.2,South_Indian,0.34,True,1562.0
S2104,Geetika Mitter,2020,5,PhD,ECE,MH_B,Madhya Pradesh,Central,Veg,,Strict,None,Lunch_Dinner,3500,17/07/2020,2025-05-24,False,0.712,2.41,North_Indian,0.35,False,418.0
S2105,Avni Swamy,2020,5,B.Tech,ECE,MH_B,Rajasthan,North,Veg,,Flexible,,Full_Board,3542,2020-07-04,2024-05-19,False,0.662,3.5,South_Indian,0.816,,65.0
S2106,Vedant Desai,2020,5,M.Tech,CSE,MH_A,Maharashtra,West,Non_Veg,Daily,,None,Custom,3500,"July 17, 2020",2022-05-24,False,0.691,2.45,South_Indian,0.13,False,1643.0
S2107,Saanvi Nagi,2020,5,M.Tech,ME,MH_B,Andhra Pradesh,South,Veg,,Flexible,Gluten,Full_Board,3500,"July 19, 2020",15/05/2022,False,0.713,2.43,North_Indian,0.235,False,1407.0
S2108,Omaja Chakraborty,2020,5,B.Tech,ME,MH_A,Bihar,North,Non_Veg,Daily,,None,Full_Board,3500,2020-07-15,"May 16, 2024",False,0.735,3.39,No_Preference,0.721,False,270.0
S2109,Riya Kakar,2020,5,B.Tech,ECE,MH_A,West Bengal,East,Veg,,Indifferent,None,Lunch_Dinner,3500,2020-07-17,2024-05-26,False,0.572,4.27,,0.839,False,1120.0
S2110,Vedhika Varty,2020,5,M.Tech,Other,MH_B,Arunachal Pradesh,Northeast,Non_Veg,Rarely,,,Lunch_Dinner,3500,2020-07-10,2022-05-25,False,0.859,4.08,North_Indian,0.323,True,101.0
S2111,Daksh Varma,2020,5,PhD,ME,MH_B,Bihar,North,Veg,,Indifferent,None,Full_Board,3500,2020-07-18,2025-05-29,False,0.844,2.32,South_Indian,0.5,True,183.0
S2112,Dominic Mukhopadhyay,2020,5,B.Tech,CH,MH_A,Madhya Pradesh,Central,Veg,,Indifferent,,Lunch_Dinner,3500,03/07/2020,2024-05-23,False,0.646,2.75,North_Indian,0.581,True,54.0
S2113,Krishna Viswanathan,2020,5,B.Tech,CE,MH_G,Jharkhand,East,Veg,,Flexible,Others,Full_Board,3520,2020-07-02,25/05/2024,False,0.626,3.3,North_Indian,0.329,False,538.0
S2114,Oscar Hans,2020,5,M.Tech,CH,MH_B,Bihar,North,Non_Veg,Weekly_Once,,None,Breakfast_Only,3500,2020-07-03,2022-05-25,False,0.801,3.37,North_Indian,0.315,False,2331.0
S2115,Dalbir Krish,2020,5,B.Tech,EE,MH_A,Uttar Pradesh,North,Non_Veg,Alternate_Days,,None,Full_Board,3500,2020-07-15,2024-05-15,False,0.868,2.7,Continental,0.606,False,211.0
S2116,Tanmayi Bedi,2020,5,PhD,ME,MH_A,Nagaland,Northeast,Non_Veg,Alternate_Days,,Nut,Full_Board,3703,2020-07-10,15/05/2025,False,0.812,2.03,Continental,0.62,True,519.0
S2117,Rushil Mahal,2020,5,M.Tech,CSE,MH_B,Uttar Pradesh,North,Veg,,Strict,Gluten,Full_Board,3500,2020-07-16,2022-05-25,False,0.482,2.73,North_Indian,0.401,False,147.0
S2118,Ucchal Tiwari,2020,5,B.Tech,ECE,MH_B,Uttarakhand,North,Veg,,Flexible,,Full_Board,3500,2020-07-05,27/05/2024,False,0.506,2.68,North_Indian,0.574,,258.0
S2119,Jatin Balasubramanian,2020,5,B.Tech,CE,MH_G,Rajasthan,North,Veg,,Indifferent,,Breakfast_Only,3500,2020-07-01,2024-05-16,False,0.682,3.08,North_Indian,0.176,False,115.0
S2120,Kashish Suresh,2020,5,M.Tech,EE,MH_A,Bihar,North,Non_Veg,Rarely,,None,Full_Board,3500,2020-07-11,"May 29, 2022",False,0.667,2.62,North_Indian,0.777,,866.0
S2121,Peter Som,2020,5,B.Tech,EE,MH_A,Bihar,North,Veg,,Strict,None,Lunch_Dinner,3667,2020-07-06,2024-05-25,False,0.461,3.73,North_Indian,0.174,True,111.0
S2122,Hemangini Gade,2020,5,B.Tech,Other,MH_A,Jharkhand,East,Non_Veg,Weekly_Once,,,Full_Board,3500,2020-07-11,2024-05-15,False,0.778,4.02,South_Indian,0.094,False,332.0
S2123,Gautam Mane,2020,5,B.Tech,ECE,MH_B,Maharashtra,West,Veg,,Flexible,None,Lunch_Dinner,3629,10/07/2020,2024-05-16,False,0.626,2.78,North_Indian,0.554,,355.0
S2124,Libni Bawa,2020,5,B.Tech,ECE,MH_A,Telangana,South,Veg,,Flexible,None,Breakfast_Only,3500,09/07/2020,2024-05-22,False,0.693,2.61,North_Indian,0.366,False,402.0
S2125,Tanish Kant,2020,5,B.Tech,CSE,MH_B,Haryana,North,Veg,,Strict,None,Full_Board,3500,"July 14, 2020",2024-05-25,False,0.753,3.26,South_Indian,0.329,False,206.0
S2126,Samuel Luthra,2020,5,B.Tech,CSE,MH_A,Maharashtra,West,Non_Veg,Rarely,,None,Full_Board,3500,13/07/2020,2024-05-15,False,0.744,3.25,North_Indian,0.741,,651.0
S2127,Yochana Bahri,2020,5,B.Tech,BT,MH_A,Jharkhand,East,Veg,,Strict,,Full_Board,3541,01/07/2020,"May 24, 2024",False,0.518,2.5,,0.148,,78.0
S2128,Urvi Deo,2020,5,B.Tech,Other,MH_G,Rajasthan,North,Veg,,Strict,None,Lunch_Dinner,3500,2020-07-04,2024-05-22,False,0.605,4.91,,0.282,True,262.0
S2129,Abhiram Kapur,2020,5,B.Tech,CSE,MH_A,Rajasthan,North,Veg,,Flexible,None,Full_Board,3500,2020-07-15,2019-09-10,False,0.8,4.09,,0.593,True,82.0
S2130,Dalaja Maharaj,2020,5,B.Tech,ECE,MH_B,Haryana,North,Non_Veg,Daily,,None,Full_Board,3500,2020-07-16,2024-05-24,False,0.761,3.39,North_Indian,0.433,,901.0
S2131,Krisha Palla,2020,5,B.Tech,CE,MH_G,West Bengal,East,Veg,,Flexible,,Breakfast_Only,3515,07/07/2020,2024-05-18,False,0.744,2.68,North_Indian,0.578,False,301.0
S2132,Zayyan Kamdar,2020,5,PhD,ME,MH_A,Maharashtra,West,pure-veg,,Strict,None,Breakfast_Only,3500,"July 18, 2020",2025-05-25,False,0.773,3.95,Continental,0.081,False,191.0
S2133,Chasmum Verma,2020,5,PhD,ECE,MH_A,Uttar Pradesh,North,Non_Veg,Alternate_Days,,Nut,Breakfast_Only,3504,2020-07-17,25/05/2025,False,0.79,3.16,No_Preference,0.367,,1007.0
S2134,Harsh Amble,2020,5,M.Tech,ECE,MH_A,Nagaland,Northeast,Veg,,Strict,None,Full_Board,3500,16/07/2020,2022-05-17,False,0.846,3.65,North_Indian,0.564,True,1695.0
S2135,Barkha Misra,2020,5,B.Tech,CSE,MH_B,West Bengal,East,Veg,,Strict,,Full_Board,3527,2020-07-12,2024-05-19,False,0.855,2.81,,0.114,,1841.0
S2136,Vasatika Bhatt,2020,5,B.Tech,CE,MH_G,Gujarat,West,Vegetarian,,Flexible,,Breakfast_Only,3500,2020-07-03,2024-05-26,False,0.568,2.27,,0.338,False,1000.0
S2137,Aradhana Nair,2020,5,B.Tech,ME,MH_B,Sikkim,Northeast,Non_Veg,Weekly_Once,,,Full_Board,3500,2020-07-07,2024-05-19,False,0.615,2.76,No_Preference,0.131,False,266.0
S2138,Advika Misra,2020,5,B.Tech,ME,MH_B,Rajasthan,North,Veg,,Strict,None,Lunch_Dinner,3500,2020-07-07,2024-05-28,False,0.456,3.01,,0.649,True,1035.0
S2139,Mason Varughese,2020,5,B.Tech,CSE,MH_A,Karnataka,South,Veg,,Flexible,None,Lunch_Dinner,3500,14/07/2020,22/05/2024,False,0.775,3.39,South_Indian,0.268,False,294.0
S2140,Dakshesh Raval,2020,5,B.Tech,Other,MH_A,Bihar,North,Non_Veg,Weekly_Once,,,Full_Board,3696,2020-07-17,2024-05-24,False,0.575,4.09,North_Indian,0.324,False,70.0
S2141,Logan Bal,2020,5,B.Tech,CSE,MH_A,Punjab,North,Veg,,Strict,None,Full_Board,3500,2020-07-11,"May 28, 2024",False,0.503,3.69,Continental,0.426,False,506.0
S2142,Chakrika Lad,2020,5,M.Tech,ECE,MH_A,Bihar,North,Non_Veg,Daily,,None,Custom,3500,2020-07-12,2022-05-19,False,0.535,1.97,,0.427,False,346.0
S2143,Nidhi Rama,2020,5,B.Tech,CSE,MH_A,Assam,Northeast,Non_Veg,Rarely,,,Custom,3500,"July 04, 2020",2024-05-15,False,0.709,3.37,Continental,0.441,,1276.0
S2144,Ranveer Oza,2020,5,B.Tech,CSE,MH_G,Uttar Pradesh,North,Non_Veg,Alternate_Days,,None,Full_Board,3500,09/07/2020,2024-05-24,False,0.545,2.79,South_Indian,0.546,True,1170.0
S2145,Vamakshi Parmer,2020,5,B.Tech,ECE,MH_B,Gujarat,West,nonveg,Alternate_Days,,Lactose,Full_Board,3500,2020-07-06,27/05/2024,False,0.574,2.5,South_Indian,0.312,,1793.0
S2146,Onkar Golla,2020,5,B.Tech,CSE,MH_B,Haryana,North,Eggetarian,Alternate_Days,,None,Breakfast_Only,3500,"July 11, 2020","May 21, 2024",False,0.91,1.3,South_Indian,0.48,False,304.0
S2147,Gunbir Sinha,2020,5,PhD,EE,MH_B,Himachal Pradesh,North,non_veg,Weekly_Once,,,Full_Board,3576,2020-07-02,21/05/2025,False,0.819,2.42,South_Indian,0.383,True,289.0
S2148,Aarna Goswami,2020,5,B.Tech,EE,MH_B,West Bengal,East,Veg,,Strict,None,Full_Board,3500,2020-07-10,2024-05-26,False,0.752,2.73,No_Preference,0.099,,1222.0
S2149,Gaurav Kapadia,2020,5,M.Tech,BT,MH_A,West Bengal,East,Veg,,Strict,Lactose,Full_Board,3611,2020-07-02,24/05/2022,False,0.622,2.39,South_Indian,0.284,False,560.0
S2150,Udant Mohanty,2020,5,B.Tech,ME,MH_G,Chhattisgarh,Central,Veg,,Flexible,None,Full_Board,3500,2020-07-18,"May 24, 2024",False,0.573,3.09,North_Indian,0.493,True,239.0
S2151,Garima Prabhu,2020,5,PhD,CH,MH_A,Gujarat,West,Veg,,Strict,None,Lunch_Dinner,3500,"July 16, 2020",2025-05-20,False,0.867,3.23,North_Indian,0.17,False,73.0
S2152,Chaitaly Sheth,2020,5,M.Tech,ME,MH_B,Karnataka,South,Non_Veg,Alternate_Days,,,Full_Board,3500,2020-07-01,"May 21, 2022",False,0.822,2.05,No_Preference,0.401,False,809.0
S2153,Upma Bera,2020,5,PhD,CSE,MH_A,Maharashtra,West,Veg,,Flexible,Lactose,Full_Board,3500,"July 14, 2020",2025-05-28,False,0.835,3.54,South_Indian,0.617,True,130.0
S2154,Urmi Hayer,2020,5,M.Tech,CH,MH_G,Bihar,North,veg,,Strict,None,Full_Board,3500,2020-07-15,"May 24, 2022",False,0.692,3.13,,0.273,,68.0
S2155,Lakshmi Wagle,2020,5,M.Tech,CH,MH_A,West Bengal,East,Non_Veg,Weekly_Once,,Lactose,Full_Board,3500,2020-07-13,2022-05-28,False,0.681,2.91,South_Indian,0.31,True,1415.0
S2156,Odika Bhagat,2020,5,B.Tech,Other,MH_A,West Bengal,East,Veg,,Strict,None,Full_Board,3500,2020-07-17,2024-05-27,False,0.662,4.29,North_Indian,0.67,True,293.0
S2157,Laksh Iyer,2020,5,B.Tech,BT,MH_G,West Bengal,East,Pure Veg,,Flexible,None,Full_Board,3500,2020-07-09,2024-05-21,False,0.787,3.79,North_Indian,0.352,False,874.0
S2158,Nimrat Shankar,2020,5,B.Tech,CSE,MH_A,Maharashtra,West,Eggetarian,Alternate_Days,,None,Breakfast_Only,3500,"July 08, 2020",2024-05-17,False,0.665,3.85,,0.642,False,919.0
S2159,Diya Gole,2020,5,M.Tech,BT,MH_B,Haryana,North,Non_Veg,Weekly_Once,,Lactose,Custom,3500,2020-07-12,2022-05-21,False,0.775,3.18,,0.916,,697.0
S2160,Vinaya Natarajan,2020,5,B.Tech,Other,MH_A,Telangana,South,Non_Veg,Daily,,None,Full_Board,3500,2020-07-12,17/05/2024,False,0.69,1.82,North_Indian,0.199,False,2139.0
S2161,Dhriti Bhardwaj,2020,5,B.Tech,BT,MH_B,Karnataka,South,Non_Veg,Daily,,None,Full_Board,3500,02/07/2020,2024-05-23,False,0.709,4.2,,0.181,False,768.0
S2162,,2020,5,B.Tech,ECE,MH_G,Rajasthan,North,Eggetarian,Weekly_Once,,None,Full_Board,3500,07/07/2020,2024-05-15,False,0.604,3.98,,0.454,False,1671.0
S2163,Siya Mahal,2020,5,M.Tech,CH,MH_B,Uttar Pradesh,North,Veg,,Flexible,,Full_Board,3500,"July 15, 2020",2022-05-19,False,0.622,3.69,North_Indian,0.42,False,1064.0
S2164,Om Dutt,2020,5,B.Tech,CSE,MH_B,Maharashtra,West,Veg,,Flexible,None,Lunch_Dinner,3837,14/07/2020,"May 15, 2024",False,0.791,3.74,No_Preference,0.479,False,171.0
S2165,Gaurang Dayal,2020,5,B.Tech,CSE,MH_A,Andhra Pradesh,South,Eggetarian,Weekly_Once,,None,Breakfast_Only,3500,2020-07-10,"May 25, 2024",False,0.822,1.94,North_Indian,0.655,False,1334.0
S2166,Pushti Raval,2020,5,PhD,CE,MH_G,Odisha,East,Veg,,Flexible,Gluten,Full_Board,3500,2020-07-14,2025-05-27,False,0.472,2.87,North_Indian,0.222,False,2502.0
S2167,Vansha Rajagopal,2020,5,B.Tech,BT,MH_A,Uttar Pradesh,North,Veg,,Flexible,Nut,Full_Board,3500,2020-07-14,19/05/2024,False,0.807,2.89,North_Indian,0.234,False,656.0
S2168,Baljiwan Walla,2020,5,B.Tech,CSE,MH_G,Kerala,South,Veg,,Indifferent,,Full_Board,3500,2020-07-02,2024-05-26,False,0.717,3.38,North_Indian,0.269,False,1217.0
S2169,Kashvi Atwal,2020,5,B.Tech,ECE,MH_B,Jharkhand,East,Veg,,Flexible,,Full_Board,3500,11/07/2020,2024-05-27,False,0.659,4.59,,0.484,False,243.0
S2170,,2020,5,PhD,CSE,MH_B,Maharashtra,West,Veg,,Indifferent,None,Full_Board,3500,09/07/2020,20/05/2025,False,0.664,3.67,North_Indian,0.412,False,742.0
S2171,Rayaan Badami,2020,5,PhD,ME,MH_B,West Bengal,East,Eggetarian,Daily,,None,Full_Board,3500,2020-07-16,2025-05-17,False,0.63,3.56,,0.675,False,282.0
S2172,Yuvraj Kara,2020,5,B.Tech,BT,MH_B,Madhya Pradesh,Central,Veg,,Flexible,None,Full_Board,3621,2020-07-12,"May 15, 2024",False,0.59,3.7,South_Indian,0.745,False,416.0
S2173,Devika Dayal,2020,5,M.Tech,ECE,MH_A,West Bengal,East,Non_Veg,Rarely,,None,Full_Board,3500,2020-07-19,2022-05-26,False,0.72,3.63,South_Indian,0.57,True,785.0
S2174,Leela Thakur,2020,5,B.Tech,ECE,MH_B,Uttar Pradesh,North,Veg,,Indifferent,,Full_Board,3500,10/07/2020,2024-05-18,False,0.602,3.42,,0.178,,180.0
S2175,Oliver Bhattacharyya,2020,5,M.Tech,Other,MH_G,West Bengal,East,Veg,,Strict,None,Full_Board,3500,2020-07-07,2022-05-23,False,0.834,4.2,No_Preference,0.197,,321.0
S2176,Chanchal Mannan,2020,5,M.Tech,CSE,MH_B,Rajasthan,North,Veg,,Strict,None,Full_Board,3500,02/07/2020,2022-05-24,False,0.489,2.28,North_Indian,0.548,False,550.0
S2177,Zinal Viswanathan,2020,5,B.Tech,EE,MH_A,Tamil Nadu,South,Eggetarian,Alternate_Days,,,Full_Board,3633,2020-07-09,"May 28, 2024",False,0.825,5.0,North_Indian,0.537,False,2297.0
S2178,Radha Desai,2020,5,PhD,ME,MH_B,Assam,Northeast,Veg,,Indifferent,None,Full_Board,3500,2020-07-09,27/10/2019,False,0.722,2.72,Continental,0.486,False,624.0
S2179,Vrishti Parmer,2020,5,B.Tech,CE,MH_A,Bihar,North,Veg,,Flexible,,Full_Board,3500,2020-07-13,2024-05-15,False,0.879,2.59,No_Preference,0.953,,831.0
S2180,Nitesh Raval,2020,5,B.Tech,Other,MH_B,Gujarat,West,Veg,,Flexible,None,Lunch_Dinner,3500,2020-07-18,2024-05-28,False,0.796,2.88,South_Indian,0.531,True,278.0
S2181,Vedant Kapur,2020,5,B.Tech,CE,MH_B,Telangana,South,Veg,,Flexible,None,Lunch_Dinner,3500,2020-07-04,22/05/2024,False,0.636,4.22,North_Indian,0.108,,1535.0
S2182,Siddharth Bains,2020,5,B.Tech,ECE,MH_B,Uttar Pradesh,North,Veg,,Indifferent,,Full_Board,3500,"July 08, 2020","May 20, 2024",False,0.938,3.27,South_Indian,0.362,True,130.0
S2183,Jatin Peri,2020,5,B.Tech,CE,MH_A,Maharashtra,West,Non_Veg,Rarely,,None,Full_Board,3500,"July 18, 2020",2024-05-26,False,0.461,3.24,No_Preference,0.716,False,375.0
S2184,Keya Kumer,2020,5,PhD,CH,MH_A,Delhi,North,Vegan,,,,Lunch_Dinner,3500,"July 03, 2020",2025-05-24,False,0.699,3.94,No_Preference,0.645,False,797.0
S2185,Chanakya Chokshi,2020,5,M.Tech,ECE,MH_A,Maharashtra,West,Veg,,Flexible,Others,Full_Board,3500,2020-07-19,2022-05-24,False,0.863,3.22,,0.707,,680.0
S2186,Chanakya D’Alia,2020,5,B.Tech,CH,MH_G,Tamil Nadu,South,Veg,,Indifferent,Gluten,Custom,3500,2020-07-13,"March 20, 2020",False,0.706,2.52,North_Indian,0.435,True,151.0
S2187,Sachi Rai,2020,5,B.Tech,CE,MH_A,Uttar Pradesh,North,Non_Veg,Rarely,,None,Full_Board,3500,2020-07-06,"May 20, 2024",False,0.611,3.65,North_Indian,0.355,,911.0
S2188,Zayyan Som,2020,5,B.Tech,EE,MH_G,Bihar,North,Veg,,Indifferent,None,Full_Board,3500,2020-07-12,"May 25, 2024",False,0.476,2.68,,0.593,False,102.0
S2189,Samesh Andra,2020,5,B.Tech,CH,MH_A,Kerala,South,Non_Veg,Alternate_Days,,None,Full_Board,3680,2020-07-15,2024-05-24,False,0.486,1.61,North_Indian,0.386,False,314.0
S2190,,2020,5,B.Tech,ECE,MH_A,Haryana,North,Veg,,Strict,None,Full_Board,3500,"July 14, 2020","May 17, 2024",False,0.736,4.07,No_Preference,0.221,False,948.0
S2191,Osha Chaudhuri,2020,5,B.Tech,Other,MH_B,Bihar,North,Veg,,Flexible,None,Full_Board,3643,2020-07-04,2024-05-21,False,0.818,4.4,North_Indian,0.155,False,106.0
S2192,Laksh Sahota,2020,5,M.Tech,ECE,MH_B,Telangana,South,Non_Veg,Weekly_Once,,None,Full_Board,3500,18/07/2020,2022-05-27,False,0.684,3.04,North_Indian,0.495,True,607.0
S2193,Yasti Dalal,2020,5,B.Tech,CE,MH_B,Bihar,North,Veg,,Strict,Others,Full_Board,3537,2020-07-04,"May 24, 2024",False,0.643,3.63,North_Indian,0.379,False,470.0
S2194,Ishaan Cherian,2020,5,B.Tech,EE,MH_B,Punjab,North,Non_Veg,Weekly_Once,,Others,Full_Board,3543,"July 07, 2020",2024-05-22,False,0.729,2.35,,0.243,,279.0
S2195,Rushil Iyengar,2020,5,PhD,EE,MH_B,Maharashtra,West,Non_Veg,Rarely,,None,Full_Board,3500,"July 03, 2020",2025-05-19,False,0.659,4.21,No_Preference,0.605,,313.0
S2196,Saksham Parmar,2020,5,B.Tech,EE,MH_A,Andhra Pradesh,South,Veg,,Strict,,Full_Board,3500,12/07/2020,2024-05-21,False,0.6,2.4,,0.299,False,62.0
S2197,Chakrika Dyal,2020,5,B.Tech,CE,MH_A,West Bengal,East,Non_Veg,Alternate_Days,,,Full_Board,3500,2020-07-13,28/05/2024,False,0.744,2.6,North_Indian,0.216,False,924.0
S2198,Watika Johal,2020,5,B.Tech,CE,MH_B,Tamil Nadu,South,NV,Alternate_Days,,None,Full_Board,3500,2020-07-09,2024-05-21,False,0.643,2.79,No_Preference,0.496,False,252.0
S2199,Ganga Keer,2020,5,B.Tech,ECE,MH_A,Maharashtra,West,Non_Veg,Weekly_Once,,None,Lunch_Dinner,3500,08/07/2020,25/05/2024,False,0.633,4.41,South_Indian,0.355,True,467.0
S2200,Agastya Chakraborty,2020,5,B.Tech,ECE,MH_B,Punjab,North,Non_Veg,Alternate_Days,,,Custom,3500,2020-07-08,2024-05-28,False,0.817,1.97,,0.478,,202.0
S2201,Wakeeta Dixit,2021,5,B.Tech,BT,MH_G,Rajasthan,North,Non-Veg,Alternate_Days,,None,Lunch_Dinner,3632,2021-07-15,"May 23, 2025",False,0.683,2.97,,0.591,,1858.0
S2202,Yasti Borde,2021,5,M.Tech,CSE,MH_G,Jharkhand,East,Veg,,Flexible,None,Full_Board,3533,"July 18, 2021",28/05/2023,False,0.717,1.94,South_Indian,0.507,False,583.0
S2203,Aahana Kashyap,2021,5,B.Tech,CSE,MH_A,Rajasthan,North,Veg,,Flexible,,Full_Board,3513,2021-07-09,2025-05-28,False,0.562,3.22,,0.869,False,284.0
S2204,Chaman Lalla,2021,5,B.Tech,CH,MH_B,Chhattisgarh,Central,Non_Veg,Alternate_Days,,,Lunch_Dinner,3500,2021-07-17,16/05/2025,False,0.641,2.1,South_Indian,0.233,False,960.0
S2205,Chandresh Chaudhry,2021,5,B.Tech,ME,MH_A,Bihar,North,Vegan,,,Others,Full_Board,3773,2021-07-02,2025-05-25,False,0.609,2.34,North_Indian,0.325,False,241.0
S2206,Balveer Mannan,2021,5,B.Tech,CSE,MH_B,Meghalaya,Northeast,Non_Veg,Daily,,None,Full_Board,3500,01/07/2021,"May 17, 2025",False,0.574,4.49,,0.188,,303.0
S2207,Dhriti Sandhu,2021,5,M.Tech,EE,MH_G,Karnataka,South,Non_Veg,Alternate_Days,,None,Lunch_Dinner,3624,2021-07-07,2023-05-16,False,0.644,2.46,South_Indian,0.717,,1213.0
S2208,Girish Bath,2021,5,B.Tech,EE,MH_A,Bihar,North,Vegan,,,Others,Full_Board,3502,18/07/2021,"May 16, 2025",False,0.727,3.0,South_Indian,0.697,False,260.0
S2209,Lakshit Garde,2021,5,B.Tech,CE,MH_A,Punjab,North,Veg,,Strict,None,Full_Board,3523,2021-07-13,2025-05-18,False,0.692,2.34,No_Preference,0.259,,220.0
S2210,Ishita Sarma,2021,5,B.Tech,CSE,MH_B,Rajasthan,North,Veg,,Flexible,None,Full_Board,3513,2021-07-07,2025-05-26,False,0.717,1.0,No_Preference,0.349,True,476.0
S2211,Girik Pradhan,2021,5,B.Tech,Other,MH_A,Uttar Pradesh,North,Veg,,Flexible,,Breakfast_Only,3584,2021-07-04,2025-05-18,False,1.2472844163610755,4.96,No_Preference,0.182,,1233.0
S2212,Qadim Comar,2021,5,B.Tech,ECE,MH_B,Jharkhand,East,Non-Veg,Weekly_Once,,None,Lunch_Dinner,3534,2021-07-10,"May 19, 2025",False,0.756,4.18,,0.05,False,447.0
S2213,Mugdha Shan,2021,5,B.Tech,CSE,MH_A,Maharashtra,West,Non_Veg,Alternate_Days,,,Lunch_Dinner,3795,16/07/2021,"May 29, 2025",False,0.751,3.31,North_Indian,0.379,,220.0
S2214,Lekha Sridhar,2021,5,B.Tech,BT,MH_B,Jharkhand,East,Non_Veg,Daily,,None,Full_Board,3588,"July 03, 2021",2025-05-15,False,0.621,3.98,North_Indian,0.238,False,123.0
S2215,Ojas Chowdhury,2021,5,M.Tech,ECE,MH_A,West Bengal,East,Eggetarian,Alternate_Days,,,Breakfast_Only,3500,2021-07-02,2023-05-22,False,0.776,3.77,South_Indian,0.38,False,903.0
S2216,Daniel Dutta,2021,5,M.Tech,ME,MH_B,tamilnadu,South,Veg,,Flexible,None,Full_Board,3500,2021-07-07,2023-05-16,False,0.612,3.83,Continental,0.208,False,727.0
S2217,Omaja Subramanian,2021,5,B.Tech,ECE,MH_A,Gujarat,West,Veg,,Flexible,,Full_Board,3577,11/07/2021,29/05/2025,False,0.689,2.78,North_Indian,0.708,,566.0
S2218,Pratyush Raghavan,2021,5,M.Tech,ECE,MH_G,Madhya Pradesh,Central,Vegan,,,None,Full_Board,3597,2021-07-02,2023-05-25,False,0.765,2.95,Continental,0.521,False,2634.0
S2219,,2021,5,B.Tech,CE,MH_G,Tripura,Northeast,Non_Veg,Weekly_Once,,,Full_Board,3500,"July 15, 2021",2025-05-29,False,0.642,1.63,South_Indian,0.468,False,660.0
S2220,Ayush De,2021,5,B.Tech,CH,MH_G,Uttar Pradesh,North,Veg,,Indifferent,None,Custom,3752,2021-07-16,2025-05-15,False,0.56,2.28,North_Indian,0.518,,265.0
S2221,Vinaya Chowdhury,2021,5,M.Tech,CE,MH_B,Telangana,South,Veg,,Indifferent,,Breakfast_Only,3500,2021-07-13,2023-05-18,False,0.708,4.74,North_Indian,0.803,,354.0
S2222,Ridhi Batra,2021,5,B.Tech,ECE,MH_A,Uttar Pradesh,North,Veg,,Strict,,Full_Board,3500,01/07/2021,2025-05-16,False,0.722,3.61,South_Indian,0.337,False,528.0
S2223,Advika Murthy,2021,5,PhD,CSE,MH_B,Maharashtra,West,Veg,,Indifferent,Lactose,Full_Board,3635,19/07/2021,2025-05-28,False,0.609,3.17,,0.407,,395.0
S2224,Udarsh Nigam,2021,5,M.Tech,CSE,MH_G,West Bengal,East,veg,,Indifferent,Others,Full_Board,3642,2021-07-16,"May 20, 2023",False,0.618,2.16,South_Indian,0.469,True,623.0
S2225,Rachita Kothari,2021,5,M.Tech,CSE,MH_B,Kerala,South,Non-Veg,Alternate_Days,,None,Full_Board,3500,"July 12, 2021","May 26, 2023",False,0.616,1.8,South_Indian,0.541,False,478.0
S2226,Hiral Rajan,2021,5,M.Tech,ECE,MH_B,Jammu & Kashmir,North,Non_Veg,Daily,,None,Full_Board,3500,2021-07-05,2023-05-27,False,0.762,4.35,No_Preference,0.57,False,914.0
S2227,Chatura Apte,2021,5,M.Tech,CH,MH_B,Mizoram,Northeast,Non_Veg,Weekly_Once,,None,Full_Board,3724,2021-07-05,2023-05-18,False,0.638,3.41,,0.237,False,291.0
S2228,Yashasvi Singh,2021,5,B.Tech,CSE,MH_G,Punjab,North,Veg,,Flexible,,Full_Board,3500,17/07/2021,2025-05-23,False,0.579,3.75,North_Indian,0.475,True,173.0
S2229,Noah Borde,2021,5,M.Tech,ME,MH_G,Maharashtra,West,Veg,,Strict,None,Full_Board,3500,"July 10, 2021",23/05/2023,False,0.678,4.64,South_Indian,0.274,True,86.0
S2230,Ekani Khosla,2021,5,B.Tech,CH,MH_B,Uttar Pradesh,North,Veg,,Strict,None,Lunch_Dinner,3741,2021-07-14,2025-05-16,False,0.495,4.03,North_Indian,0.373,False,2254.0
S2231,Arunima Bedi,2021,5,M.Tech,BT,MH_A,Uttar Pradesh,North,Veg,,Flexible,None,Full_Board,3653,"July 11, 2021",2023-05-27,False,0.837,2.76,,0.638,False,1709.0
S2232,Kritika Rau,2021,5,B.Tech,BT,MH_G,Chhattisgarh,Central,Veg,,Indifferent,None,Breakfast_Only,3580,13/07/2021,2025-05-25,False,0.661,3.15,North_Indian,0.612,False,425.0
S2233,Farhan Sharaf,2021,5,M.Tech,CE,MH_B,Haryana,North,Non_Veg,Daily,,None,Full_Board,3619,2021-07-11,2023-05-28,False,0.803,3.83,,0.593,,1952.0
S2234,Sara Chakrabarti,2021,5,B.Tech,ME,MH_B,Uttar Pradesh,North,Non_Veg,Alternate_Days,,None,Lunch_Dinner,3500,"July 07, 2021","May 28, 2025",False,0.747,2.95,,0.803,True,546.0
S2235,Sanya Mutti,2021,5,B.Tech,CSE,MH_G,Uttar Pradesh,North,Veg,,Flexible,None,Full_Board,3607,2021-07-06,24/05/2025,False,0.691,2.42,No_Preference,0.14,False,1196.0
S2236,Widisha Badami,2021,5,M.Tech,CSE,MH_A,Uttar Pradesh,North,Veg,,Strict,None,Custom,3530,2021-07-13,2023-05-23,False,1.2874886592836106,3.3,North_Indian,0.568,False,111.0
S2237,Netra Sachar,2021,5,B.Tech,CH,MH_B,Uttar Pradesh,North,Veg,,Strict,Others,Full_Board,3500,19/07/2021,2025-05-19,False,0.457,2.42,South_Indian,0.642,,930.0
S2238,Aadi Chand,2021,5,B.Tech,CH,MH_B,Gujarat,West,Veg,,Strict,None,Custom,3500,2021-07-11,23/05/2025,False,1.2865504542663508,3.68,South_Indian,0.728,,312.0
S2239,Yashoda Jhaveri,2021,5,B.Tech,CH,MH_B,Bihar,North,Veg,,Indifferent,None,Full_Board,3957,2021-07-18,"May 26, 2025",False,0.696,3.16,North_Indian,0.396,False,159.0
S2240,Harita Patla,2021,5,B.Tech,ME,MH_A,Delhi,North,Non_Veg,Daily,,,Full_Board,3549,2021-07-09,2025-05-18,False,0.622,3.85,,0.142,False,180.0
S2241,Udant Sha,2021,5,B.Tech,CE,MH_B,Andhra Pradesh,South,Non_Veg,Alternate_Days,,None,Full_Board,3500,2021-07-02,"May 22, 2025",False,0.485,3.28,South_Indian,0.355,False,586.0
S2242,Urvashi Patla,2021,5,B.Tech,Other,MH_G,Sikkim,Northeast,Veg,,Flexible,,Full_Board,3671,2021-07-07,2025-05-18,False,0.664,2.64,North_Indian,0.257,False,731.0
S2243,Ishaan Chatterjee,2021,5,B.Tech,CH,MH_B,Uttar Pradesh,North,Veg,,Strict,None,Breakfast_Only,3581,17/07/2021,2025-05-27,False,0.712,2.7,No_Preference,0.457,True,1369.0
S2244,Aarnav Om,2021,5,B.Tech,CSE,MH_B,Uttarakhand,North,Non_Veg,Weekly_Once,,None,Full_Board,3597,2021-07-10,"May 15, 2025",False,0.759,1.97,No_Preference,0.38,True,1182.0
S2245,,2021,5,B.Tech,ECE,MH_A,Tamil Nadu,South,Veg,,Flexible,,Lunch_Dinner,3571,2021-07-14,2025-05-27,False,0.551,3.16,,0.666,True,1365.0
S2246,Bishakha Vig,2021,5,B.Tech,ECE,MH_A,Chhattisgarh,Central,Non_Veg,Daily,,Others,Custom,3764,2021-07-18,"May 24, 2025",False,1.0,4.89,No_Preference,0.05,True,256.0
S2247,Hitesh Bath,2021,5,M.Tech,CSE,MH_B,Uttar Pradesh,North,Pure Veg,,Flexible,,Full_Board,3500,"July 07, 2021",2023-05-22,False,0.722,3.99,No_Preference,0.397,,535.0
S2248,Waida Dey,2021,5,B.Tech,CSE,MH_B,Tamil Nadu,South,Non_Veg,Alternate_Days,,,Full_Board,3862,2021-07-13,2025-05-28,False,0.616,4.35,Continental,0.475,True,302.0
S2249,Hredhaan Kumar,2021,5,M.Tech,CH,MH_A,Madhya Pradesh,Central,Non-Veg,Weekly_Once,,,Breakfast_Only,3561,"July 03, 2021",2023-05-29,False,0.615,2.98,,0.615,,524.0
S2250,Raghav Dara,2021,5,B.Tech,ME,MH_B,Sikkim,Northeast,Vegan,,,None,Full_Board,3506,2021-07-16,29/05/2025,False,0.733,2.71,,0.563,False,208.0
S2251,Tanveer Shankar,2021,5,B.Tech,ME,MH_G,Bihar,North,Veg,,Flexible,None,Lunch_Dinner,3500,07/07/2021,19/05/2025,False,0.745,2.47,South_Indian,0.732,False,132.0
S2252,Hamsini Chokshi,2021,5,B.Tech,CE,MH_B,Uttar Pradesh,North,Non_Veg,Alternate_Days,,None,Full_Board,3500,2021-07-16,2025-05-23,False,0.869,3.85,South_Indian,0.471,True,598.0
S2253,Chakradhar Dasgupta,2021,5,B.Tech,CE,MH_B,Uttar Pradesh,North,Veg,,Strict,,Full_Board,3707,2021-07-08,"May 21, 2025",False,0.67,3.99,North_Indian,0.624,False,411.0
S2254,Tanvi Thaman,2021,5,B.Tech,Other,MH_B,Rajasthan,North,Veg,,Strict,,Lunch_Dinner,3500,"July 04, 2021",2025-05-24,False,0.585,3.66,North_Indian,0.38,False,1512.0
S2255,Wishi Agrawal,2021,5,B.Tech,ECE,MH_B,Delhi,North,Veg,,Indifferent,,Lunch_Dinner,3500,"July 18, 2021","May 23, 2025",False,0.702,3.93,,0.256,,983.0
S2256,Rachita Subramanian,2021,5,B.Tech,BT,MH_A,Chhattisgarh,Central,Non_Veg,Weekly_Once,,None,Lunch_Dinner,3500,2021-07-19,"May 20, 2025",False,0.525,1.28,North_Indian,0.636,False,455.0
S2257,Oscar Dave,2021,5,M.Tech,CSE,MH_B,Kerala,South,Non_Veg,Alternate_Days,,None,Custom,3500,2021-07-03,"May 27, 2023",False,0.559,3.0,North_Indian,0.341,True,248.0
S2258,Lila Nagy,2021,5,M.Tech,CSE,MH_A,Rajasthan,North,Veg,,Indifferent,Nut,Custom,3500,2021-07-19,2023-05-19,False,0.612,2.63,North_Indian,0.329,True,1848.0
S2259,Omya Kothari,2021,5,M.Tech,ECE,MH_A,Jammu & Kashmir,North,Non_Veg,Alternate_Days,,Gluten,Lunch_Dinner,3500,"July 04, 2021","May 17, 2023",False,0.429,3.63,,0.284,False,573.0
S2260,Mitali Oza,2021,5,PhD,BT,MH_B,Himachal Pradesh,North,Veg,,Flexible,None,Full_Board,3500,2021-07-15,"April 30, 2021",False,0.618,3.02,No_Preference,0.311,,296.0
S2261,Sneha Deol,2021,5,B.Tech,ECE,MH_B,Madhya Pradesh,Central,Veg,,Strict,Others,Breakfast_Only,3500,01/07/2021,2025-05-24,False,0.699,2.49,South_Indian,0.493,False,325.0
S2262,Nitara Vala,2021,5,B.Tech,EE,MH_G,Tamil Nadu,South,Eggetarian,Rarely,,,Full_Board,3662,19/07/2021,2025-05-25,False,0.633,2.74,,0.31,False,1226.0
S2263,Dipta Kalla,2021,5,B.Tech,ECE,MH_B,West Bengal,East,Non_Veg,Weekly_Once,,,Lunch_Dinner,3528,2021-07-19,2025-05-16,False,0.637,3.07,North_Indian,0.541,True,109.0
S2264,Shaurya Mannan,2021,5,M.Tech,BT,MH_G,Telangana,South,Veg,,Flexible,None,Breakfast_Only,3500,2021-07-09,2023-05-15,False,0.769,2.28,South_Indian,0.438,False,201.0
S2265,Kevin Gokhale,2021,5,M.Tech,CSE,MH_G,Telangana,South,Eggetarian,Daily,,,Lunch_Dinner,3808,2021-07-16,2020-12-13,False,0.541,4.12,South_Indian,0.213,False,55.0
S2266,Jack Pandey,2021,5,B.Tech,ME,MH_G,Tripura,Northeast,Veg,,Flexible,None,Lunch_Dinner,3500,2021-07-14,26/11/2020,False,0.538,2.6,No_Preference,0.05,False,522.0
S2267,Omisha Walla,2021,5,B.Tech,CE,MH_B,Madhya Pradesh,Central,Non_Veg,Daily,,None,Full_Board,3500,2021-07-17,2025-05-19,False,0.871,3.77,South_Indian,0.234,False,245.0
S2268,Pahal Arya,2021,5,B.Tech,ECE,MH_A,Kerala,South,non_veg,Daily,,None,Full_Board,3625,2021-07-05,19/05/2025,False,0.77,2.3,South_Indian,0.1,False,808.0
S2269,Aryan Raj,2021,5,B.Tech,BT,MH_A,Maharashtra,West,Non_Veg,Rarely,,,Full_Board,3583,2021-07-03,"May 24, 2025",False,0.616,2.32,No_Preference,0.481,True,3000.0
S2270,Chatresh Bhalla,2021,5,B.Tech,ME,MH_A,Telangana,South,Non_Veg,Daily,,None,Full_Board,3646,13/07/2021,2025-05-28,False,0.705,3.29,South_Indian,0.141,False,982.0
S2271,Amara Dyal,2021,5,B.Tech,CSE,MH_B,Gujarat,West,Veg,,Strict,None,Custom,3500,"July 16, 2021",20/05/2025,False,0.651,2.91,,0.272,False,821.0
S2272,Zashil Dhingra,2021,5,B.Tech,ECE,MH_B,Maharashtra,West,Veg,,Indifferent,,Lunch_Dinner,3656,"July 08, 2021",2025-05-15,False,0.668,3.17,North_Indian,0.445,False,188.0
S2273,Chakrika Jani,2021,5,M.Tech,CSE,MH_B,Maharashtra,West,Veg,,Indifferent,None,Lunch_Dinner,3500,2021-07-18,2023-05-16,False,0.765,3.97,North_Indian,0.196,False,238.0
S2274,Jagrati Sethi,2021,5,PhD,BT,MH_A,Tamil Nadu,South,Non_Veg,Daily,,None,Lunch_Dinner,3660,"July 08, 2021",2020-12-09,False,0.678,4.0,North_Indian,0.525,False,127.0
S2275,Udarsh Ramachandran,2021,5,B.Tech,ME,MH_G,Uttar Pradesh,North,Veg,,Strict,None,Full_Board,3528,"July 12, 2021","May 24, 2025",False,0.7,3.64,North_Indian,0.108,,167.0
S2276,Yasti Mani,2021,5,M.Tech,EE,MH_A,Madhya Pradesh,Central,Eggetarian,Alternate_Days,,,Full_Board,3509,2021-07-03,2023-05-18,False,0.669,2.89,South_Indian,0.371,False,1558.0
S2277,Lakshmi Ram,2021,5,B.Tech,EE,MH_A,Karnataka,South,Eggetarian,Daily,,Nut,Full_Board,3859,2021-07-16,"May 20, 2025",False,0.795,4.47,,0.262,,183.0
S2278,Dhriti Bhagat,2021,5,B.Tech,CSE,MH_B,Madhya Pradesh,Central,Veg,,Flexible,,Full_Board,3656,"July 17, 2021",2025-05-22,False,0.673,2.89,,0.293,True,1120.0
S2279,Zayan Jain,2021,5,B.Tech,ECE,MH_A,Meghalaya,Northeast,Non_Veg,Alternate_Days,,None,Full_Board,3502,"July 11, 2021",2025-05-19,False,0.497,4.37,North_Indian,0.108,False,598.0
S2280,Umang Pillai,2021,5,B.Tech,CSE,MH_G,Punjab,North,Non_Veg,Alternate_Days,,None,Lunch_Dinner,3500,2021-07-18,2025-05-23,False,0.907,2.68,North_Indian,0.299,False,1050.0
S2281,Rishi Menon,2021,5,M.Tech,ECE,MH_B,Andhra Pradesh,South,Non_Veg,Alternate_Days,,None,Full_Board,3500,2021-07-08,2023-05-29,False,0.626,4.08,,0.465,False,63.0
S2282,Peter Borde,2021,5,B.Tech,CE,MH_B,Rajasthan,North,Veg,,Indifferent,,Full_Board,3500,11/07/2021,2025-05-27,False,0.697,3.97,No_Preference,0.123,False,278.0
S2283,Oscar Varkey,2021,5,B.Tech,BT,MH_B,Punjab,North,Veg,,Flexible,,Full_Board,3500,"July 17, 2021","May 21, 2025",False,0.684,3.28,North_Indian,0.295,False,1201.0
S2284,Krishna Baria,2021,5,B.Tech,CSE,MH_G,Odisha,East,Non_Veg,Alternate_Days,,None,Breakfast_Only,3713,2021-07-03,2025-05-22,False,0.646,2.69,North_Indian,0.398,,1243.0
S2285,Arya Lalla,2021,5,B.Tech,EE,MH_G,Tamil Nadu,South,Veg,,Flexible,None,Full_Board,3500,2021-07-04,2025-05-26,False,1.241374523590602,4.27,North_Indian,0.689,False,130.0
S2286,Naveen Kumer,2021,5,B.Tech,CSE,MH_G,Bihar,North,Eggetarian,Rarely,,,Full_Board,3500,2021-07-12,27/05/2025,False,0.921,2.39,,0.195,False,404.0
S2287,Ganga Shukla,2021,5,B.Tech,CSE,MH_A,Uttar Pradesh,North,Veg,,Strict,Others,Lunch_Dinner,3500,"July 04, 2021","May 16, 2025",False,0.644,3.76,No_Preference,0.484,True,158.0
S2288,Balveer Dube,2021,5,B.Tech,EE,MH_A,Punjab,North,Veg,,Flexible,None,Full_Board,3500,2021-07-01,2025-05-25,False,0.616,3.06,North_Indian,0.192,,1573.0
S2289,Charan Mitra,2021,5,B.Tech,ME,MH_G,Rajasthan,North,Veg,,Strict,None,Breakfast_Only,3500,2021-07-06,2025-05-22,False,0.719,3.58,No_Preference,0.925,True,633.0
S2290,Ishita Bora,2021,5,B.Tech,CSE,MH_B,Uttarakhand,North,Veg,,Strict,,Full_Board,3500,"July 19, 2021","May 28, 2025",False,0.884,3.94,North_Indian,0.343,True,993.0
S2291,Thomas Gour,2021,5,PhD,Other,MH_B,Uttar Pradesh,North,Veg,,Strict,,Custom,3500,2021-07-18,2025-05-16,False,0.757,3.11,South_Indian,0.296,False,1401.0
S2292,Yashasvi Dutta,2021,5,B.Tech,ME,MH_B,Himachal Pradesh,North,Non_Veg,Daily,,None,Full_Board,3614,2021-07-17,"May 22, 2025",False,0.777,2.89,South_Indian,0.186,True,380.0
S2293,Netra Chanda,2021,5,B.Tech,CH,MH_A,Chhattisgarh,Central,Non_Veg,Daily,,,Full_Board,3641,2021-07-02,2025-05-16,False,0.692,2.72,South_Indian,0.05,False,253.0
S2294,Timothy Kala,2021,5,B.Tech,ECE,MH_G,Maharashtra,West,Veg,,Strict,,Full_Board,3672,11/07/2021,2025-05-18,False,0.705,2.82,South_Indian,0.425,False,1322.0
S2295,Garima Patel,2021,5,M.Tech,ME,MH_B,Haryana,North,Pure Veg,,Indifferent,None,Full_Board,3541,10/07/2021,2023-05-23,False,0.646,3.49,,0.332,False,94.0
S2296,Tejas Wali,2021,5,M.Tech,BT,MH_A,Uttar Pradesh,North,Veg,,Flexible,None,Custom,3500,06/07/2021,2023-05-24,False,0.614,4.08,,0.367,False,159.0
S2297,Aditya Contractor,2021,5,B.Tech,CH,MH_B,Chhattisgarh,Central,Veg,,Indifferent,None,Full_Board,3500,2021-07-04,2025-05-28,False,0.657,3.06,No_Preference,0.191,True,431.0
S2298,Sanaya Khosla,2021,5,B.Tech,CE,MH_A,Chhattisgarh,Central,Non_Veg,Alternate_Days,,,Lunch_Dinner,3622,17/07/2021,23/05/2025,False,0.803,3.06,,0.384,True,572.0
S2299,Balveer Nagi,2021,5,PhD,EE,MH_B,Gujarat,West,Veg,,Flexible,None,Lunch_Dinner,3500,2021-07-15,2025-05-16,False,0.789,3.48,No_Preference,0.221,True,226.0
S2300,Ishaan Raju,2021,5,M.Tech,CSE,MH_A,Haryana,North,Veg,,Indifferent,None,Lunch_Dinner,3612,2021-07-17,2023-05-23,False,0.721,3.51,South_Indian,0.506,False,279.0
S2301,Barkha Bakshi,2021,5,M.Tech,CSE,MH_G,Uttar Pradesh,North,Eggetarian,Rarely,,,Custom,3772,"July 10, 2021",2023-05-22,False,0.866,2.63,Continental,0.441,False,977.0
S2302,Yoshita Trivedi,2021,5,B.Tech,CSE,MH_B,Kerala,South,nonveg,Daily,,None,Full_Board,3500,"July 19, 2021",2025-05-15,False,0.605,3.66,No_Preference,0.349,False,438.0
S2303,Vidhi Bassi,2021,5,B.Tech,BT,MH_G,West Bengal,East,Veg,,Indifferent,,Lunch_Dinner,3886,2021-07-09,2025-05-26,False,0.796,2.33,No_Preference,0.232,True,1654.0
S2304,Reyansh Nagi,2021,5,B.Tech,CH,MH_A,Tamil Nadu,South,Veg,,Flexible,None,Full_Board,3733,2021-07-17,2025-05-19,False,0.645,2.75,North_Indian,0.365,True,1704.0
S2305,Gopal Ganesh,2021,5,B.Tech,ME,MH_A,Telangana,South,Non_Veg,Weekly_Once,,None,Full_Board,3550,2021-07-15,2025-05-28,False,0.704,4.96,North_Indian,0.469,True,475.0
S2306,Dominic Kade,2021,5,M.Tech,CSE,MH_B,Rajasthan,North,Veg,,Indifferent,None,Lunch_Dinner,3785,2021-07-12,2023-05-25,False,0.588,3.44,North_Indian,0.238,,1168.0
S2307,Panini Chawla,2021,5,B.Tech,ECE,MH_A,Andhra Pradesh,South,Veg,,Strict,,Custom,3753,2021-07-11,18/05/2025,False,0.682,3.91,South_Indian,0.271,False,244.0
S2308,Radhika Bora,2021,5,B.Tech,ECE,MH_B,Uttar Pradesh,North,Veg,,Indifferent,None,Full_Board,3500,2021-07-07,2025-05-16,False,0.752,2.8,North_Indian,0.341,False,211.0
S2309,Arjun Sharaf,2021,5,M.Tech,ME,MH_B,Rajasthan,North,Veg,,Indifferent,Gluten,Full_Board,3500,2021-07-02,2023-05-17,False,0.742,1.84,,0.58,False,397.0
S2310,Baljiwan Chahal,2021,5,B.Tech,ECE,MH_G,Rajasthan,North,Veg,,Indifferent,,Full_Board,3500,2021-07-08,2025-05-23,False,1.0,2.86,South_Indian,0.097,False,780.0
S2311,Chatura Gokhale,2021,5,PhD,BT,MH_B,Madhya Pradesh,Central,Veg,,Flexible,None,Full_Board,3500,"July 04, 2021",15/05/2025,False,0.84,3.4,Continental,0.216,,1565.0
S2312,Ekavir Kari,2021,5,B.Tech,CE,MH_A,Delhi,North,Eggetarian,Alternate_Days,,None,Lunch_Dinner,3500,2021-07-03,"December 13, 2020",False,0.815,3.0,South_Indian,0.262,False,159.0
S2313,Nikita Rama,2021,5,B.Tech,CSE,MH_A,Punjab,North,Veg,,Flexible,Others,Full_Board,3881,2021-07-16,2025-05-16,False,0.871,4.5,,0.467,True,1396.0
S2314,Nidhi Sant,2021,5,B.Tech,CSE,MH_G,Bihar,North,veg,,Flexible,None,Full_Board,3559,2021-07-09,20/05/2025,False,0.662,3.68,South_Indian,0.527,False,530.0
S2315,Anay Ramachandran,2021,5,PhD,CE,MH_G,Madhya Pradesh,Central,Veg,,Flexible,None,Full_Board,3500,2021-07-07,27/05/2025,False,0.82,2.94,South_Indian,0.442,,227.0
S2316,Abeer Bhatnagar,2021,5,B.Tech,ME,MH_G,Maharashtra,West,Veg,,Indifferent,,Full_Board,3500,2021-07-18,2025-05-22,False,0.592,3.27,,0.387,False,407.0
S2317,Elijah Parmar,2021,5,B.Tech,ME,MH_A,Andhra Pradesh,South,Non_Veg,Daily,,None,Full_Board,3781,2021-07-01,2025-05-26,False,0.589,2.76,South_Indian,0.291,,574.0
S2318,Bimala Mitra,2021,5,M.Tech,ECE,MH_G,Karnataka,South,Non_Veg,Alternate_Days,,None,Full_Board,3500,"July 11, 2021","May 22, 2023",False,0.876,4.4,,0.534,,187.0
S2319,Baghyawati Sarma,2021,5,B.Tech,CSE,MH_A,Rajasthan,North,Veg,,Flexible,None,Full_Board,3694,2021-07-11,22/05/2025,False,0.926,3.57,North_Indian,0.159,,408.0
S2320,Megha Balasubramanian,2021,5,M.Tech,CSE,MH_G,West Bengal,East,Veg,,Indifferent,None,Full_Board,3506,11/07/2021,"May 15, 2023",False,0.817,2.64,Continental,0.459,True,434.0
S2321,Naksh Walla,2021,5,B.Tech,ME,MH_A,Bihar,North,Non_Veg,Alternate_Days,,Others,Breakfast_Only,3500,2021-07-14,2021-01-26,False,0.624,2.49,,0.253,False,1116.0
S2322,Laban Raman,2021,5,B.Tech,CSE,MH_A,Maharashtra,West,Non_Veg,Alternate_Days,,None,Full_Board,3500,2021-07-08,2025-05-16,False,0.63,2.65,Continental,0.279,False,626.0
S2323,Maanas Misra,2021,5,B.Tech,EE,MH_B,Nagaland,Northeast,Non_Veg,Weekly_Once,,None,Full_Board,3701,2021-07-02,"May 16, 2025",False,0.849,4.01,North_Indian,0.219,False,137.0
S2324,,2021,5,B.Tech,Other,MH_B,Delhi,North,Veg,,Flexible,Gluten,Lunch_Dinner,3500,2021-07-15,2025-05-21,False,0.872,2.61,South_Indian,0.493,True,1531.0
S2325,Advay Dhaliwal,2021,5,B.Tech,CSE,MH_A,Kerala,South,Non_Veg,Alternate_Days,,None,Full_Board,3794,"July 14, 2021","May 20, 2025",False,0.583,3.63,North_Indian,0.657,False,660.0
S2326,Benjamin Ahluwalia,2021,5,B.Tech,ECE,MH_A,Andhra Pradesh,South,pure-veg,,Indifferent,None,Full_Board,3901,2021-07-04,2025-05-21,False,0.614,3.47,,0.635,,331.0
S2327,Frederick Mody,2021,5,PhD,ECE,MH_B,Rajasthan,North,Veg,,Strict,,Full_Board,3500,2021-07-01,2025-05-28,False,0.88,3.17,,0.391,False,827.0
S2328,Hemangini Kakar,2021,5,M.Tech,ECE,MH_G,Uttar Pradesh,North,Veg,,Indifferent,,Lunch_Dinner,3500,2021-07-11,2023-05-20,False,0.713,2.46,South_Indian,0.161,False,55.0
S2329,Yauvani Dhar,2021,5,B.Tech,ME,MH_A,Telangana,South,Eggetarian,Alternate_Days,,None,Full_Board,3500,2021-07-19,08/02/2021,False,0.804,2.28,South_Indian,0.371,False,288.0
S2330,Qarin Kant,2021,5,B.Tech,ECE,MH_A,Rajasthan,Central,Veg,,Flexible,,Full_Board,3500,2021-07-08,2025-05-22,False,0.769,3.43,North_Indian,0.354,False,188.0
S2331,Rishi Contractor,2021,5,B.Tech,CH,MH_G,Meghalaya,Northeast,VEG,,Indifferent,None,Full_Board,3939,2021-07-15,2025-05-15,False,0.785,3.16,Continental,0.347,False,903.0
S2332,Chatura Shenoy,2021,5,B.Tech,CSE,MH_B,Karnataka,South,Non_Veg,Daily,,None,Full_Board,3500,09/07/2021,23/05/2025,False,0.825,3.18,,0.379,,267.0
S2333,Bina Bhavsar,2021,5,M.Tech,ECE,MH_B,Karnataka,South,Vegan,,,,Full_Board,3500,2021-07-10,23/05/2023,False,0.743,2.09,North_Indian,0.149,False,228.0
S2334,Guneet Hora,2021,5,B.Tech,CH,MH_G,Bihar,North,Veg,,Strict,None,Full_Board,3598,07/07/2021,2025-05-24,False,0.802,3.19,No_Preference,0.754,False,597.0
S2335,Ganga Parikh,2021,5,B.Tech,EE,MH_G,Maharashtra,West,Veg,,Strict,None,Full_Board,3537,"July 18, 2021",2025-05-24,False,0.8,5.0,South_Indian,0.5,False,590.0
S2336,Wahab Chaudhry,2021,5,B.Tech,CH,MH_A,Madhya Pradesh,Central,Eggetarian,Daily,,None,Full_Board,3500,15/07/2021,2025-05-23,False,0.64,3.13,No_Preference,0.069,False,121.0
S2337,Ekaraj Hari,2021,5,B.Tech,ECE,MH_B,Telangana,South,Non_Veg,Weekly_Once,,,Breakfast_Only,3500,"July 15, 2021","May 28, 2025",False,0.797,3.56,North_Indian,0.209,False,1061.0
S2338,Vedika Seshadri,2021,5,B.Tech,CSE,MH_G,Uttar Pradesh,North,Veg,,Strict,,Full_Board,3509,2021-07-09,2025-05-17,False,0.62,3.13,,0.3,,858.0
S2339,Damini Dua,2021,5,B.Tech,CE,MH_A,Rajasthan,North,Veg,,Flexible,,Breakfast_Only,3500,"July 10, 2021",2025-05-27,False,0.614,3.47,North_Indian,0.728,,100.0
S2340,Diya Sangha,2021,5,B.Tech,ECE,MH_G,Maharashtra,West,Veg,,Strict,None,Breakfast_Only,3500,2021-07-19,2025-05-24,False,0.712,2.77,Continental,0.613,True,178.0
S2341,Aayush Munshi,2021,5,B.Tech,BT,MH_B,Goa,West,Vegetarian,,Flexible,Gluten,Full_Board,3500,2021-07-08,2025-05-22,False,0.74,2.96,North_Indian,0.548,,1914.0
S2342,Timothy Sarin,2021,5,M.Tech,CH,MH_A,Kerala,South,Eggetarian,Alternate_Days,,,Custom,3500,2021-07-06,2023-05-24,False,0.686,4.31,North_Indian,0.143,False,540.0
S2343,Jagvi Desai,2021,5,B.Tech,EE,MH_G,Andhra Pradesh,East,Non_Veg,Alternate_Days,,Others,Lunch_Dinner,3500,02/07/2021,2025-05-21,False,0.686,3.9,South_Indian,0.346,False,238.0
S2344,Varsha Shere,2021,5,B.Tech,CSE,MH_A,Nagaland,Northeast,Non-Veg,Daily,,None,Custom,3500,04/07/2021,2025-05-27,False,0.761,4.18,,0.086,False,408.0
S2345,Jagrati Mody,2021,5,B.Tech,BT,MH_G,Gujarat,West,Veg,,Strict,None,Full_Board,3769,"July 02, 2021","May 25, 2025",False,0.703,3.94,North_Indian,0.397,,334.0
S2346,Ikbal Gill,2021,5,B.Tech,BT,MH_A,Maharashtra,West,NV,Daily,,None,Full_Board,3869,2021-07-04,2025-05-27,False,0.722,3.88,No_Preference,0.869,True,172.0
S2347,Avni Dey,2021,5,B.Tech,ME,MH_G,Delhi,North,Veg,,Strict,,Full_Board,3593,2021-07-07,"May 16, 2025",False,1.140030497090282,3.15,North_Indian,0.144,False,570.0
S2348,Adya Bose,2021,5,M.Tech,ECE,MH_B,Haryana,North,Non_Veg,Daily,,,Full_Board,3503,2021-07-10,2023-05-24,False,0.53,3.08,South_Indian,0.22,,422.0
S2349,Anirudh Tripathi,2021,5,B.Tech,ECE,MH_A,Kerala,South,Non_Veg,Weekly_Once,,Lactose,Full_Board,3604,17/07/2021,2025-05-22,False,0.752,2.57,North_Indian,0.346,True,72.0
S2350,Nidhi Kala,2021,5,PhD,EE,MH_B,Karnataka,South,Jain,,,None,Full_Board,3807,2021-07-19,2025-05-15,False,0.864,3.28,South_Indian,0.261,False,775.0
S2351,Abha Zacharia,2021,5,B.Tech,CSE,MH_A,Telangana,South,Non_Veg,Rarely,,Lactose,Full_Board,3500,08/07/2021,2025-05-23,False,0.736,2.58,,0.45,,265.0
S2352,Manthan Pau,2021,5,M.Tech,ECE,MH_B,West Bengal,East,Non_Veg,Weekly_Once,,None,Full_Board,3500,2021-07-01,"May 20, 2023",False,0.616,4.58,Continental,0.422,,380.0
S2353,Udant Mannan,2021,5,B.Tech,Other,MH_A,Maharashtra,West,Veg,,Flexible,,Lunch_Dinner,3500,2021-07-05,"May 23, 2025",False,0.498,2.95,North_Indian,0.156,True,758.0
S2354,Ucchal Thaker,2021,5,B.Tech,CSE,MH_A,Chhattisgarh,Central,Veg,,Strict,None,Full_Board,3500,2021-07-05,2025-05-23,False,0.623,2.92,North_Indian,0.648,False,218.0
S2355,Mekhala Patla,2021,5,B.Tech,Other,MH_B,Uttar Pradesh,North,Veg,,Flexible,,Full_Board,3500,2021-07-18,2025-05-18,False,0.73,2.93,South_Indian,0.302,,233.0
S2356,William Gandhi,2021,5,B.Tech,CSE,MH_B,West Bengal,East,Non_Veg,Weekly_Once,,None,Full_Board,3544,18/07/2021,"May 21, 2025",False,0.9,3.48,North_Indian,0.402,False,99.0
S2357,Sanaya Dutta,2021,5,B.Tech,Other,MH_A,West Bengal,East,Non_Veg,Weekly_Once,,None,Full_Board,3639,"July 02, 2021",2021-03-18,False,0.708,3.66,North_Indian,0.05,True,253.0
S2358,,2021,5,M.Tech,EE,MH_A,Kerala,South,Eggetarian,Daily,,None,Full_Board,3500,"July 15, 2021",21/05/2023,False,0.73,3.81,South_Indian,0.408,True,549.0
S2359,Madhav Sule,2021,5,PhD,EE,MH_B,Rajasthan,North,Non_Veg,Weekly_Once,,,Breakfast_Only,3500,2021-07-18,2025-05-16,False,0.584,2.75,No_Preference,0.084,True,318.0
S2360,Banjeet Kanda,2021,5,B.Tech,BT,MH_A,Chhattisgarh,Central,Veg,,Indifferent,None,Lunch_Dinner,3500,2021-07-07,2025-05-16,False,0.682,4.06,South_Indian,0.698,True,374.0
S2361,Vincent Bhatnagar,2021,5,B.Tech,CH,MH_A,Tamil Nadu,South,Non_Veg,Weekly_Once,,None,Breakfast_Only,3869,"July 15, 2021",2025-05-20,False,0.664,2.01,,0.531,False,112.0
S2362,Kala Kaur,2021,5,B.Tech,ECE,MH_B,West Bengal,East,Veg,,Indifferent,None,Lunch_Dinner,3801,"July 15, 2021",2025-05-15,False,0.813,2.61,No_Preference,0.557,True,639.0
S2363,Samuel Vasa,2021,5,M.Tech,ECE,MH_G,Jammu & Kashmir,North,Veg,,Indifferent,,Full_Board,3514,2021-07-11,"May 29, 2023",False,0.75,2.51,No_Preference,0.431,False,115.0
S2364,Lipika Singh,2021,5,M.Tech,CE,MH_G,Maharashtra,West,Non_Veg,Alternate_Days,,,Lunch_Dinner,3500,2021-07-12,2023-05-17,False,0.497,2.63,No_Preference,0.074,,1993.0
S2365,Chakradhar Baral,2021,5,B.Tech,ME,MH_A,Tamil Nadu,South,Veg,,Flexible,,Custom,3508,04/07/2021,2025-05-18,False,0.754,2.61,North_Indian,0.467,,105.0
S2366,Harshil Verma,2021,5,M.Tech,CSE,MH_A,Meghalaya,Northeast,Non_Veg,Daily,,,Full_Board,3799,"July 14, 2021",2023-05-25,False,0.97,3.49,No_Preference,0.207,False,216.0
S2367,Adya Ghosh,2021,5,B.Tech,CE,MH_G,Uttar Pradesh,South,Veg,,Flexible,None,Custom,3795,"July 13, 2021","May 25, 2025",False,0.542,2.12,North_Indian,0.699,False,705.0
S2368,Kritika Pau,2021,5,B.Tech,CH,MH_G,Rajasthan,North,Veg,,Indifferent,None,Full_Board,3500,2021-07-15,"May 15, 2025",False,0.803,3.2,,0.426,,336.0
S2369,Zansi Krishnamurthy,2021,5,B.Tech,ECE,MH_G,Karnataka,South,Veg,,Strict,None,Full_Board,3571,2021-07-10,2025-05-16,False,0.89,2.68,No_Preference,0.462,True,184.0
S2370,Udant Varty,2021,5,B.Tech,ME,MH_G,Bihar,North,Veg,,Strict,None,Full_Board,3550,2021-07-05,19/05/2025,False,0.519,3.68,South_Indian,0.63,False,197.0
S2371,Ira Pai,2021,5,B.Tech,CH,MH_B,West Bengal,East,Vegan,,,,Full_Board,3619,2021-07-04,"May 23, 2025",False,0.709,2.13,North_Indian,0.355,False,325.0
S2372,Vasatika Ahuja,2021,5,B.Tech,ECE,MH_B,Telangana,South,Veg,,Flexible,,Breakfast_Only,3500,16/07/2021,2025-05-26,False,0.548,2.94,,0.441,True,1490.0
S2373,Ria Gandhi,2021,5,B.Tech,CSE,MH_G,West Bengal,East,Jain,,,None,Full_Board,3500,2021-07-15,2025-05-19,False,0.589,3.69,North_Indian,0.073,,2334.0
S2374,Faraj Varkey,2021,5,B.Tech,EE,MH_B,Bihar,North,Non_Veg,Daily,,None,Full_Board,3611,07/07/2021,2025-05-27,False,0.633,3.29,South_Indian,0.253,False,219.0
S2375,,2021,5,PhD,CE,MH_A,Kerala,South,Vegetarian,,Strict,,Full_Board,3623,2021-07-09,24/05/2025,False,0.637,2.43,No_Preference,0.307,,446.0
S2376,Siddharth Doctor,2021,5,B.Tech,EE,MH_B,Punjab,North,Veg,,Strict,None,Lunch_Dinner,3658,2021-07-16,"May 19, 2025",False,0.521,3.03,North_Indian,0.471,False,514.0
S2377,Nakul Pathak,2021,5,B.Tech,ME,MH_A,Goa,West,Non_Veg,Weekly_Once,,None,Custom,3634,2021-07-10,21/05/2025,False,0.969,2.69,South_Indian,0.474,,703.0
S2378,Victor Sachdeva,2021,5,B.Tech,ME,MH_G,Gujarat,West,Veg,,Indifferent,None,Full_Board,3501,2021-07-08,2025-05-19,False,1.2741015375659135,2.08,North_Indian,0.336,False,176.0
S2379,Ishaan Subramaniam,2021,5,B.Tech,ECE,MH_A,Uttar Pradesh,North,Eggetarian,Weekly_Once,,None,Full_Board,3500,2021-07-15,18/05/2025,False,0.754,3.26,South_Indian,0.09,False,341.0
S2380,Varenya Kade,2021,5,M.Tech,EE,MH_A,Himachal Pradesh,North,Veg,,Strict,,Custom,3500,2021-07-10,2023-05-18,False,0.607,1.99,,0.364,,467.0
S2381,Nirja Bains,2021,5,B.Tech,ECE,MH_G,West Bengal,East,Non_Veg,Daily,,,Full_Board,3500,"July 16, 2021",2025-05-25,False,0.599,3.84,South_Indian,0.251,False,155.0
S2382,Caleb Datta,2021,5,M.Tech,CSE,MH_B,Bihar,North,Non_Veg,Alternate_Days,,None,Lunch_Dinner,3500,2021-07-10,26/05/2023,False,0.634,4.44,Continental,0.426,,187.0
S2383,Krish Vala,2021,5,B.Tech,ECE,MH_A,Maharashtra,West,Veg,,Indifferent,None,Full_Board,3500,2021-07-02,2025-05-23,False,0.637,3.42,No_Preference,0.284,True,717.0
S2384,Manan Bhalla,2021,5,M.Tech,BT,MH_G,West Bengal,East,Veg,,Strict,None,Full_Board,3500,"July 02, 2021","May 27, 2023",False,0.753,3.81,South_Indian,0.609,False,189.0
S2385,Aarna Gole,2021,5,B.Tech,CSE,MH_A,Maharashtra,West,Veg,,Flexible,None,Full_Board,3983,13/07/2021,2025-05-18,False,0.804,3.13,,0.457,False,720.0
S2386,Anirudh Mander,2021,5,B.Tech,EE,MH_A,West Bengal,East,Non_Veg,Alternate_Days,,None,Full_Board,3529,2021-07-05,27/05/2025,False,0.609,4.0,,0.428,True,804.0
S2387,Tarak Sen,2021,5,B.Tech,CSE,MH_B,Maharashtra,West,Veg,,Indifferent,,Lunch_Dinner,3500,2021-07-15,2025-05-20,False,0.919,1.69,No_Preference,0.394,False,1254.0
S2388,Vasatika Garde,2021,5,B.Tech,Other,MH_B,Uttar Pradesh,North,Veg,,Strict,None,Breakfast_Only,3500,"July 18, 2021",2025-05-23,False,0.587,4.74,South_Indian,0.408,False,168.0
S2389,Nirja Dhar,2021,5,B.Tech,CSE,MH_G,West Bengal,East,Veg,,Indifferent,None,Breakfast_Only,3500,2021-07-03,2025-05-22,False,0.801,2.84,North_Indian,0.191,False,648.0
S2390,Yasti Lalla,2021,5,B.Tech,ECE,MH_G,Andhra Pradesh,South,Veg,,Strict,None,Full_Board,3609,2021-07-15,2020-10-11,False,0.773,2.82,South_Indian,0.377,,286.0
S2391,Hema Setty,2021,5,M.Tech,CSE,MH_B,Madhya Pradesh,Central,Eggetarian,Alternate_Days,,,Breakfast_Only,3573,2021-07-09,2023-05-25,False,0.694,3.58,No_Preference,0.681,False,164.0
S2392,Victor Radhakrishnan,2021,5,M.Tech,CSE,MH_B,Gujarat,West,Veg,,Strict,None,Custom,3500,"July 01, 2021",2023-05-22,False,0.73,2.21,,0.284,False,128.0
S2393,Kevin Chopra,2021,5,B.Tech,ME,MH_A,Haryana,North,Non_Veg,Daily,,None,Full_Board,3822,"July 03, 2021",16/05/2025,False,0.807,2.41,North_Indian,0.126,False,548.0
S2394,Samaksh Virk,2021,5,PhD,EE,MH_A,Jharkhand,East,Non_Veg,Rarely,,,Full_Board,3846,2021-07-09,2025-05-27,False,0.879,1.43,Continental,0.471,,163.0
S2395,Mason Char,2021,5,B.Tech,CSE,MH_B,Gujarat,West,Veg,,Flexible,,Lunch_Dinner,3500,2021-07-01,"May 24, 2025",False,0.594,1.76,South_Indian,0.225,False,272.0
S2396,Vamakshi Barad,2021,5,B.Tech,ECE,MH_G,Uttar Pradesh,North,Veg,,Flexible,Gluten,Full_Board,3632,10/07/2021,2025-05-22,False,0.691,5.0,South_Indian,0.279,,1413.0
S2397,Girik Subramaniam,2021,5,B.Tech,ECE,MH_G,West Bengal,East,Non_Veg,Alternate_Days,,,Full_Board,3500,2021-07-19,2025-05-22,False,1.2847256387434782,4.9,South_Indian,0.303,True,2300.0
S2398,Aarav Sankar,2021,5,M.Tech,BT,MH_A,Himachal Pradesh,North,Non_Veg,Alternate_Days,,,Full_Board,3696,2021-07-06,16/05/2023,False,0.67,3.3,,0.491,,3000.0
S2399,Kamala Bassi,2021,5,B.Tech,EE,MH_A,Meghalaya,Northeast,Non_Veg,Weekly_Once,,None,Full_Board,3749,2021-07-16,2025-05-16,False,0.815,2.68,,0.635,True,67.0
S2400,Veer Subramaniam,2021,5,B.Tech,CSE,MH_B,Bihar,North,Veg,,Flexible,,Full_Board,3635,02/07/2021,2025-05-19,False,0.686,5.0,No_Preference,0.461,False,1326.0
S2401,Inaya Chaudhari,2021,5,B.Tech,ECE,MH_G,Chhattisgarh,Central,Veg,,Flexible,,Full_Board,3593,15/07/2021,2025-05-29,False,0.787,4.24,No_Preference,0.255,False,1191.0
S2402,Krish Kumar,2021,5,B.Tech,ECE,MH_G,West Bengal,East,Veg,,Strict,,Full_Board,3500,2021-07-15,2025-05-26,False,0.587,2.89,South_Indian,0.286,False,726.0
S2403,Viraj Chacko,2021,5,B.Tech,ECE,MH_A,Uttar Pradesh,North,Veg,,Strict,None,Full_Board,3585,2021-07-14,"May 21, 2025",False,0.627,2.73,South_Indian,0.096,True,224.0
S2404,Nilima Kurian,2021,5,B.Tech,CE,MH_A,Tripura,Northeast,Non_Veg,Daily,,None,Breakfast_Only,3500,2021-07-19,2021-02-12,False,0.814,4.25,No_Preference,0.574,,196.0
S2405,Abdul Amble,2021,5,B.Tech,ECE,MH_G,Gujarat,West,Veg,,Strict,None,Full_Board,3500,2021-07-10,2025-05-27,False,0.803,3.12,North_Indian,0.268,False,2978.0
S2406,Zinal Amble,2021,5,B.Tech,ECE,MH_G,Tamil Nadu,South,Veg,,Flexible,None,Full_Board,3546,"July 10, 2021",2025-05-16,False,0.94,3.75,North_Indian,0.671,True,684.0
S2407,Samesh Mutti,2021,5,B.Tech,CSE,MH_B,Uttar Pradesh,North,nonveg,Alternate_Days,,Nut,Custom,3800,10/07/2021,2025-05-23,False,0.713,3.87,South_Indian,0.634,True,150.0
S2408,Janaki Chhabra,2021,5,M.Tech,EE,MH_A,Odisha,East,Non_Veg,Weekly_Once,,None,Lunch_Dinner,3500,"July 07, 2021",2023-05-19,False,0.672,2.98,,0.371,True,1757.0
S2409,Pooja Kulkarni,2021,5,M.Tech,EE,MH_G,Kerala,South,Veg,,Flexible,None,Full_Board,3500,"July 15, 2021",2023-05-23,False,0.734,2.61,North_Indian,0.754,,52.0
S2410,Pallavi Pau,2021,5,B.Tech,ECE,MH_A,Himachal Pradesh,South,Non_Veg,Weekly_Once,,None,Full_Board,3703,2021-07-04,18/05/2025,False,0.707,4.26,South_Indian,0.51,,396.0
S2411,Mekhala Jani,2021,5,PhD,CE,MH_A,Maharashtra,West,Non_Veg,Rarely,,None,Custom,3621,05/07/2021,2025-05-26,False,0.793,2.44,North_Indian,0.594,,200.0
S2412,Vasudha Gola,2021,5,B.Tech,BT,MH_G,Bihar,North,Veg,,Flexible,Gluten,Full_Board,3500,2021-07-15,2025-05-25,False,0.958,2.62,No_Preference,0.293,False,116.0
S2413,Veda Kulkarni,2021,5,B.Tech,BT,MH_A,Karnataka,South,Veg,,Indifferent,,Full_Board,3500,2021-07-09,2025-05-18,False,0.703,2.44,South_Indian,0.137,,641.0
S2414,Hemangini Rao,2021,5,B.Tech,ECE,MH_B,Sikkim,Northeast,Non_Veg,Alternate_Days,,,Full_Board,3500,2021-07-03,2025-05-15,False,0.814,2.57,South_Indian,0.304,False,830.0
S2415,Jagat Karpe,2021,5,PhD,CSE,MH_B,Uttar Pradesh,North,Non_Veg,Rarely,,None,Full_Board,3500,"July 01, 2021",2025-05-25,False,0.868,3.52,North_Indian,0.387,False,998.0
S2416,Neel Chaudhry,2021,5,B.Tech,ME,MH_B,Maharashtra,West,Pure Veg,,Strict,Others,Full_Board,3645,2021-07-14,21/05/2025,False,0.6,3.68,,0.551,False,183.0
S2417,Yashoda Rattan,2021,5,B.Tech,BT,MH_B,Tamil Nadu,South,Veg,,Flexible,None,Full_Board,3581,17/07/2021,2025-05-19,False,0.522,2.69,No_Preference,0.194,,473.0
S2418,Charles Dyal,2021,5,B.Tech,BT,MH_G,Uttarakhand,North,Veg,,Indifferent,Nut,Full_Board,3500,2021-07-08,"May 17, 2025",False,0.771,3.34,No_Preference,0.329,False,250.0
S2419,Abdul Chand,2021,5,PhD,CE,MH_G,Maharashtra,West,Veg,,Strict,,Full_Board,3506,2021-07-14,2025-05-19,False,0.733,2.67,,0.569,False,239.0
S2420,Urishilla Saran,2021,5,B.Tech,ME,MH_B,Telangana,South,Non_Veg,Weekly_Once,,None,Lunch_Dinner,3500,2021-07-06,2025-05-23,False,0.542,2.53,North_Indian,0.627,True,369.0
S2421,Devansh Lall,2021,5,B.Tech,ME,MH_A,Andhra Pradesh,South,Non_Veg,Alternate_Days,,,Full_Board,3500,"July 18, 2021",2025-05-25,False,0.899,3.09,North_Indian,0.216,,78.0
S2422,Kamala Buch,2021,5,M.Tech,ME,MH_G,Haryana,North,Veg,,Strict,None,Full_Board,3515,2021-07-03,28/05/2023,False,0.967,2.51,North_Indian,0.309,False,1170.0
S2423,Leena Rattan,2021,5,B.Tech,Other,MH_B,Maharashtra,West,Non_Veg,Weekly_Once,,,Full_Board,3500,2021-07-10,2025-05-18,False,0.458,2.93,South_Indian,0.489,,313.0
S2424,Dakshesh Gill,2021,5,B.Tech,ME,MH_B,Tamil Nadu,South,Non_Veg,Alternate_Days,,Others,Full_Board,3582,2021-07-11,2025-05-16,False,0.741,2.19,South_Indian,0.574,False,424.0
S2425,Reva Anne,2021,5,PhD,EE,MH_B,Uttar Pradesh,North,NV,Daily,,None,Full_Board,3510,03/07/2021,"May 21, 2025",False,0.663,3.47,North_Indian,0.364,False,419.0
S2426,Zarna Mangal,2021,5,M.Tech,BT,MH_A,Andhra Pradesh,South,Veg,,Strict,Others,Full_Board,3520,"July 01, 2021",2023-05-17,False,0.524,3.87,North_Indian,0.346,False,943.0
S2427,Bahadurjit Uppal,2021,5,M.Tech,ECE,MH_G,Maharashtra,West,Veg,,Indifferent,None,Breakfast_Only,3500,2021-07-09,2021-05-05,False,0.766,3.67,South_Indian,0.141,,66.0
S2428,Omkaar Banik,2021,5,B.Tech,ME,MH_B,Punjab,North,Veg,,Strict,None,Full_Board,3500,2021-07-15,"May 26, 2025",False,0.577,4.83,,0.065,,1130.0
S2429,William Acharya,2021,5,B.Tech,BT,MH_G,Tamil Nadu,South,Veg,,Indifferent,,Lunch_Dinner,3500,2021-07-18,2025-05-22,False,0.777,3.4,North_Indian,0.401,False,499.0
S2430,Gabriel Majumdar,2021,5,B.Tech,ME,MH_G,Madhya Pradesh,Central,Veg,,Flexible,Others,Full_Board,3960,2021-07-09,2025-05-21,False,0.728,3.9,South_Indian,0.134,,2400.0
S2431,Ira Rana,2021,5,PhD,ECE,MH_B,Telangana,South,Veg,,Flexible,None,Lunch_Dinner,3500,05/07/2021,2025-05-29,False,0.717,1.78,,0.196,False,2308.0
S2432,Sai Vasa,2021,5,B.Tech,CSE,MH_B,Kerala,South,Non_Veg,Weekly_Once,,Others,Custom,3517,"July 03, 2021",2025-05-22,False,0.924,1.57,North_Indian,0.42,,62.0
S2433,Ekapad Chana,2021,5,B.Tech,ECE,MH_G,Rajasthan,North,Veg,,Strict,,Breakfast_Only,3500,2021-07-04,2021-03-05,False,0.733,3.71,North_Indian,0.474,False,140.0
S2434,Ijaya Palan,2021,5,M.Tech,BT,MH_A,Telangana,South,Non_Veg,Daily,,None,Lunch_Dinner,3615,2021-07-11,21/05/2023,False,0.491,3.25,South_Indian,0.375,False,772.0
S2435,,2021,5,M.Tech,ME,MH_A,Maharashtra,West,Non_Veg,Daily,,,Lunch_Dinner,3500,2021-07-11,"August 09, 2021",False,0.764,3.64,,0.595,False,1383.0
S2436,Upkaar Hayer,2021,5,PhD,Other,MH_G,Nagaland,Northeast,Non_Veg,Daily,,None,Full_Board,3500,15/07/2021,2025-05-22,False,0.731,3.25,South_Indian,0.546,True,971.0
S2437,Netra Agrawal,2021,5,B.Tech,CSE,MH_B,Tamil Nadu,South,Non_Veg,Rarely,,Others,Full_Board,3500,2021-07-16,22/05/2025,False,0.853,2.77,,0.598,True,174.0
S2438,Parth Ray,2021,5,B.Tech,CSE,MH_A,Uttar Pradesh,North,Veg,,Strict,None,Full_Board,3584,09/07/2021,2025-05-21,False,0.74,3.76,South_Indian,0.377,,84.0
S2439,Elijah Thakur,2021,5,B.Tech,BT,MH_A,Delhi,North,Non_Veg,Rarely,,None,Lunch_Dinner,3772,2021-07-10,"May 16, 2025",False,0.742,3.89,North_Indian,0.313,True,1122.0
S2440,Harini Dada,2021,5,B.Tech,ECE,MH_B,Gujarat,West,Veg,,Flexible,None,Breakfast_Only,3500,13/07/2021,15/05/2025,False,0.649,2.68,Continental,0.469,True,367.0
S2441,Zashil Savant,2021,5,B.Tech,CSE,MH_G,TAMIL NADU,South,Non_Veg,Alternate_Days,,,Full_Board,3589,10/07/2021,15/05/2025,False,0.772,2.99,North_Indian,0.339,False,223.0
S2442,Veda Kohli,2021,5,B.Tech,EE,MH_B,Rajasthan,North,Veg,,Flexible,None,Lunch_Dinner,3786,13/07/2021,"May 15, 2025",False,0.656,3.24,South_Indian,0.365,False,1141.0
S2443,Tara Sharma,2021,5,B.Tech,ECE,MH_A,Maharashtra,West,Veg,,Indifferent,Lactose,Full_Board,3672,2021-07-11,"May 23, 2025",False,0.488,3.64,South_Indian,0.306,True,424.0
S2444,Vasatika Dada,2021,5,B.Tech,ME,MH_G,West Bengal,East,Non_Veg,Alternate_Days,,,Lunch_Dinner,3505,"July 16, 2021",2025-05-19,False,0.891,3.75,South_Indian,0.615,True,555.0
S2445,Ekansh Raja,2021,5,B.Tech,EE,MH_A,Tamil Nadu,South,Veg,,Flexible,,Full_Board,3612,2021-07-16,17/05/2025,False,0.758,3.09,,0.386,True,69.0
S2446,Victor Mutti,2021,5,B.Tech,CSE,MH_B,Haryana,North,nonveg,Daily,,None,Full_Board,3500,2021-07-16,2025-05-20,False,0.685,2.48,No_Preference,0.222,True,157.0
S2447,Ira Varty,2021,5,B.Tech,CSE,MH_G,West Bengal,East,Veg,,Flexible,None,Full_Board,3500,2021-07-01,"May 15, 2025",False,0.706,1.43,North_Indian,0.433,True,532.0
S2448,Adya Kothari,2021,5,PhD,EE,MH_G,Tamil Nadu,South,pure-veg,,Strict,Others,Custom,3500,2021-07-11,2025-05-26,False,0.905,3.99,North_Indian,0.404,True,80.0
S2449,Girik Rastogi,2021,5,M.Tech,CSE,MH_A,Nagaland,Northeast,Non_Veg,Daily,,None,Lunch_Dinner,3584,2021-07-10,2023-05-20,False,0.989,1.99,North_Indian,0.29,False,819.0
S2450,Faqid Gokhale,2021,5,B.Tech,EE,MH_G,Sikkim,Northeast,Non_Veg,Daily,,None,Full_Board,3677,2021-07-11,2025-05-18,False,0.929,3.49,South_Indian,0.171,,1491.0
S2451,Dipta Pandya,2021,5,B.Tech,CE,MH_G,West Bengal,East,Veg,,Strict,,Full_Board,3500,19/07/2021,2025-05-20,False,1.2232999997899616,3.47,No_Preference,0.274,True,305.0
S2452,Amruta Goswami,2021,5,M.Tech,CSE,MH_A,Gujarat,West,Veg,,Flexible,Gluten,Lunch_Dinner,3609,05/07/2021,2023-05-15,False,0.725,4.41,South_Indian,0.16,False,160.0
S2453,Wishi Iyengar,2021,5,M.Tech,ECE,MH_B,Meghalaya,Northeast,Non_Veg,Alternate_Days,,Others,Full_Board,3500,2021-07-06,2023-05-18,False,0.668,3.18,,0.688,,121.0
S2454,Wyatt Lanka,2021,5,PhD,ME,MH_A,tamilnadu,South,Veg,,Strict,Nut,Custom,3500,2021-07-03,24/05/2025,False,0.875,3.16,South_Indian,0.483,,413.0
S2455,Veer Jain,2021,5,B.Tech,CSE,MH_A,Bihar,North,Eggetarian,Daily,,None,Custom,3503,2021-07-10,2025-05-17,False,0.744,2.45,,0.152,,1431.0
S2456,Ishani Dugal,2021,5,B.Tech,CH,MH_A,West Bengal,East,Non_Veg,Alternate_Days,,,Lunch_Dinner,3500,"July 17, 2021",2025-05-22,False,0.855,2.59,,0.105,False,264.0
S2457,Jagdish Brar,2021,5,B.Tech,ECE,MH_G,West Bengal,East,Non_Veg,Rarely,,None,Full_Board,3550,09/07/2021,2025-05-15,False,0.804,2.99,South_Indian,0.444,False,614.0
S2458,Abeer Basak,2021,5,M.Tech,CE,MH_G,Bihar,North,Veg,,Strict,None,Full_Board,3723,2021-07-16,"May 11, 2021",False,0.685,3.33,Continental,0.893,,530.0
S2459,Kamya Murty,2021,5,B.Tech,ME,MH_A,Kerala,South,Non_Veg,Daily,,None,Breakfast_Only,3544,05/07/2021,"May 26, 2025",False,0.801,2.53,South_Indian,0.606,False,377.0
S2460,Anvi Swaminathan,2021,5,B.Tech,EE,MH_B,Telangana,South,Non_Veg,Alternate_Days,,,Lunch_Dinner,3863,"July 03, 2021",2025-05-18,False,0.679,3.05,South_Indian,0.226,False,771.0
S2461,Yasti Mammen,2021,5,B.Tech,CE,MH_A,Tamil Nadu,South,Non_Veg,Weekly_Once,,,Full_Board,3610,2021-07-13,"May 16, 2025",False,0.753,3.36,,0.289,False,604.0
S2462,Tristan Dave,2021,5,M.Tech,ECE,MH_A,Rajasthan,North,Veg,,Strict,Lactose,Full_Board,3500,"July 02, 2021",2023-05-20,False,0.923,3.7,,0.385,False,598.0
S2463,Pallavi Sridhar,2021,5,B.Tech,BT,MH_B,Madhya Pradesh,Central,Non_Veg,Daily,,,Full_Board,3549,2021-07-19,2025-05-19,False,0.646,3.7,North_Indian,0.619,True,211.0
S2464,Yadavi Palan,2021,5,B.Tech,BT,MH_B,Rajasthan,North,Veg,,Strict,None,Breakfast_Only,3609,2021-07-09,2025-05-29,False,0.602,2.96,,0.197,False,128.0
S2465,Owen Shankar,2021,5,B.Tech,CSE,MH_A,Maharashtra,West,Veg,,Strict,None,Full_Board,3500,09/07/2021,2025-05-17,False,0.724,4.11,South_Indian,0.106,False,111.0
S2466,Zarna Sharma,2021,5,B.Tech,CE,MH_G,Himachal Pradesh,North,Non_Veg,Alternate_Days,,None,Breakfast_Only,3610,"July 07, 2021",24/05/2025,False,0.752,2.37,North_Indian,0.221,False,170.0
S2467,Abhiram Arora,2021,5,M.Tech,CE,MH_G,Uttar Pradesh,North,Eggetarian,Daily,,Lactose,Full_Board,3500,2021-07-06,2023-05-24,False,1.09084857101993,3.37,North_Indian,0.419,False,395.0
S2468,Ladli Chaudhuri,2021,5,M.Tech,BT,MH_G,Delhi,North,Veg,,Indifferent,None,Full_Board,3500,2021-07-14,2023-05-21,False,0.66,4.21,,0.498,False,110.0
S2469,Janaki Lad,2021,5,B.Tech,Other,MH_G,Sikkim,Northeast,Non_Veg,Daily,,None,Full_Board,3552,"July 07, 2021",2025-05-28,False,0.592,1.7,North_Indian,0.316,,932.0
S2470,Adya Khalsa,2021,5,M.Tech,CSE,MH_B,Gujarat,West,Veg,,Strict,Nut,Full_Board,3784,"July 13, 2021",23/05/2023,False,0.924,3.56,South_Indian,0.639,False,1219.0
S2471,Urishilla Oza,2021,5,B.Tech,ECE,MH_G,Rajasthan,North,Veg,,Strict,Others,Lunch_Dinner,3504,08/07/2021,"May 25, 2025",False,0.606,4.61,South_Indian,0.313,False,776.0
S2472,Qarin Tara,2021,5,M.Tech,Other,MH_B,Maharashtra,West,Non_Veg,Rarely,,None,Full_Board,3746,2021-07-13,29/05/2023,False,0.687,2.64,,0.614,False,355.0
S2473,Shivansh Saini,2021,5,B.Tech,BT,MH_G,Assam,Northeast,Veg,,Strict,None,Full_Board,3616,04/07/2021,2025-05-15,False,0.673,3.76,North_Indian,0.296,False,133.0
S2474,Janya Rattan,2021,5,B.Tech,CSE,MH_B,Rajasthan,North,Veg,,Strict,,Full_Board,3939,09/07/2021,2025-05-15,False,0.694,3.44,North_Indian,0.809,False,1516.0
S2475,Shravya Gole,2021,5,B.Tech,BT,MH_B,Delhi,North,Non_Veg,Alternate_Days,,,Lunch_Dinner,3500,2021-07-01,"May 21, 2025",False,0.565,3.69,North_Indian,0.495,False,1596.0
S2476,Veer Chaudhry,2021,5,M.Tech,CE,MH_A,Bihar,North,Veg,,Indifferent,Lactose,Custom,3500,18/07/2021,2023-05-27,False,0.762,2.82,North_Indian,0.59,False,83.0
S2477,Warinder Sankaran,2021,5,B.Tech,EE,MH_A,Uttar Pradesh,North,Veg,,Strict,None,Full_Board,3500,2021-07-10,"May 20, 2025",False,0.439,2.93,South_Indian,0.352,True,505.0
S2478,Rohan Dhingra,2021,5,M.Tech,ECE,MH_G,Rajasthan,North,Veg,,Flexible,None,Full_Board,3500,2021-07-03,2023-05-16,False,0.665,2.4,No_Preference,0.247,False,235.0
S2479,Urvashi Andra,2021,5,B.Tech,Other,MH_B,Tamil Nadu,South,Veg,,Flexible,,Custom,3625,2021-07-05,2025-05-26,False,1.2461966566120957,2.3,North_Indian,0.32,False,1080.0
S2480,Oviya Tata,2021,5,B.Tech,CSE,MH_G,Bihar,North,Non_Veg,Weekly_Once,,,Full_Board,3694,2021-07-04,17/05/2025,False,0.633,2.61,South_Indian,0.193,,286.0
S2481,Zansi Walla,2021,5,PhD,CSE,MH_G,Andhra Pradesh,South,Veg,,Indifferent,,Full_Board,3500,2021-07-15,2025-05-29,False,0.71,2.81,North_Indian,0.583,False,1421.0
S2482,Vidhi Mital,2021,5,M.Tech,BT,MH_B,Madhya Pradesh,Central,Non_Veg,Rarely,,,Full_Board,3511,2021-07-01,2023-05-22,False,1.0,1.28,South_Indian,0.484,True,234.0
S2483,Champak Rao,2021,5,PhD,ME,MH_G,Bihar,North,Eggetarian,Daily,,,Breakfast_Only,3512,2021-07-06,"May 19, 2025",False,0.612,3.26,North_Indian,0.177,True,306.0
S2484,Nihal Bhasin,2021,5,B.Tech,ME,MH_A,Gujarat,West,Veg,,Strict,None,Full_Board,3724,2021-07-07,2025-05-15,False,0.727,2.7,South_Indian,0.242,,326.0
S2485,Aachal Soni,2021,5,B.Tech,Other,MH_A,Gujarat,West,Veg,,Indifferent,None,Full_Board,3565,2021-07-08,2020-12-15,False,0.804,3.43,North_Indian,0.1,False,137.0
S2486,Shivani Natt,2021,5,B.Tech,ECE,MH_B,Uttar Pradesh,North,Non_Veg,Alternate_Days,,,Full_Board,3500,2021-07-01,2025-05-26,False,0.543,3.25,South_Indian,0.079,True,848.0
S2487,Jalsa Parsa,2021,5,B.Tech,CSE,MH_A,Tamil Nadu,South,Veg,,Flexible,None,Full_Board,3542,18/07/2021,"May 26, 2025",False,0.653,3.04,No_Preference,0.509,False,2119.0
S2488,Hemangini Bahri,2021,5,M.Tech,ME,MH_B,Maharashtra,West,Non_Veg,Daily,,None,Full_Board,3500,02/07/2021,2023-05-28,False,0.729,4.33,Continental,0.114,False,214.0
S2489,Jairaj Panchal,2021,5,B.Tech,ME,MH_A,Tamil Nadu,South,Veg,,Strict,None,Full_Board,3500,2021-07-03,20/05/2025,False,0.589,2.33,North_Indian,0.141,False,324.0
S2490,Owen Mane,2021,5,M.Tech,ECE,MH_A,Gujarat,West,Veg,,Flexible,,Breakfast_Only,3664,2021-07-14,2023-05-19,False,0.663,2.9,South_Indian,0.328,False,380.0
S2491,Ekta Uppal,2021,5,B.Tech,ECE,MH_A,Madhya Pradesh,Central,Veg,,Flexible,Lactose,Lunch_Dinner,3995,"July 09, 2021",29/05/2025,False,0.543,4.83,No_Preference,0.586,,423.0
S2492,Sanya Brar,2021,5,B.Tech,EE,MH_A,Gujarat,West,Veg,,Strict,None,Lunch_Dinner,3665,"July 16, 2021",2025-05-19,False,0.734,2.51,,0.269,False,108.0
S2493,Bhavini Sheth,2021,5,B.Tech,CSE,MH_A,Tripura,Northeast,Veg,,Flexible,,Custom,3552,"July 10, 2021",2025-05-20,False,0.642,3.92,North_Indian,0.153,,493.0
S2494,Oliver Nazareth,2021,5,B.Tech,CSE,MH_B,Andhra Pradesh,South,Veg,,Flexible,,Full_Board,3506,"July 05, 2021",18/05/2025,False,0.818,3.72,,0.675,False,1132.0
S2495,Nidhi Bora,2021,5,PhD,ME,MH_B,Tripura,Northeast,Veg,,Flexible,None,Full_Board,3876,2021-07-14,2025-05-26,False,0.654,3.76,North_Indian,0.243,False,124.0
S2496,Neel Oza,2021,5,PhD,CSE,MH_A,West Bengal,East,NV,Daily,,None,Breakfast_Only,3500,2021-07-07,2025-05-20,False,0.756,3.74,No_Preference,0.531,False,1032.0
S2497,Dipta Nadig,2021,5,B.Tech,EE,MH_B,Uttar Pradesh,North,Veg,,Flexible,None,Full_Board,3500,2021-07-17,2025-05-16,False,0.708,2.85,,0.701,False,572.0
S2498,Amara Rana,2021,5,M.Tech,CH,MH_B,Uttar Pradesh,North,Veg,,Flexible,None,Full_Board,3500,2021-07-17,27/05/2023,False,0.742,3.13,North_Indian,0.089,,1278.0
S2499,Sai Patil,2021,5,PhD,CSE,MH_A,Jharkhand,East,Veg,,Indifferent,None,Full_Board,3611,05/07/2021,"May 20, 2025",False,0.63,3.28,South_Indian,0.259,False,601.0
S2500,Odika Ganesh,2021,5,B.Tech,CSE,MH_G,Bihar,North,Veg,,Indifferent,None,Custom,3500,2021-07-02,"May 18, 2025",False,0.556,4.69,,0.282,True,256.0
S2501,Arin Dass,2021,5,M.Tech,EE,MH_B,Madhya Pradesh,Central,Veg,,Flexible,None,Full_Board,3500,2021-07-02,2023-05-24,False,0.608,3.53,North_Indian,0.283,True,171.0
S2502,Zayan Buch,2021,5,B.Tech,CE,MH_G,Telangana,South,Veg,,Flexible,Lactose,Breakfast_Only,3628,2021-07-01,2025-05-26,False,0.446,2.36,No_Preference,0.4,False,1418.0
S2503,,2021,5,B.Tech,ECE,MH_B,Haryana,North,Veg,,Indifferent,,Breakfast_Only,3500,"July 08, 2021","May 17, 2025",False,0.662,5.0,,0.727,False,207.0
S2504,Ojas Ranganathan,2021,5,B.Tech,CH,MH_A,Uttar Pradesh,North,Non_Veg,Daily,,None,Full_Board,3500,2021-07-02,2025-05-18,False,0.867,3.21,North_Indian,0.172,False,438.0
S2505,Girish Bhatt,2021,5,B.Tech,CSE,MH_A,Maharashtra,West,Vegan,,,None,Full_Board,3500,2021-07-06,2025-05-15,False,0.975,3.15,North_Indian,0.637,,514.0
S2506,Chatura Bal,2021,5,B.Tech,ECE,MH_G,Bihar,North,Veg,,Flexible,,Full_Board,3500,2021-07-09,2025-05-29,False,0.781,5.0,No_Preference,0.323,False,338.0
S2507,Fiyaz Chawla,2021,5,M.Tech,BT,MH_B,Andhra Pradesh,South,Non_Veg,Alternate_Days,,,Custom,3539,01/07/2021,2023-05-24,False,0.659,3.28,No_Preference,0.577,True,696.0
S2508,Nachiket Chad,2021,5,B.Tech,ECE,MH_G,Mizoram,Northeast,Non_Veg,Daily,,,Full_Board,3580,02/07/2021,"May 24, 2025",False,0.814,3.86,No_Preference,0.287,True,379.0
S2509,Dayamai Karnik,2021,5,PhD,CSE,MH_A,West Bengal,East,Non_Veg,Daily,,None,Custom,3651,2021-07-19,2025-05-19,False,0.513,3.28,North_Indian,0.221,True,577.0
S2510,Bhanumati Savant,2021,5,B.Tech,ECE,MH_B,Arunachal Pradesh,Northeast,Non_Veg,Alternate_Days,,None,Full_Board,3628,2021-07-12,2025-05-15,False,0.711,3.42,Continental,0.334,True,1401.0
S2511,Karan Vyas,2021,5,B.Tech,ME,MH_A,Madhya Pradesh,Central,Non_Veg,Alternate_Days,,,Full_Board,3823,2021-07-12,20/05/2025,False,0.686,3.84,North_Indian,0.589,,564.0
S2512,Ayush Banerjee,2021,5,B.Tech,CE,MH_G,Uttar Pradesh,North,Veg,,Strict,,Custom,3500,08/07/2021,"May 22, 2025",False,0.486,4.81,,0.778,False,806.0
S2513,Eshana Soni,2021,5,B.Tech,ECE,MH_A,West Bengal,East,Non_Veg,Daily,,None,Custom,3500,2021-07-01,15/05/2025,False,0.879,4.02,,0.476,,238.0
S2514,,2021,5,M.Tech,CSE,MH_G,Maharashtra,West,Vegan,,,,Custom,3500,19/07/2021,2023-05-19,False,0.658,3.21,South_Indian,0.335,,524.0
S2515,Anita Saxena,2021,5,B.Tech,CSE,MH_B,Punjab,North,Non_Veg,Daily,,,Full_Board,3500,2021-07-04,"May 19, 2025",False,0.656,3.69,No_Preference,0.274,True,331.0
S2516,Peter Shan,2021,5,B.Tech,ECE,MH_A,Kerala,South,Non_Veg,Alternate_Days,,None,Full_Board,3500,"July 08, 2021",2025-05-22,False,0.514,2.42,South_Indian,0.315,False,1666.0
S2517,Dayita Palan,2021,5,B.Tech,Other,MH_G,Kerala,South,Veg,,Strict,None,Lunch_Dinner,3500,08/07/2021,2025-05-24,False,0.664,1.69,No_Preference,0.115,,960.0
S2518,Utkarsh Chakraborty,2021,5,B.Tech,EE,MH_A,Tamil Nadu,South,Non_Veg,Weekly_Once,,None,Full_Board,3500,2021-07-13,2025-05-19,False,0.594,3.98,South_Indian,0.506,False,307.0
S2519,Darika Pau,2021,5,B.Tech,CSE,MH_B,Uttar Pradesh,North,Veg,,Indifferent,None,Full_Board,3518,2021-07-17,26/05/2025,False,0.618,3.94,No_Preference,0.214,False,167.0
S2520,Abha Dugal,2021,5,B.Tech,CSE,MH_B,Chhattisgarh,Central,Veg,,Flexible,None,Full_Board,3727,"July 03, 2021",19/05/2025,False,0.57,1.77,Continental,0.604,False,75.0
S2521,Advaith Acharya,2021,5,B.Tech,EE,MH_A,Gujarat,West,Non_Veg,Alternate_Days,,,Full_Board,3804,18/07/2021,27/05/2025,False,0.642,1.8,North_Indian,0.519,,836.0
S2522,Hemangini Mangat,2021,5,B.Tech,ECE,MH_G,Delhi,North,Veg,,Strict,,Custom,3714,"July 03, 2021",2020-08-21,False,0.705,2.54,South_Indian,0.66,True,1522.0
S2523,Abhiram Swamy,2021,5,B.Tech,Other,MH_A,Bihar,North,Veg,,Flexible,None,Full_Board,3500,2021-07-10,2020-10-25,False,0.609,1.65,,0.089,False,548.0
S2524,Chandani Andra,2021,5,B.Tech,CE,MH_A,TAMIL NADU,South,Veg,,Strict,None,Lunch_Dinner,3856,2021-07-12,2025-05-28,False,0.668,3.85,North_Indian,0.324,False,1132.0
S2525,Brinda Kashyap,2021,5,B.Tech,Other,MH_B,Uttar Pradesh,North,Veg,,Strict,None,Full_Board,3500,2021-07-02,2025-05-19,False,0.669,2.1,,0.347,False,384.0
S2526,Kashvi Gulati,2021,5,B.Tech,ME,MH_G,Tripura,Northeast,Non_Veg,Weekly_Once,,,Full_Board,3500,"July 01, 2021",2025-05-18,False,0.644,4.14,,0.565,,772.0
S2527,Rajeshri Rana,2021,5,M.Tech,CH,MH_A,Jharkhand,East,Non_Veg,Daily,,,Full_Board,3645,11/07/2021,2023-05-24,False,0.68,2.56,No_Preference,0.085,False,411.0
S2528,Nihal Ramakrishnan,2021,5,B.Tech,CE,MH_B,Haryana,North,Veg,,Strict,None,Full_Board,3500,"July 09, 2021",2025-05-29,False,0.582,3.23,No_Preference,0.72,False,234.0
S2529,Thomas Lall,2021,5,B.Tech,Other,MH_G,Tripura,Northeast,Veg,,Strict,None,Full_Board,3500,2021-07-15,2025-05-19,False,0.56,4.65,South_Indian,0.298,,1033.0
S2530,Pahal Khatri,2021,5,M.Tech,EE,MH_G,Uttar Pradesh,North,Veg,,Flexible,,Full_Board,3500,2021-07-09,2023-05-22,False,0.766,3.03,No_Preference,0.59,False,647.0
S2531,Bhavani Wali,2021,5,B.Tech,Other,MH_A,Gujarat,West,Jain,,,None,Full_Board,3500,"July 05, 2021",26/05/2025,False,0.715,3.53,,0.348,False,367.0
S2532,Nitara Guha,2021,5,M.Tech,ECE,MH_G,Maharashtra,West,Veg,,Strict,Lactose,Breakfast_Only,3878,2021-07-07,2023-05-26,False,0.543,4.65,South_Indian,0.127,False,803.0
S2533,Qabil Deshpande,2021,5,M.Tech,CSE,MH_B,Andhra Pradesh,South,Non_Veg,Rarely,,,Full_Board,3500,2021-07-15,2023-05-27,False,0.735,2.14,,0.13,True,473.0
S2534,,2021,5,B.Tech,ECE,MH_A,Mizoram,Northeast,Non_Veg,Rarely,,,Breakfast_Only,3500,2021-07-16,2020-11-25,False,0.689,2.58,South_Indian,0.392,False,178.0
S2535,Indrajit Shah,2021,5,B.Tech,CSE,MH_B,Arunachal Pradesh,Northeast,Non_Veg,Daily,,None,Custom,3591,17/07/2021,2025-05-25,False,0.756,3.13,South_Indian,0.847,,194.0
S2536,Anita Swamy,2021,5,M.Tech,ME,MH_B,Telangana,South,Vegan,,,,Custom,3704,2021-07-18,2023-05-22,False,0.798,3.19,South_Indian,0.175,,276.0
S2537,Ekani Bahl,2021,5,B.Tech,ECE,MH_B,Jharkhand,East,Non_Veg,Rarely,,None,Full_Board,3500,2021-07-08,24/05/2025,False,0.847,3.84,,0.826,True,1172.0
S2538,Chandran Warrior,2021,5,B.Tech,CE,MH_G,Gujarat,West,Veg,,Strict,None,Breakfast_Only,3764,"July 06, 2021",2025-05-19,False,0.676,4.43,,0.497,,471.0
S2539,Quincy Chaudry,2021,5,B.Tech,CH,MH_B,Jharkhand,East,Veg,,Strict,None,Full_Board,3500,2021-07-08,2025-05-21,False,0.709,2.34,North_Indian,0.524,,838.0
S2540,Amruta Dass,2021,5,M.Tech,ME,MH_G,Uttar Pradesh,North,Veg,,Strict,None,Full_Board,3500,2021-07-09,2023-05-21,False,0.739,3.86,,0.413,False,129.0
S2541,Abhiram Kaul,2021,5,B.Tech,ECE,MH_G,West Bengal,East,Eggetarian,Alternate_Days,,,Full_Board,3500,"July 04, 2021",2025-05-18,False,0.579,2.81,,0.801,False,468.0
S2542,Matthew Aurora,2021,5,B.Tech,BT,MH_A,TN,South,Veg,,Strict,,Full_Board,3500,2021-07-11,2025-05-22,False,0.563,2.86,,0.307,False,613.0
S2543,Teerth Oommen,2021,5,PhD,CE,MH_B,Kerala,South,Non_Veg,Weekly_Once,,None,Full_Board,3500,2021-07-17,2021-06-14,False,0.743,3.88,No_Preference,0.361,False,379.0
S2544,Devika Tara,2021,5,B.Tech,ECE,MH_B,Madhya Pradesh,Central,Veg,,Flexible,,Full_Board,3500,11/07/2021,"May 24, 2025",False,0.76,3.76,No_Preference,0.222,True,247.0
S2545,Ubika Balay,2021,5,B.Tech,CE,MH_B,Uttar Pradesh,North,Vegan,,,,Lunch_Dinner,3847,16/07/2021,2025-05-22,False,0.765,2.6,South_Indian,0.33,,624.0
S2546,Faris Dhingra,2021,5,PhD,ECE,MH_G,Uttar Pradesh,North,Veg,,Flexible,None,Breakfast_Only,4009,"July 10, 2021",2025-05-16,False,0.794,3.84,North_Indian,0.511,False,107.0
S2547,Amaira Ramanathan,2021,5,B.Tech,ME,MH_B,Karnataka,South,Veg,,Strict,None,Lunch_Dinner,3763,2021-07-17,2025-05-16,False,0.846,3.2,South_Indian,0.325,False,381.0
S2548,Upma Golla,2021,5,B.Tech,ME,MH_G,Tamil Nadu,South,Non_Veg,Rarely,,None,Full_Board,3800,06/07/2021,2025-05-21,False,0.699,3.35,South_Indian,0.318,,1035.0
S2549,Zashil Raj,2021,5,B.Tech,ECE,MH_B,Punjab,North,Eggetarian,Weekly_Once,,None,Full_Board,3500,2021-07-14,2025-05-19,False,0.736,2.64,South_Indian,0.383,False,1162.0
S2550,Jairaj Kothari,2021,5,B.Tech,EE,MH_G,Kerala,South,Non_Veg,Alternate_Days,,None,Lunch_Dinner,3507,2021-07-06,2025-05-15,False,0.651,2.46,South_Indian,0.274,False,338.0
S2551,Saanvi Kota,2021,5,B.Tech,CE,MH_G,Mizoram,Northeast,Veg,,Strict,,Lunch_Dinner,3500,17/07/2021,"May 16, 2025",False,0.7,3.58,South_Indian,0.062,False,123.0
S2552,Rushil Sharma,2021,5,B.Tech,EE,MH_G,Uttar Pradesh,North,Veg,,Strict,,Custom,3500,"July 13, 2021",2025-05-21,False,0.674,2.63,North_Indian,0.491,False,188.0
S2553,Sathvik Solanki,2021,5,B.Tech,ME,MH_A,Mizoram,Northeast,Non_Veg,Rarely,,Gluten,Custom,3745,"July 12, 2021",2025-05-26,False,0.707,1.92,South_Indian,0.08,True,1589.0
S2554,Devika Naidu,2021,5,B.Tech,EE,MH_A,Delhi,North,Veg,,Flexible,None,Custom,3700,16/07/2021,2025-05-25,False,1.0736204762343577,1.87,South_Indian,0.05,False,3000.0
S2555,Brijesh Verma,2021,5,B.Tech,ME,MH_B,Gujarat,West,Veg,,Strict,,Full_Board,3633,06/07/2021,2025-05-22,False,0.691,2.38,,0.554,False,524.0
S2556,Zehaan Srivastava,2021,5,M.Tech,CH,MH_B,TAMIL NADU,South,Non_Veg,Daily,,None,Full_Board,3500,13/07/2021,23/05/2023,False,0.787,3.7,North_Indian,0.715,False,199.0
S2557,Rushil Patel,2021,5,B.Tech,ECE,MH_G,Rajasthan,North,Veg,,Strict,,Breakfast_Only,3655,07/07/2021,2025-05-20,False,0.542,3.1,North_Indian,0.459,False,188.0
S2558,Tejas Chowdhury,2021,5,B.Tech,Other,MH_G,tamilnadu,South,veg,,Strict,,Lunch_Dinner,3500,2021-07-02,2020-07-01,False,0.917,3.38,Continental,0.451,True,444.0
S2559,,2021,5,B.Tech,CSE,MH_A,Manipur,Northeast,Non_Veg,Daily,,None,Lunch_Dinner,3500,2021-07-06,2025-05-25,False,0.884,3.77,North_Indian,0.154,,1268.0
S2560,Radha Nair,2021,5,B.Tech,CSE,MH_A,Uttar Pradesh,North,Non_Veg,Daily,,None,Full_Board,3500,05/07/2021,2025-05-29,False,0.7,2.94,,0.226,False,1671.0
S2561,Oliver Majumdar,2021,5,B.Tech,CSE,MH_G,Odisha,East,Vegan,,,,Lunch_Dinner,3500,"July 04, 2021","May 20, 2025",False,0.549,4.09,North_Indian,0.258,False,296.0
S2562,Meghana Kibe,2021,5,B.Tech,ECE,MH_B,West Bengal,East,Non_Veg,Alternate_Days,,None,Lunch_Dinner,3500,2021-07-18,"May 21, 2025",False,0.582,3.55,No_Preference,0.431,False,108.0
S2563,Brijesh Soman,2021,5,PhD,Other,MH_A,West Bengal,East,Non_Veg,Weekly_Once,,Gluten,Custom,3571,"July 11, 2021",2025-05-17,False,0.807,2.31,South_Indian,0.226,True,1946.0
S2564,Kamya Chakraborty,2021,5,B.Tech,CSE,MH_A,Jharkhand,East,VEG,,Strict,None,Custom,3694,2021-07-13,25/05/2025,False,0.482,3.34,South_Indian,0.555,False,707.0
S2565,Nakul Tata,2021,5,B.Tech,CH,MH_A,Maharashtra,West,Veg,,Indifferent,,Lunch_Dinner,3500,12/07/2021,"May 17, 2025",False,0.694,4.34,No_Preference,0.2,True,2161.0
S2566,Hamsini Bhasin,2021,5,B.Tech,CSE,MH_G,Maharashtra,West,Veg,,Indifferent,None,Lunch_Dinner,3595,11/07/2021,2025-05-23,False,0.678,2.24,,0.563,False,862.0
S2567,Ishani Dube,2021,5,B.Tech,CSE,MH_B,Odisha,East,Non_Veg,Alternate_Days,,,Custom,3733,19/07/2021,2025-05-18,False,0.467,1.64,,0.408,True,1355.0
S2568,Jeremiah Sura,2021,5,B.Tech,CSE,MH_A,Telangana,South,Veg,,Strict,None,Full_Board,3715,2021-07-10,"May 27, 2025",False,0.985,4.53,Continental,0.322,False,86.0
S2569,Edhitha Palan,2021,5,B.Tech,Other,MH_G,Gujarat,West,Vegan,,,None,Breakfast_Only,3500,14/07/2021,2025-05-18,False,0.36,2.02,North_Indian,0.261,False,215.0
S2570,Reyansh Bail,2021,5,M.Tech,EE,MH_A,Uttarakhand,North,Veg,,Flexible,None,Full_Board,3541,2021-07-15,2023-05-17,False,1.2591246976649593,3.26,,0.131,False,905.0
S2571,Ishita Desai,2021,5,M.Tech,CSE,MH_B,Kerala,South,NV,Weekly_Once,,,Full_Board,3500,"July 16, 2021",2023-05-17,False,0.774,2.99,South_Indian,0.408,False,817.0
S2572,Balveer Sundaram,2021,5,B.Tech,EE,MH_B,Haryana,North,Veg,,Flexible,None,Breakfast_Only,3500,11/07/2021,18/05/2025,False,0.717,4.17,North_Indian,0.366,True,1703.0
S2573,Chaitaly Suri,2021,5,M.Tech,CSE,MH_A,Andhra Pradesh,South,Veg,,Strict,None,Lunch_Dinner,3722,2021-07-11,26/05/2023,False,0.471,3.13,North_Indian,0.65,False,123.0
S2574,Rachit Pall,2021,5,B.Tech,BT,MH_B,Uttar Pradesh,North,Non_Veg,Alternate_Days,,None,Lunch_Dinner,3500,"July 15, 2021",2021-05-30,False,0.648,2.55,South_Indian,0.068,True,148.0
S2575,Upadhriti Maharaj,2021,5,M.Tech,CH,MH_A,Chhattisgarh,Central,Veg,,Strict,None,Lunch_Dinner,3500,"July 05, 2021",2023-05-27,False,0.776,2.66,,0.07,False,96.0
S2576,Ekapad Wali,2021,5,B.Tech,ECE,MH_B,Telangana,South,Vegan,,,None,Full_Board,3683,"July 13, 2021","May 15, 2025",False,0.714,3.3,North_Indian,0.265,,1676.0
S2577,Shivani Merchant,2021,5,B.Tech,CH,MH_G,Assam,Northeast,Veg,,Indifferent,None,Full_Board,3561,2021-07-14,2025-05-22,False,0.649,3.13,North_Indian,0.634,False,843.0
S2578,Jeevika Setty,2021,5,M.Tech,CE,MH_B,Maharashtra,West,Veg,,Flexible,,Full_Board,3500,"July 15, 2021",19/05/2023,False,0.889,3.23,North_Indian,0.129,False,642.0
S2579,Yashawini Raghavan,2021,5,B.Tech,CSE,MH_G,Rajasthan,North,Veg,,Indifferent,None,Full_Board,3652,2021-07-05,2025-05-16,False,0.965,3.82,,0.582,True,631.0
S2580,Anirudh Patla,2021,5,B.Tech,ECE,MH_B,Karnataka,South,Eggetarian,Weekly_Once,,None,Breakfast_Only,3642,2021-07-05,"May 16, 2025",False,0.628,2.8,North_Indian,0.642,False,3000.0
S2581,Ekani Bhatnagar,2021,5,B.Tech,CSE,MH_A,Uttar Pradesh,North,Veg,,Indifferent,None,Lunch_Dinner,3566,2021-07-17,2025-05-29,False,0.674,2.89,North_Indian,0.555,False,488.0
S2582,Ranveer Viswanathan,2021,5,PhD,CH,MH_A,Maharashtra,West,Veg,,Flexible,,Full_Board,3500,"July 06, 2021",2025-05-15,False,0.36,3.55,No_Preference,0.271,True,498.0
S2583,Mitesh Mandal,2021,5,M.Tech,Other,MH_B,Rajasthan,North,Non_Veg,Daily,,Nut,Full_Board,3662,2021-07-19,"May 19, 2023",False,0.704,3.26,South_Indian,0.214,False,487.0
S2584,Nimrat Nagy,2021,5,PhD,BT,MH_B,Karnataka,South,Veg,,Flexible,None,Full_Board,3500,2021-07-15,2025-05-25,False,0.592,2.98,South_Indian,0.36,False,106.0
S2585,Gopal Virk,2021,5,B.Tech,CSE,MH_A,Madhya Pradesh,Central,Eggetarian,Daily,,None,Full_Board,3785,2021-07-16,2021-05-11,False,0.917,2.43,North_Indian,0.747,False,121.0
S2586,Caleb Dayal,2021,5,B.Tech,EE,MH_A,Odisha,East,Non_Veg,Alternate_Days,,None,Full_Board,3500,2021-07-19,2025-05-27,False,0.776,2.63,South_Indian,0.347,True,578.0
S2587,Azad Jaggi,2021,5,B.Tech,CSE,MH_B,Maharashtra,West,Veg,,Indifferent,None,Lunch_Dinner,3589,"July 10, 2021",20/05/2025,False,0.615,4.0,North_Indian,0.055,False,624.0
S2588,Vedika Handa,2021,5,PhD,CSE,MH_B,Bihar,North,Veg,,Strict,Nut,Full_Board,3671,12/07/2021,2025-05-22,False,0.771,2.87,Continental,0.382,False,785.0
S2589,Azad Rama,2021,5,B.Tech,CE,MH_A,Jharkhand,East,Non_Veg,Alternate_Days,,None,Breakfast_Only,3601,2021-07-12,"May 26, 2025",False,0.64,3.09,,0.548,False,378.0
S2590,Aahana Bawa,2021,5,B.Tech,CSE,MH_G,Gujarat,West,Veg,,Flexible,None,Lunch_Dinner,3805,"July 03, 2021","May 15, 2025",False,0.578,2.47,No_Preference,0.493,True,93.0
S2591,Timothy Bobal,2021,5,B.Tech,ME,MH_G,Kerala,South,Veg,,Strict,None,Full_Board,3500,08/07/2021,2025-05-18,False,0.61,2.79,,0.494,False,1544.0
S2592,Sathvik Swamy,2021,5,B.Tech,EE,MH_G,Uttar Pradesh,North,Veg,,Flexible,None,Breakfast_Only,3500,2021-07-16,17/05/2025,False,0.821,2.71,North_Indian,0.463,,438.0
S2593,Upadhriti Bhat,2021,5,B.Tech,CE,MH_A,Andhra Pradesh,South,Non_Veg,Alternate_Days,,None,Custom,3922,2021-07-10,2025-05-29,False,0.463,3.0,,0.452,True,283.0
S2594,Ojasvi Pillay,2021,5,B.Tech,ECE,MH_A,Chhattisgarh,Central,Veg,,Flexible,Gluten,Full_Board,3500,"July 08, 2021","May 19, 2025",False,0.638,3.35,South_Indian,0.42,True,823.0
S2595,Amaira Wadhwa,2021,5,B.Tech,CSE,MH_G,Uttar Pradesh,North,Veg,,Indifferent,None,Full_Board,3551,2021-07-11,2025-05-25,False,0.678,3.38,No_Preference,0.24,False,299.0
S2596,Ekavir Modi,2021,5,M.Tech,CSE,MH_B,Kerala,South,Non_Veg,Weekly_Once,,None,Full_Board,3500,07/07/2021,2023-05-27,False,0.82,2.96,No_Preference,0.508,,995.0
S2597,Tarak Venkataraman,2021,5,B.Tech,CH,MH_A,Madhya Pradesh,Central,Vegan,,,None,Breakfast_Only,3500,12/07/2021,25/05/2025,False,0.673,3.42,North_Indian,0.535,False,253.0
S2598,Harrison Kashyap,2021,5,B.Tech,ME,MH_B,Kerala,South,Non_Veg,Daily,,None,Lunch_Dinner,3551,2021-07-07,21/05/2025,False,0.865,1.46,North_Indian,0.244,True,457.0
S2599,Ranveer Hans,2021,5,B.Tech,CE,MH_A,Jharkhand,East,Veg,,Flexible,,Full_Board,3500,2021-07-11,2025-05-20,False,0.851,3.44,South_Indian,0.374,False,145.0
S2600,Praneel Sagar,2021,5,B.Tech,CSE,MH_G,Tamil Nadu,South,Non_Veg,Alternate_Days,,None,Custom,3500,"July 06, 2021",23/11/2020,False,0.656,3.89,North_Indian,0.417,True,645.0
S2601,Ishita Shanker,2021,5,B.Tech,ME,MH_B,Odisha,East,Non_Veg,Weekly_Once,,,Breakfast_Only,3500,2021-07-11,22/05/2025,False,0.62,2.51,South_Indian,0.32,False,109.0
S2602,Hemang Ganesan,2021,5,PhD,CH,MH_B,Telangana,South,Veg,,Strict,None,Full_Board,3831,2021-07-07,2021-06-01,False,0.772,3.31,South_Indian,0.352,True,479.0
S2603,Neelima Thaman,2021,5,B.Tech,CH,MH_B,Rajasthan,North,Eggetarian,Rarely,,None,Full_Board,3705,2021-07-14,22/05/2025,False,0.766,3.33,North_Indian,0.714,,485.0
S2604,Nakul Walla,2021,5,B.Tech,CH,MH_B,Odisha,East,Non_Veg,Alternate_Days,,None,Breakfast_Only,3500,2021-07-06,2025-05-26,False,0.537,4.11,South_Indian,0.464,False,375.0
S2605,Indira Murty,2021,5,B.Tech,Other,MH_B,Bihar,North,Veg,,Strict,,Full_Board,3659,2021-07-18,"May 23, 2025",False,0.775,4.53,South_Indian,0.233,,273.0
S2606,Kamya Sachar,2021,5,B.Tech,Other,MH_B,Andhra Pradesh,South,Veg,,Flexible,None,Custom,3541,09/07/2021,2025-05-26,False,0.724,2.95,North_Indian,0.834,False,339.0
S2607,Ekiya Khosla,2021,5,B.Tech,ECE,MH_B,Delhi,North,Veg,,Strict,,Full_Board,3666,2021-07-11,2025-05-18,False,0.751,3.38,South_Indian,0.527,False,390.0
S2608,Keya Kumar,2021,5,B.Tech,CSE,MH_A,West Bengal,East,Non_Veg,Alternate_Days,,None,Lunch_Dinner,3500,2021-07-19,2025-05-15,False,0.672,2.66,,0.42,False,300.0
S2609,Sneha Sem,2021,5,B.Tech,CSE,MH_B,Uttarakhand,North,Veg,,Indifferent,None,Lunch_Dinner,3500,2021-07-03,2020-10-12,False,0.494,3.56,,0.426,True,284.0
S2610,Aadi Banerjee,2021,5,B.Tech,CE,MH_A,Andhra Pradesh,South,Non_Veg,Daily,,,Full_Board,3500,2021-07-08,2025-05-28,False,0.629,2.82,,0.237,True,326.0
S2611,Amol Vasa,2021,5,B.Tech,Other,MH_B,Delhi,North,Veg,,Indifferent,,Full_Board,3678,2021-07-18,23/05/2025,False,0.767,2.4,North_Indian,0.699,False,707.0
S2612,Chasmum Ahuja,2021,5,B.Tech,EE,MH_B,Rajasthan,North,Non_Veg,Weekly_Once,,None,Full_Board,3511,"July 19, 2021","May 24, 2025",False,0.61,1.95,No_Preference,0.449,False,303.0
S2613,Tristan Kala,2021,5,B.Tech,CSE,MH_G,Uttar Pradesh,North,Eggetarian,Daily,,None,Full_Board,3500,2021-07-18,2025-05-24,False,0.767,2.58,North_Indian,0.32,False,1387.0
S2614,Anthony Majumdar,2021,5,M.Tech,CH,MH_A,Maharashtra,West,Veg,,Indifferent,,Full_Board,3500,17/07/2021,2023-05-20,False,0.707,2.91,North_Indian,0.401,False,522.0
S2615,Girindra Barad,2021,5,B.Tech,ECE,MH_B,Haryana,North,Veg,,Strict,None,Full_Board,3500,2021-07-19,2025-05-26,False,0.779,3.47,No_Preference,0.132,False,114.0
S2616,Ishani Dugal,2021,5,B.Tech,ECE,MH_G,tamilnadu,South,Veg,,Strict,None,Full_Board,3500,19/07/2021,2025-05-21,False,0.674,3.78,North_Indian,0.438,False,735.0
S2617,Alka Peri,2021,5,B.Tech,ME,MH_A,Uttarakhand,North,non_veg,Alternate_Days,,None,Full_Board,3500,2021-07-19,2025-05-17,False,0.697,3.67,North_Indian,0.338,False,1038.0
S2618,Viraj Kunda,2021,5,B.Tech,ME,MH_G,Kerala,South,Non_Veg,Rarely,,None,Lunch_Dinner,3632,2021-07-05,15/05/2025,False,0.58,3.08,No_Preference,0.487,True,78.0
S2619,George Ratta,2021,5,B.Tech,ME,MH_B,Manipur,Central,Veg,,Strict,,Full_Board,3500,11/07/2021,2025-05-25,False,0.839,3.78,North_Indian,0.334,,249.0
S2620,Faras Nair,2021,5,M.Tech,ME,MH_G,Gujarat,West,Vegan,,,Lactose,Breakfast_Only,3500,2021-07-13,"May 21, 2023",False,0.955,3.43,South_Indian,0.433,False,579.0
S2621,Oscar Sura,2021,5,B.Tech,ECE,MH_B,Bihar,North,Vegan,,,,Breakfast_Only,3607,2021-07-01,2025-05-24,False,0.474,3.37,No_Preference,0.109,False,129.0
S2622,Charita Barad,2021,5,B.Tech,EE,MH_B,Bihar,North,Veg,,Strict,None,Full_Board,3707,03/07/2021,20/05/2025,False,0.566,4.62,,0.568,,1360.0
S2623,Farhan Bhalla,2021,5,B.Tech,EE,MH_G,Bihar,North,Veg,,Strict,None,Full_Board,3500,2021-07-03,29/05/2025,False,0.809,3.16,South_Indian,0.354,True,1196.0
S2624,Ijaya Saraf,2021,5,B.Tech,ECE,MH_G,Bihar,North,Veg,,Flexible,Gluten,Breakfast_Only,3500,2021-07-03,2025-05-20,False,0.843,3.37,South_Indian,0.799,False,345.0
S2625,Jai Karan,2021,5,B.Tech,BT,MH_A,Uttar Pradesh,North,Veg,,Indifferent,None,Full_Board,3500,"July 14, 2021",2025-05-20,False,0.505,1.59,North_Indian,0.94,True,75.0
S2626,Lavanya Bhagat,2021,5,PhD,EE,MH_B,Karnataka,South,Veg,,Strict,None,Full_Board,3500,"July 11, 2021",17/05/2025,False,0.8,3.14,South_Indian,0.213,False,424.0
S2627,Benjamin Nagar,2021,5,PhD,CH,MH_B,Maharashtra,West,Veg,,Strict,None,Full_Board,3500,"July 18, 2021","May 20, 2025",False,0.694,4.34,South_Indian,0.499,False,134.0
S2628,Eta Thakkar,2021,5,M.Tech,Other,MH_A,Kerala,South,Veg,,Strict,None,Full_Board,3773,2021-07-04,2023-05-26,False,0.647,3.84,North_Indian,0.589,False,319.0
S2629,Michael Bedi,2021,5,B.Tech,CE,MH_A,Meghalaya,Northeast,Non_Veg,Alternate_Days,,None,Full_Board,3583,"July 17, 2021",2025-05-17,False,0.698,2.86,,0.381,True,809.0
S2630,Sanaya Thaman,2021,5,M.Tech,CE,MH_A,Gujarat,West,Vegan,,,None,Lunch_Dinner,3766,2021-07-10,24/05/2023,False,0.632,3.71,North_Indian,0.478,,316.0
S2631,Tristan Sankaran,2021,5,B.Tech,EE,MH_A,Tamil Nadu,South,Non_Veg,Weekly_Once,,None,Full_Board,3500,08/07/2021,2025-05-19,False,0.735,3.54,No_Preference,0.437,,136.0
S2632,Meera Divan,2021,5,B.Tech,CSE,MH_G,Punjab,North,Veg,,Flexible,,Breakfast_Only,3608,2021-07-02,2025-05-23,False,0.986,4.82,North_Indian,0.395,False,362.0
S2633,Gayathri Butala,2021,5,B.Tech,EE,MH_B,Karnataka,South,Non_Veg,Alternate_Days,,,Full_Board,3662,2021-07-07,2025-05-18,False,0.634,1.06,North_Indian,0.234,,1339.0
S2634,Chandran Rastogi,2021,5,M.Tech,BT,MH_A,West Bengal,East,Veg,,Strict,None,Lunch_Dinner,3599,04/07/2021,2020-12-06,False,0.747,4.36,North_Indian,0.477,,1053.0
S2635,Frederick Rastogi,2021,5,B.Tech,CSE,MH_B,Uttar Pradesh,North,Veg,,Flexible,None,Full_Board,3500,"July 02, 2021",29/05/2025,False,0.636,1.95,,0.144,,1323.0
S2636,Kalpit Deshmukh,2021,5,B.Tech,ME,MH_A,Manipur,Northeast,Non_Veg,Alternate_Days,,Nut,Full_Board,3547,"July 01, 2021",2025-05-20,False,0.692,4.56,South_Indian,0.453,False,1659.0
S2637,Rudra Sura,2021,5,M.Tech,ME,MH_G,Bihar,North,Veg,,Flexible,None,Full_Board,3659,"July 19, 2021",2023-05-15,False,0.639,2.25,North_Indian,0.661,False,561.0
S2638,Rohan Viswanathan,2021,5,M.Tech,BT,MH_G,Uttarakhand,North,non_veg,Rarely,,None,Full_Board,3677,2021-07-10,2020-12-19,False,0.558,3.09,,0.614,,1681.0
S2639,Xavier Bora,2021,5,B.Tech,CSE,MH_B,Tripura,Northeast,Non_Veg,Daily,,None,Full_Board,3500,2021-07-14,26/05/2025,False,0.93,4.92,North_Indian,0.721,True,258.0
S2640,Qushi Naik,2021,5,M.Tech,Other,MH_B,Maharashtra,West,Veg,,Flexible,None,Breakfast_Only,3670,"July 03, 2021","May 26, 2023",False,0.605,3.56,South_Indian,0.303,True,666.0
S2641,Isaiah Sachdev,2021,5,B.Tech,Other,MH_A,Kerala,South,Non_Veg,Weekly_Once,,,Full_Board,3500,05/07/2021,2025-05-22,False,0.512,2.74,South_Indian,0.364,False,308.0
S2642,Jasmit Pall,2021,5,B.Tech,EE,MH_A,Chhattisgarh,Central,Eggetarian,Weekly_Once,,None,Full_Board,3940,"July 06, 2021","May 21, 2025",False,0.699,3.49,North_Indian,0.222,True,77.0
S2643,Ekani Padmanabhan,2021,5,PhD,CSE,MH_A,Bihar,North,Veg,,Strict,,Full_Board,3878,2021-07-07,2020-10-12,False,0.654,4.46,South_Indian,0.104,,1179.0
S2644,Dalaja Gara,2021,5,PhD,CSE,MH_A,Goa,West,Vegetarian,,Flexible,,Full_Board,3711,15/07/2021,2025-05-16,False,0.674,2.72,,0.392,True,1672.0
S2645,Riya Dhingra,2021,5,B.Tech,ECE,MH_B,Rajasthan,North,Non_Veg,Alternate_Days,,None,Lunch_Dinner,3500,2021-07-08,28/05/2025,False,0.593,2.99,,0.374,True,470.0
S2646,Chaitanya Kaur,2021,5,B.Tech,BT,MH_G,Uttar Pradesh,North,Veg,,Strict,None,Lunch_Dinner,3725,2021-07-05,2025-05-25,False,0.889,3.07,South_Indian,0.456,False,2016.0
S2647,Kashvi Dugal,2021,5,B.Tech,CSE,MH_A,Telangana,South,Non_Veg,Daily,,None,Full_Board,3661,2021-07-04,26/05/2025,False,0.694,1.49,North_Indian,0.592,True,325.0
S2648,Isaiah Bhagat,2021,5,M.Tech,CSE,MH_G,Madhya Pradesh,Central,Veg,,Indifferent,,Full_Board,3500,2021-07-09,"May 19, 2023",False,0.641,4.13,,0.23,,403.0
S2649,Manbir Mani,2021,5,B.Tech,ECE,MH_A,Andhra Pradesh,South,Non_Veg,Alternate_Days,,,Breakfast_Only,3500,2021-07-04,"May 18, 2025",False,0.622,3.44,South_Indian,0.222,False,96.0
S2650,Hemal Choudhry,2021,5,M.Tech,ECE,MH_G,Rajasthan,North,Non_Veg,Daily,,None,Breakfast_Only,3670,04/07/2021,"May 20, 2023",False,0.767,3.45,No_Preference,0.147,False,1648.0
S2651,Shivani Sinha,2022,4,B.Tech,EE,MH_A,Punjab,North,Veg,,Indifferent,,Full_Board,3652,2022-07-17,,True,0.672,2.59,South_Indian,0.603,,1105.0
S2652,Garima Kadakia,2022,4,B.Tech,ME,MH_B,Bihar,North,Eggetarian,Alternate_Days,,None,Full_Board,3629,2022-07-05,,True,0.567,2.08,North_Indian,0.374,False,224.0
S2653,Samar Virk,2022,4,B.Tech,EE,MH_A,Telangana,South,Non_Veg,Weekly_Once,,,Full_Board,3753,2022-07-17,,True,0.661,3.01,South_Indian,0.672,,174.0
S2654,Vasudha Dhaliwal,2022,4,M.Tech,CSE,MH_B,Uttar Pradesh,North,Veg,,Flexible,None,Full_Board,3851,2022-07-16,,True,0.543,1.33,North_Indian,0.303,,612.0
S2655,Krisha Vyas,2022,4,B.Tech,CH,MH_A,Himachal Pradesh,North,Veg,,Indifferent,,Breakfast_Only,3579,2022-07-09,,True,0.616,4.25,,0.212,False,266.0
S2656,Aadhya Garde,2022,4,M.Tech,ME,MH_A,Andhra Pradesh,South,Non_Veg,Rarely,,None,Full_Board,3603,"July 09, 2022",,True,0.754,2.67,North_Indian,0.319,False,156.0
S2657,,2022,4,B.Tech,ME,MH_A,Telangana,South,Veg,,Indifferent,None,Full_Board,3500,08/07/2022,,True,0.774,2.34,,0.471,,198.0
S2658,Bhanumati Iyer,2022,4,B.Tech,CSE,MH_B,Uttar Pradesh,North,Non_Veg,Alternate_Days,,None,Lunch_Dinner,3500,"July 05, 2022",,True,0.728,4.43,North_Indian,0.111,False,182.0
S2659,Chatresh Shroff,2022,4,B.Tech,CSE,MH_A,Telangana,South,Non_Veg,Daily,,,Lunch_Dinner,3870,"July 09, 2022",,True,0.808,3.0,South_Indian,0.537,False,415.0
S2660,Ekalinga Rama,2022,4,PhD,BT,MH_A,Odisha,East,Non_Veg,Alternate_Days,,None,Full_Board,3594,2022-07-12,,True,0.582,3.83,North_Indian,0.568,False,2631.0
S2661,Jagvi Chokshi,2022,4,PhD,ECE,MH_A,Assam,Northeast,Non_Veg,Daily,,None,Lunch_Dinner,3833,2022-07-03,,True,0.712,2.09,North_Indian,0.635,,471.0
S2662,Brinda Raju,2022,4,B.Tech,BT,MH_G,Andhra Pradesh,South,Veg,,Flexible,None,Full_Board,3723,2022-07-14,,True,0.707,3.0,North_Indian,0.577,,803.0
S2663,Lajita Trivedi,2022,4,B.Tech,ECE,MH_A,Uttar Pradesh,North,pure-veg,,Indifferent,None,Lunch_Dinner,3500,2022-07-03,,True,0.703,3.08,North_Indian,0.32,False,1191.0
S2664,Diya Sundaram,2022,4,B.Tech,ME,MH_A,Tamil Nadu,South,Non_Veg,Weekly_Once,,Gluten,Full_Board,3635,2022-07-17,,True,0.759,3.54,North_Indian,0.399,False,588.0
S2665,Quincy Issac,2022,4,B.Tech,ME,MH_A,Bihar,North,Veg,,Strict,None,Full_Board,3686,2022-07-10,,True,0.584,3.53,No_Preference,0.051,False,356.0
S2666,Anthony Baral,2022,4,B.Tech,CSE,MH_A,Telangana,South,Eggetarian,Daily,,None,Full_Board,3781,2022-07-14,,True,0.607,2.04,South_Indian,0.213,False,452.0
S2667,Dalaja Nath,2022,4,M.Tech,CH,MH_A,Maharashtra,West,Veg,,Strict,,Breakfast_Only,3863,2022-07-06,,True,0.628,3.44,North_Indian,0.201,,235.0
S2668,Maya Dugar,2022,4,B.Tech,CSE,MH_A,Andhra Pradesh,South,Non_Veg,Alternate_Days,,,Full_Board,3690,2022-07-10,,True,0.775,2.88,South_Indian,0.431,False,334.0
S2669,Idika Pandey,2022,4,M.Tech,ME,MH_B,TN,South,Veg,,Strict,,Lunch_Dinner,3914,2022-07-17,,True,0.814,3.72,,0.448,False,187.0
S2670,Chasmum Keer,2022,4,B.Tech,CSE,MH_B,Maharashtra,West,Non_Veg,Alternate_Days,,None,Custom,3517,2022-07-06,,True,0.979,1.52,No_Preference,0.252,True,505.0
S2671,David Kurian,2022,4,B.Tech,BT,MH_G,Uttarakhand,North,Non_Veg,Alternate_Days,,None,Full_Board,3607,2022-07-03,,True,0.795,5.0,North_Indian,0.284,False,328.0
S2672,Ayushman Mammen,2022,4,B.Tech,ECE,MH_B,Bihar,North,Non_Veg,Weekly_Once,,None,Lunch_Dinner,3500,07/07/2022,,True,0.851,3.55,No_Preference,0.197,False,193.0
S2673,Max Om,2022,4,M.Tech,CE,MH_B,Maharashtra,West,Veg,,Indifferent,None,Custom,3852,15/07/2022,,True,0.837,4.43,No_Preference,0.555,False,300.0
S2674,Laksh Chahal,2022,4,B.Tech,CSE,MH_G,Bihar,North,Eggetarian,Rarely,,,Lunch_Dinner,3622,2022-07-05,,True,0.626,3.25,North_Indian,0.317,False,1429.0
S2675,Utkarsh Sahni,2022,4,B.Tech,CSE,MH_B,TN,South,Non_Veg,Daily,,,Custom,3862,2022-07-05,,True,0.651,3.65,North_Indian,0.438,False,121.0
S2676,Michael Sandhu,2022,4,B.Tech,CH,MH_A,Karnataka,South,Non_Veg,Alternate_Days,,,Full_Board,3750,"July 16, 2022",,True,0.839,2.13,North_Indian,0.545,,941.0
S2677,Forum Sen,2022,4,B.Tech,CE,MH_G,Karnataka,South,Veg,,Flexible,,Lunch_Dinner,3750,2022-07-17,,True,0.888,3.71,No_Preference,0.616,,426.0
S2678,Samuel Devi,2022,4,M.Tech,CSE,MH_A,Bihar,North,Veg,,Indifferent,,Full_Board,3575,"July 13, 2022",,True,0.665,4.2,Continental,0.678,,1034.0
S2679,Lakshit More,2022,4,B.Tech,BT,MH_A,Maharashtra,West,Veg,,Indifferent,None,Full_Board,3500,09/07/2022,,True,0.675,3.12,No_Preference,0.301,,58.0
S2680,Qushi Dhillon,2022,4,B.Tech,Other,MH_B,Haryana,North,Veg,,Flexible,None,Full_Board,3821,2022-07-12,,True,0.621,3.16,North_Indian,0.318,True,778.0
S2681,Eesha Bir,2022,4,B.Tech,ECE,MH_B,Tamil Nadu,South,Non_Veg,Weekly_Once,,None,Breakfast_Only,3612,2022-07-13,,True,0.626,5.0,No_Preference,0.335,False,128.0
S2682,Qarin Nadkarni,2022,4,M.Tech,EE,MH_G,Tamil Nadu,South,Veg,,Flexible,,Full_Board,3665,2022-07-07,,True,0.419,4.03,No_Preference,0.258,True,62.0
S2683,Ayushman Nagar,2022,4,B.Tech,ECE,MH_G,Uttar Pradesh,North,Veg,,Indifferent,,Lunch_Dinner,3500,2022-07-12,,True,0.696,4.82,South_Indian,0.162,False,1416.0
S2684,Nisha Mitter,2022,4,B.Tech,EE,MH_A,Kerala,South,Non_Veg,Weekly_Once,,None,Full_Board,3578,2022-07-12,,True,0.627,2.57,No_Preference,0.261,False,1460.0
S2685,Anusha Doshi,2022,4,M.Tech,CE,MH_B,Uttar Pradesh,North,Veg,,Indifferent,,Breakfast_Only,3681,19/07/2022,,True,0.644,3.21,,0.334,False,1032.0
S2686,Hredhaan Deep,2022,4,B.Tech,CH,MH_A,Madhya Pradesh,Central,Non_Veg,Daily,,,Full_Board,3923,10/07/2022,,True,0.545,4.36,North_Indian,0.46,,97.0
S2687,Atharv Loke,2022,4,B.Tech,ECE,MH_B,Tripura,Northeast,Non_Veg,Weekly_Once,,None,Full_Board,3500,2022-07-06,,True,0.711,4.57,North_Indian,0.27,True,631.0
S2688,Vincent Kashyap,2022,4,M.Tech,ME,MH_A,Rajasthan,North,Pure Veg,,Strict,,Full_Board,3801,2022-07-02,,True,0.735,3.92,,0.496,True,2195.0
S2689,Jagrati Buch,2022,4,B.Tech,CSE,MH_G,Bihar,North,Veg,,Flexible,,Full_Board,4038,2022-07-18,,True,0.805,2.61,North_Indian,0.273,True,582.0
S2690,Krish Thakkar,2022,4,B.Tech,EE,MH_A,Andhra Pradesh,South,Non_Veg,Weekly_Once,,None,Full_Board,3778,2022-07-14,,True,0.637,2.95,South_Indian,0.413,,1030.0
S2691,Kashvi Gour,2022,4,B.Tech,CSE,MH_B,Tamil Nadu,South,Veg,,Flexible,,Full_Board,3689,2022-07-09,,True,0.856,4.49,North_Indian,0.095,,195.0
S2692,Vyanjana Som,2022,4,B.Tech,CE,MH_A,Bihar,North,Vegan,,,None,Full_Board,3500,2022-07-10,,True,0.685,1.62,North_Indian,0.222,False,689.0
S2693,Nihal Hans,2022,4,B.Tech,CSE,MH_A,Delhi,North,Vegan,,,None,Full_Board,3761,2022-07-13,,True,0.681,3.43,No_Preference,0.138,,108.0
S2694,Bachittar Rege,2022,4,M.Tech,ME,MH_A,Karnataka,South,Veg,,Strict,Lactose,Full_Board,3594,2022-07-17,,True,0.639,2.88,South_Indian,0.399,False,79.0
S2695,Anamika Sachar,2022,4,M.Tech,ECE,MH_A,Arunachal Pradesh,Northeast,Non_Veg,Alternate_Days,,,Custom,3607,2022-07-03,,True,0.966,3.47,North_Indian,0.139,,1340.0
S2696,Samaksh Jayaraman,2022,4,B.Tech,CSE,MH_G,Gujarat,West,Non_Veg,Daily,,None,Full_Board,3500,15/07/2022,,True,0.694,4.09,,0.147,,957.0
S2697,Peter Sarna,2022,4,B.Tech,ECE,MH_G,Rajasthan,North,Veg,,Indifferent,None,Lunch_Dinner,3578,2022-07-06,,True,0.701,3.14,South_Indian,0.193,False,665.0
S2698,Ekta Shankar,2022,4,B.Tech,CE,MH_G,TN,South,Veg,,Strict,None,Lunch_Dinner,3649,2022-07-19,,True,0.73,3.28,,0.35,,51.0
S2699,Prisha Ravel,2022,4,PhD,CSE,MH_G,West Bengal,East,Veg,,Flexible,None,Breakfast_Only,3675,"July 11, 2022",,True,0.541,4.15,North_Indian,0.212,,504.0
S2700,Lajita Munshi,2022,4,M.Tech,CE,MH_A,West Bengal,East,Non_Veg,Weekly_Once,,,Full_Board,3718,2022-07-03,,True,0.579,2.39,No_Preference,0.457,True,577.0
S2701,Balvan Verma,2022,4,B.Tech,EE,MH_B,Maharashtra,West,Veg,,Strict,Nut,Breakfast_Only,3508,08/07/2022,,True,0.77,3.05,No_Preference,0.189,False,184.0
S2702,Siya Shan,2022,4,B.Tech,ECE,MH_B,Uttar Pradesh,North,Veg,,Indifferent,,Lunch_Dinner,3532,2022-07-03,,True,0.536,2.52,,0.73,False,296.0
S2703,Yatan Venkataraman,2022,4,M.Tech,ME,MH_A,Gujarat,West,Eggetarian,Weekly_Once,,,Full_Board,3675,"July 13, 2022",,True,0.673,2.76,North_Indian,0.384,True,238.0
S2704,Balveer Ram,2022,4,B.Tech,EE,MH_A,Gujarat,West,Veg,,Flexible,None,Lunch_Dinner,3636,2022-07-07,,True,0.589,3.93,North_Indian,0.287,False,639.0
S2705,Ranveer Manne,2022,4,B.Tech,CSE,MH_A,Chhattisgarh,Central,Non_Veg,Alternate_Days,,,Full_Board,3622,2022-07-14,,True,0.747,2.74,North_Indian,0.465,False,118.0
S2706,Mitali Modi,2022,4,B.Tech,ECE,MH_B,Uttar Pradesh,North,Veg,,Strict,,Lunch_Dinner,3812,2022-07-04,,True,0.764,1.73,North_Indian,0.131,False,828.0
S2707,Triya Ganesan,2022,4,B.Tech,CSE,MH_B,Rajasthan,North,Veg,,Strict,None,Full_Board,4187,2022-07-16,,True,0.846,3.73,North_Indian,0.135,,599.0
S2708,Chaitaly Bhagat,2022,4,M.Tech,ECE,MH_A,Kerala,South,Non_Veg,Alternate_Days,,Gluten,Full_Board,3773,"July 12, 2022",,True,0.692,4.23,No_Preference,0.297,False,818.0
S2709,Ubika Seth,2022,4,B.Tech,Other,MH_A,Telangana,South,Vegan,,,Gluten,Full_Board,3500,"July 15, 2022",,True,0.767,3.03,North_Indian,0.356,True,976.0
S2710,Xiti Chowdhury,2022,4,B.Tech,CSE,MH_A,Chhattisgarh,Central,Veg,,Indifferent,,Breakfast_Only,3529,11/07/2022,,True,0.549,3.9,North_Indian,0.378,,215.0
S2711,Krishna Ramaswamy,2022,4,B.Tech,CSE,MH_G,Uttar Pradesh,North,Non_Veg,Alternate_Days,,None,Full_Board,3830,06/07/2022,,True,1.1093323017151968,3.77,North_Indian,0.69,False,55.0
S2712,Ekiya Seshadri,2022,4,M.Tech,ME,MH_B,Kerala,South,Veg,,Indifferent,None,Full_Board,3681,2022-07-02,,True,0.684,3.05,South_Indian,0.415,,186.0
S2713,Praneel Setty,2022,4,B.Tech,BT,MH_G,Bihar,North,Non_Veg,Alternate_Days,,,Full_Board,3617,09/07/2022,,True,0.868,4.27,North_Indian,0.59,False,669.0
S2714,Suhani Chana,2022,4,B.Tech,ECE,MH_B,Haryana,North,Veg,,Flexible,None,Full_Board,3864,14/07/2022,,True,0.674,3.24,South_Indian,0.331,False,3000.0
S2715,Ekiya Gade,2022,4,B.Tech,Other,MH_B,Goa,West,Veg,,Strict,,Lunch_Dinner,3656,04/07/2022,,True,0.658,3.84,No_Preference,0.854,False,953.0
S2716,Gavin Comar,2022,4,B.Tech,BT,MH_A,Andhra Pradesh,South,Non_Veg,Alternate_Days,,,Custom,3500,01/07/2022,,True,0.518,2.76,North_Indian,0.373,False,152.0
S2717,Janani Chada,2022,4,M.Tech,EE,MH_A,Bihar,North,Veg,,Flexible,,Full_Board,3693,2022-07-04,,True,1.1208273499107173,3.62,South_Indian,0.082,False,600.0
S2718,Yasti Dutta,2022,4,B.Tech,ECE,MH_B,West Bengal,East,Non_Veg,Weekly_Once,,None,Custom,3854,17/07/2022,,True,0.716,1.2,No_Preference,0.293,True,649.0
S2719,Lajita Bassi,2022,4,B.Tech,EE,MH_B,Jharkhand,East,Jain,,,,Lunch_Dinner,3752,2022-07-06,,True,0.569,3.58,North_Indian,0.568,True,1190.0
S2720,Gautami Doctor,2022,4,B.Tech,ME,MH_A,Delhi,North,Veg,,Strict,,Custom,3746,2022-07-17,,True,0.758,2.98,South_Indian,0.787,False,2515.0
S2721,Maanav Gola,2022,4,B.Tech,CSE,MH_G,Gujarat,West,Veg,,Indifferent,None,Lunch_Dinner,3557,2022-07-18,,True,0.457,1.87,South_Indian,0.691,False,636.0
S2722,Oni Morar,2022,4,B.Tech,CSE,MH_G,Tamil Nadu,South,Eggetarian,Daily,,,Full_Board,3838,2022-07-13,,True,0.541,2.8,South_Indian,0.904,False,84.0
S2723,Sanaya Mani,2022,4,M.Tech,CH,MH_A,Bihar,North,Veg,,Flexible,,Lunch_Dinner,3500,2022-07-08,,True,0.874,3.73,South_Indian,0.243,False,1109.0
S2724,Jacob Deep,2022,4,B.Tech,CSE,MH_B,Karnataka,South,Non_Veg,Weekly_Once,,None,Full_Board,3996,08/07/2022,,True,0.675,3.51,No_Preference,0.249,True,330.0
S2725,Aarush Kulkarni,2022,4,B.Tech,CSE,MH_B,Telangana,South,Veg,,Flexible,,Full_Board,3500,2022-07-18,,True,0.555,2.64,No_Preference,0.05,False,1904.0
S2726,Tara Tank,2022,4,B.Tech,CSE,MH_A,Bihar,North,Veg,,Strict,None,Lunch_Dinner,3516,2022-07-19,,True,0.877,2.81,South_Indian,0.204,,447.0
S2727,Abdul Tak,2022,4,M.Tech,ME,MH_B,Rajasthan,North,Eggetarian,Daily,,,Full_Board,3807,2022-07-06,,True,0.52,1.9,South_Indian,0.325,False,607.0
S2728,Teerth Soni,2022,4,B.Tech,CSE,MH_A,Himachal Pradesh,North,Non_Veg,Alternate_Days,,None,Lunch_Dinner,3500,07/07/2022,,True,0.47,3.06,,0.206,False,928.0
S2729,,2022,4,B.Tech,ECE,MH_A,Andhra Pradesh,South,Non_Veg,Weekly_Once,,None,Lunch_Dinner,3856,19/07/2022,,True,0.663,3.69,North_Indian,0.619,,756.0
S2730,Nimrat Sathe,2022,4,PhD,CE,MH_B,Madhya Pradesh,Central,Veg,,Flexible,None,Custom,3536,2022-07-02,,True,0.599,3.81,Continental,0.416,,928.0
S2731,Abeer Konda,2022,4,M.Tech,BT,MH_G,Tamil Nadu,South,Non_Veg,Weekly_Once,,,Full_Board,3904,12/07/2022,,True,0.676,3.56,South_Indian,0.228,False,106.0
S2732,Sarthak Bawa,2022,4,PhD,CSE,MH_A,Bihar,North,Non_Veg,Weekly_Once,,None,Custom,3642,"July 15, 2022",,True,0.573,3.56,North_Indian,0.567,,898.0
S2733,Manbir Bhakta,2022,4,PhD,ECE,MH_A,Arunachal Pradesh,Northeast,Non_Veg,Alternate_Days,,None,Lunch_Dinner,3824,2022-07-19,,True,0.684,3.61,South_Indian,0.289,False,614.0
S2734,Balhaar Dhillon,2022,4,M.Tech,ME,MH_A,Bihar,North,Eggetarian,Daily,,None,Full_Board,3705,18/07/2022,,True,0.839,3.16,,0.315,,1223.0
S2735,Chanchal Narula,2022,4,B.Tech,CH,MH_A,Tamil Nadu,South,Non_Veg,Daily,,None,Full_Board,3781,2022-07-01,,True,0.759,4.3,North_Indian,0.387,False,99.0
S2736,Chandran Chopra,2022,4,B.Tech,CSE,MH_B,Haryana,North,Veg,,Indifferent,None,Full_Board,3739,2022-07-08,,True,0.611,2.83,,0.596,,117.0
S2737,Pranav Edwin,2022,4,B.Tech,EE,MH_B,Uttar Pradesh,North,Veg,,Strict,None,Full_Board,3710,"July 02, 2022",,True,0.855,2.4,,0.493,False,147.0
S2738,Peter Shah,2022,4,M.Tech,Other,MH_G,Andhra Pradesh,South,nonveg,Weekly_Once,,None,Full_Board,3504,2022-07-13,,True,0.59,2.39,North_Indian,0.573,False,1506.0
S2739,Balendra Chander,2022,4,PhD,CSE,MH_A,Assam,Northeast,Non_Veg,Daily,,,Breakfast_Only,3620,2022-07-15,,True,0.951,2.52,North_Indian,0.707,False,371.0
S2740,Ekantika Pillay,2022,4,PhD,BT,MH_A,Andhra Pradesh,South,Eggetarian,Alternate_Days,,None,Full_Board,3511,2022-07-09,,True,0.698,3.22,No_Preference,0.214,False,335.0
S2741,Ekansh Sane,2022,4,M.Tech,BT,MH_G,Delhi,North,Non_Veg,Weekly_Once,,None,Custom,3869,2022-07-11,,True,0.514,3.72,South_Indian,0.688,,291.0
S2742,Brinda Sinha,2022,4,B.Tech,CH,MH_A,Rajasthan,North,Vegan,,,None,Lunch_Dinner,3605,"July 16, 2022",,True,0.593,3.51,No_Preference,0.21,False,255.0
S2743,Jairaj Maharaj,2022,4,B.Tech,BT,MH_A,Uttar Pradesh,North,Non_Veg,Alternate_Days,,Nut,Full_Board,3895,2022-07-11,,True,0.452,1.5,South_Indian,0.084,False,1927.0
S2744,Odika Vohra,2022,4,B.Tech,CE,MH_A,Tripura,Northeast,NV,Weekly_Once,,,Full_Board,3659,2022-07-18,,True,1.1975081301859907,2.16,North_Indian,0.134,False,134.0
S2745,Shaurya Bhardwaj,2022,4,B.Tech,CH,MH_A,Maharashtra,West,Veg,,Strict,None,Full_Board,3763,02/07/2022,,True,0.724,3.79,,0.094,False,354.0
S2746,Gagan Sule,2022,4,B.Tech,ECE,MH_B,Himachal Pradesh,Northeast,Non_Veg,Weekly_Once,,,Full_Board,3841,2022-07-02,,True,0.764,4.33,Continental,0.559,True,1094.0
S2747,Prisha Nadig,2022,4,B.Tech,CSE,MH_A,Gujarat,West,Veg,,Flexible,None,Lunch_Dinner,3572,2022-07-19,,True,0.61,3.46,,0.329,False,364.0
S2748,Irya Dayal,2022,4,B.Tech,ME,MH_B,Tamil Nadu,South,non_veg,Daily,,None,Custom,3500,2022-07-06,,True,0.528,4.09,North_Indian,0.05,,250.0
S2749,Zinal Tank,2022,4,B.Tech,CH,MH_G,Bihar,North,Veg,,Strict,,Lunch_Dinner,3533,"July 09, 2022",,True,0.832,1.39,South_Indian,0.225,False,161.0
S2750,Pranit Kaul,2022,4,B.Tech,Other,MH_B,Jammu & Kashmir,North,Non_Veg,Daily,,Others,Full_Board,3500,2022-07-16,,True,0.836,2.34,,0.664,False,532.0
S2751,Rishi Agarwal,2022,4,B.Tech,CSE,MH_B,Uttarakhand,North,Veg,,Strict,Gluten,Custom,3503,2022-07-04,,True,0.802,3.38,Continental,0.249,False,1010.0
S2752,Arjun Shroff,2022,4,B.Tech,CSE,MH_B,Rajasthan,North,Veg,,Strict,,Lunch_Dinner,3742,09/07/2022,,True,0.632,2.57,North_Indian,0.359,False,1970.0
S2753,Sarthak Sachdeva,2022,4,B.Tech,BT,MH_G,Jammu & Kashmir,North,Veg,,Strict,None,Full_Board,3885,08/07/2022,,True,0.793,2.96,North_Indian,0.363,,182.0
S2754,Chakradev Nath,2022,4,B.Tech,BT,MH_A,Tamil Nadu,South,Non_Veg,Alternate_Days,,,Full_Board,3634,14/07/2022,,True,0.371,2.71,Continental,0.187,True,430.0
S2755,Simon Apte,2022,4,B.Tech,EE,MH_G,Maharashtra,West,NV,Alternate_Days,,None,Full_Board,4076,2022-07-13,,True,0.776,3.08,South_Indian,0.333,False,87.0
S2756,Baghyawati Kumar,2022,4,B.Tech,CH,MH_A,Rajasthan,North,pure-veg,,Flexible,None,Breakfast_Only,3806,2022-07-18,,True,0.676,3.39,North_Indian,0.363,,975.0
S2757,Darika Mital,2022,4,B.Tech,ME,MH_B,West Bengal,East,Non_Veg,Alternate_Days,,Others,Lunch_Dinner,3815,2022-07-09,,True,0.582,5.0,North_Indian,0.113,,1157.0
S2758,Abeer Comar,2022,4,B.Tech,EE,MH_B,West Bengal,East,Veg,,Strict,,Breakfast_Only,3664,2022-07-16,,True,0.865,3.66,North_Indian,0.13,False,650.0
S2759,Harita Randhawa,2022,4,B.Tech,ME,MH_A,West Bengal,East,Non_Veg,Weekly_Once,,None,Custom,3944,2022-07-08,,True,0.545,3.24,South_Indian,0.165,True,769.0
S2760,Parth Hari,2022,4,B.Tech,ME,MH_G,Kerala,South,Non_Veg,Alternate_Days,,,Full_Board,3525,"July 14, 2022",,True,0.643,2.99,South_Indian,0.541,False,89.0
S2761,Hamsini Srinivas,2022,4,B.Tech,CSE,MH_B,Uttar Pradesh,North,Veg,,Flexible,,Full_Board,3608,2022-07-14,,True,0.67,2.54,South_Indian,0.462,False,1056.0
S2762,Balendra Deshpande,2022,4,B.Tech,EE,MH_B,Uttar Pradesh,North,Vegan,,,None,Full_Board,3652,2022-07-09,,True,0.681,3.86,,0.07,,359.0
S2763,Nachiket Sharma,2022,4,B.Tech,ME,MH_G,Madhya Pradesh,Central,Veg,,Strict,None,Full_Board,3529,2022-07-13,,True,0.784,4.22,South_Indian,0.139,True,776.0
S2764,Turvi Sachdev,2022,4,M.Tech,EE,MH_A,Uttar Pradesh,South,Veg,,Strict,None,Lunch_Dinner,3844,"July 08, 2022",,True,0.3,3.13,North_Indian,0.477,True,152.0
S2765,Chandani Mutti,2022,4,B.Tech,EE,MH_B,Haryana,North,Non_Veg,Alternate_Days,,,Full_Board,3724,2022-07-11,,True,0.43,3.12,North_Indian,0.179,True,219.0
S2766,Sathvik Narula,2022,4,B.Tech,CSE,MH_A,Tamil Nadu,South,Veg,,Indifferent,None,Breakfast_Only,3500,"July 04, 2022",,True,0.775,3.93,,0.634,,407.0
S2767,Dominic Dixit,2022,4,PhD,ME,MH_B,Gujarat,West,Non_Veg,Rarely,,None,Custom,3665,"July 19, 2022",,True,0.738,3.01,North_Indian,0.706,,1060.0
S2768,Azaan Nori,2022,4,B.Tech,EE,MH_A,Kerala,South,Non_Veg,Alternate_Days,,Lactose,Full_Board,3500,2022-07-02,,True,0.652,3.45,North_Indian,0.255,False,88.0
S2769,Noah Ramachandran,2022,4,B.Tech,Other,MH_G,Telangana,South,Non_Veg,Rarely,,,Full_Board,3625,"July 18, 2022",,True,0.653,4.79,No_Preference,0.759,False,435.0
S2770,Jackson Morar,2022,4,B.Tech,BT,MH_B,West Bengal,East,Veg,,Strict,None,Custom,3500,2022-07-10,,True,0.655,4.02,,0.384,True,126.0
S2771,Azad Magar,2022,4,M.Tech,EE,MH_A,Tamil Nadu,South,Non_Veg,Alternate_Days,,None,Full_Board,3567,2022-07-19,,True,0.645,2.95,South_Indian,0.695,False,73.0
S2772,Gabriel Taneja,2022,4,PhD,ME,MH_A,Uttar Pradesh,North,Veg,,Strict,,Full_Board,3917,2022-07-05,,True,0.72,4.55,North_Indian,0.365,,1869.0
S2773,Kamya Seth,2022,4,B.Tech,ME,MH_G,Uttar Pradesh,North,Veg,,Indifferent,None,Lunch_Dinner,3657,2022-07-04,,True,0.964,2.88,,0.092,True,1735.0
S2774,Tarak Vohra,2022,4,B.Tech,ECE,MH_G,Uttar Pradesh,North,Veg,,Strict,Gluten,Full_Board,3729,08/07/2022,,True,0.843,2.11,,0.757,False,804.0
S2775,Parth Choudhury,2022,4,M.Tech,CE,MH_G,West Bengal,East,Veg,,Strict,None,Full_Board,3784,2022-07-03,,True,0.614,3.4,South_Indian,0.419,False,688.0
S2776,Baljiwan Jaggi,2022,4,B.Tech,EE,MH_A,Kerala,South,Veg,,Flexible,Lactose,Lunch_Dinner,3698,"July 18, 2022",,True,0.565,3.52,South_Indian,0.704,False,180.0
S2777,Sachi Toor,2022,4,B.Tech,ECE,MH_A,Uttar Pradesh,North,Veg,,Strict,Nut,Custom,3787,"July 09, 2022",,True,0.468,2.57,,0.083,,53.0
S2778,Vasudha Tella,2022,4,B.Tech,EE,MH_G,Maharashtra,West,Non_Veg,Daily,,None,Full_Board,3500,06/07/2022,,True,0.794,3.49,South_Indian,0.401,False,480.0
S2779,Ranveer Oak,2022,4,B.Tech,Other,MH_B,Tamil Nadu,South,Non_Veg,Weekly_Once,,,Lunch_Dinner,3800,"July 19, 2022",,True,0.746,3.05,South_Indian,0.459,,440.0
S2780,Dayita Narang,2022,4,B.Tech,CSE,MH_B,Tamil Nadu,South,Veg,,Flexible,,Full_Board,3743,"July 12, 2022",,True,0.548,3.2,No_Preference,0.187,True,210.0
S2781,Guneet Varty,2022,4,PhD,CH,MH_A,Madhya Pradesh,Central,Non_Veg,Weekly_Once,,None,Full_Board,3500,2022-07-11,,True,0.885,4.13,,0.053,,56.0
S2782,Samesh Bansal,2022,4,M.Tech,CSE,MH_B,Bihar,North,Veg,,Indifferent,None,Lunch_Dinner,3907,2022-07-02,,True,0.749,2.37,South_Indian,0.604,False,2052.0
S2783,Lila Vig,2022,4,B.Tech,CSE,MH_G,Assam,Northeast,Non_Veg,Alternate_Days,,None,Lunch_Dinner,3878,2022-07-19,,True,0.743,3.42,,0.234,True,91.0
S2784,Aayush Mukhopadhyay,2022,4,PhD,EE,MH_B,Rajasthan,North,veg,,Strict,,Full_Board,3713,06/07/2022,,True,0.79,3.02,North_Indian,0.695,True,354.0
S2785,Gagan Nath,2022,4,B.Tech,CE,MH_B,Bihar,North,Veg,,Strict,Lactose,Full_Board,3736,2022-07-03,,True,0.493,3.25,North_Indian,0.583,True,460.0
S2786,Chakradhar Chauhan,2022,4,B.Tech,Other,MH_B,Gujarat,West,Veg,,Strict,Gluten,Full_Board,3635,2022-07-17,,True,0.729,4.21,No_Preference,0.401,False,364.0
S2787,Arin Muni,2022,4,PhD,ECE,MH_B,Nagaland,Northeast,Non_Veg,Weekly_Once,,None,Custom,3847,14/07/2022,,True,0.639,4.99,No_Preference,0.073,,142.0
S2788,Ekani Iyer,2022,4,B.Tech,BT,MH_B,Gujarat,West,Veg,,Indifferent,None,Full_Board,3642,19/07/2022,,True,0.807,2.17,No_Preference,0.05,False,705.0
S2789,Bhavini Malhotra,2022,4,B.Tech,EE,MH_B,Jharkhand,East,Veg,,Strict,None,Full_Board,3834,06/07/2022,,True,0.711,3.92,South_Indian,0.383,False,244.0
S2790,Ridhi Dalal,2022,4,B.Tech,CSE,MH_B,Uttar Pradesh,North,Veg,,Strict,,Full_Board,3640,2022-07-16,,True,0.805,2.77,South_Indian,0.24,False,948.0
S2791,Manthan Dugar,2022,4,B.Tech,CH,MH_G,TN,South,Non_Veg,Daily,,None,Full_Board,3824,2022-07-14,,True,0.501,3.62,,0.341,False,150.0
S2792,Ishwar Aurora,2022,4,B.Tech,CSE,MH_A,Andhra Pradesh,South,Veg,,Strict,None,Full_Board,3841,"July 01, 2022",,True,0.504,4.11,South_Indian,0.141,,104.0
S2793,Samuel Palla,2022,4,B.Tech,CSE,MH_B,Tamil Nadu,South,Non_Veg,Rarely,,,Full_Board,3827,"July 15, 2022",,True,0.343,3.3,North_Indian,0.253,False,798.0
S2794,Anika Dhaliwal,2022,4,PhD,CE,MH_A,Delhi,North,Veg,,Strict,None,Full_Board,4087,14/07/2022,,True,0.718,3.89,South_Indian,0.239,,1785.0
S2795,Yash Garg,2022,4,B.Tech,Other,MH_A,Uttar Pradesh,North,Veg,,Strict,Lactose,Full_Board,3500,18/07/2022,,True,0.647,2.5,North_Indian,0.13,False,449.0
S2796,Deepa Nigam,2022,4,B.Tech,CSE,MH_B,West Bengal,East,Non_Veg,Weekly_Once,,None,Full_Board,3500,"July 06, 2022",,True,0.781,3.43,,0.596,True,882.0
S2797,Chandresh De,2022,4,PhD,BT,MH_B,Telangana,South,Non_Veg,Alternate_Days,,None,Custom,3500,09/07/2022,,True,0.703,5.0,,0.762,False,123.0
S2798,Urishilla Bedi,2022,4,B.Tech,CSE,MH_B,Maharashtra,West,Non_Veg,Weekly_Once,,None,Lunch_Dinner,3519,2022-07-04,,True,0.846,3.74,No_Preference,0.05,,322.0
S2799,Leela Bhagat,2022,4,B.Tech,ME,MH_B,Punjab,North,Veg,,Strict,None,Full_Board,3510,2022-07-10,,True,0.781,3.7,North_Indian,0.428,False,998.0
S2800,Pooja Ramanathan,2022,4,B.Tech,Other,MH_B,Bihar,North,Veg,,Strict,,Full_Board,3755,"July 06, 2022",,True,0.719,3.91,North_Indian,0.403,True,353.0
S2801,Sanaya Parekh,2022,4,B.Tech,Other,MH_G,Maharashtra,West,Veg,,Flexible,,Full_Board,3711,2022-07-06,,True,0.749,2.31,,0.482,False,315.0
S2802,Gaurangi Hora,2022,4,M.Tech,ECE,MH_A,Rajasthan,North,Veg,,Flexible,None,Full_Board,3862,18/07/2022,,True,0.803,2.83,South_Indian,0.529,,803.0
S2803,Udyati Deep,2022,4,B.Tech,CSE,MH_A,Assam,Northeast,Eggetarian,Weekly_Once,,,Custom,3801,"July 17, 2022",,True,0.687,3.07,North_Indian,0.23,False,386.0
S2804,Upadhriti Chatterjee,2022,4,B.Tech,ECE,MH_A,Uttar Pradesh,North,Veg,,Strict,,Full_Board,3646,2022-07-18,,True,0.565,3.85,North_Indian,0.179,False,78.0
S2805,Dayita Shroff,2022,4,M.Tech,CSE,MH_B,Karnataka,South,Veg,,Flexible,Gluten,Full_Board,3805,2022-07-14,,True,0.62,3.25,No_Preference,0.452,True,2424.0
S2806,Vincent Kapur,2022,4,M.Tech,CE,MH_B,Tamil Nadu,South,Veg,,Flexible,,Lunch_Dinner,3556,12/07/2022,,True,0.502,2.17,South_Indian,0.813,False,943.0
S2807,Aarna Patla,2022,4,B.Tech,EE,MH_B,Karnataka,South,Non_Veg,Alternate_Days,,None,Custom,3500,"July 13, 2022",,True,0.798,2.86,South_Indian,0.175,False,122.0
S2808,Qadim Narayanan,2022,4,B.Tech,CSE,MH_A,Rajasthan,North,Veg,,Flexible,None,Lunch_Dinner,3614,2022-07-16,,True,0.54,3.68,North_Indian,0.333,False,813.0
S2809,Sudiksha Sura,2022,4,B.Tech,ECE,MH_G,Bihar,North,Veg,,Flexible,None,Full_Board,3530,2022-07-06,,True,0.599,2.82,South_Indian,0.182,True,862.0
S2810,Dhruv Soman,2022,4,B.Tech,ME,MH_A,Uttarakhand,North,Veg,,Strict,,Lunch_Dinner,3500,2022-07-06,,True,0.785,3.1,South_Indian,0.415,,699.0
S2811,Indali Srinivas,2022,4,B.Tech,ME,MH_B,Mizoram,Northeast,Veg,,Flexible,None,Custom,3703,2022-07-02,,True,0.515,3.76,South_Indian,0.181,False,909.0
S2812,Onkar Mandal,2022,4,B.Tech,EE,MH_A,Uttar Pradesh,North,Veg,,Strict,,Lunch_Dinner,3621,2022-07-16,,True,0.783,4.57,North_Indian,0.338,,744.0
S2813,Joshua Trivedi,2022,4,PhD,ME,MH_B,Rajasthan,North,Veg,,Indifferent,Others,Lunch_Dinner,3724,"July 07, 2022",,True,0.795,3.42,,0.347,False,468.0
S2814,Nidra Chhabra,2022,4,M.Tech,CSE,MH_G,Maharashtra,West,Veg,,Flexible,None,Custom,3892,2022-07-10,,True,0.404,4.51,North_Indian,0.253,True,1267.0
S2815,Ekavir Mittal,2022,4,B.Tech,BT,MH_A,Uttar Pradesh,North,Veg,,Strict,,Full_Board,3721,2022-07-05,,True,0.773,4.19,North_Indian,0.488,False,60.0
S2816,Nandini Sachdev,2022,4,B.Tech,EE,MH_A,Maharashtra,West,Non_Veg,Alternate_Days,,None,Full_Board,3762,2022-07-15,,True,0.575,2.24,North_Indian,0.108,False,55.0
S2817,Yagnesh Dutt,2022,4,B.Tech,CSE,MH_A,Rajasthan,North,Veg,,Indifferent,None,Full_Board,3500,2022-07-09,,True,0.744,3.63,,0.326,False,1243.0
S2818,,2022,4,B.Tech,ME,MH_B,Tamil Nadu,South,Non_Veg,Rarely,,,Full_Board,3534,2022-07-09,,True,0.62,1.97,,0.582,False,1459.0
S2819,Leena Bhatti,2022,4,PhD,ME,MH_A,Himachal Pradesh,North,Non_Veg,Alternate_Days,,,Lunch_Dinner,3767,2022-07-05,,True,0.829,4.17,No_Preference,0.466,False,2009.0
S2820,Sathvik Sankar,2022,4,M.Tech,ME,MH_B,Telangana,South,Non_Veg,Weekly_Once,,None,Full_Board,3500,"July 03, 2022",,True,0.801,2.2,,0.481,False,181.0
S2821,Hema Keer,2022,4,B.Tech,ME,MH_A,Uttar Pradesh,North,Veg,,Flexible,Nut,Full_Board,3811,2022-07-10,,True,0.77,2.89,South_Indian,0.081,,309.0
S2822,Faras Sur,2022,4,B.Tech,ECE,MH_B,Madhya Pradesh,Central,Veg,,Strict,Lactose,Lunch_Dinner,3717,2022-07-12,,True,0.762,3.37,South_Indian,0.13,False,274.0
S2823,Ubika Nanda,2022,4,B.Tech,BT,MH_B,Haryana,North,Non_Veg,Weekly_Once,,Nut,Full_Board,3748,2022-07-16,,True,0.925,3.98,North_Indian,0.374,False,112.0
S2824,Sai Goda,2022,4,B.Tech,CSE,MH_A,Rajasthan,North,Veg,,Indifferent,None,Custom,3697,2022-07-19,,True,0.613,3.45,South_Indian,0.074,,84.0
S2825,Nidra Boase,2022,4,M.Tech,BT,MH_A,Rajasthan,North,Veg,,Indifferent,None,Full_Board,3717,03/07/2022,,True,0.817,3.48,No_Preference,0.416,True,3000.0
S2826,Ladli Narang,2022,4,B.Tech,ECE,MH_A,Punjab,North,Veg,,Strict,None,Full_Board,3701,"July 10, 2022",,True,0.68,2.4,South_Indian,0.208,False,240.0
S2827,Darsh Chana,2022,4,B.Tech,ECE,MH_A,Maharashtra,West,Veg,,Flexible,,Lunch_Dinner,3514,"July 06, 2022",,True,0.76,3.41,South_Indian,0.569,False,288.0
S2828,Liam Acharya,2022,4,PhD,CSE,MH_A,Telangana,South,Veg,,Strict,None,Full_Board,3607,18/07/2022,,True,0.757,3.33,North_Indian,0.204,True,776.0
S2829,Manthan Sethi,2022,4,M.Tech,CE,MH_G,Uttar Pradesh,North,Veg,,Flexible,None,Custom,3658,04/07/2022,,True,0.77,2.49,,0.658,False,501.0
S2830,Madhavi Sekhon,2022,4,PhD,ECE,MH_G,Maharashtra,West,Veg,,Flexible,,Full_Board,3574,2022-07-04,,True,0.691,3.82,South_Indian,0.249,,449.0
S2831,Samesh Nadig,2022,4,M.Tech,BT,MH_B,Bihar,North,Veg,,Indifferent,,Full_Board,3500,19/07/2022,,True,0.56,2.13,No_Preference,0.139,,105.0
S2832,Daksha Saran,2022,4,B.Tech,CE,MH_A,Andhra Pradesh,South,Non_Veg,Alternate_Days,,None,Full_Board,3500,"July 14, 2022",,True,0.804,3.42,No_Preference,0.306,False,555.0
S2833,Gaurav Anand,2022,4,B.Tech,EE,MH_A,Maharashtra,West,veg,,Strict,None,Lunch_Dinner,3743,14/07/2022,,True,0.627,3.11,Continental,0.513,False,374.0
S2834,Joshua Menon,2022,4,B.Tech,CE,MH_A,Tamil Nadu,South,Non_Veg,Alternate_Days,,None,Full_Board,3500,2022-07-10,,True,0.707,2.06,,0.165,False,279.0
S2835,Kala Bera,2022,4,B.Tech,CE,MH_B,Madhya Pradesh,Central,Veg,,Indifferent,Lactose,Full_Board,3667,2022-07-09,,True,0.817,3.65,North_Indian,0.605,,832.0
S2836,Jagrati Choudhary,2022,4,B.Tech,Other,MH_A,Maharashtra,West,Non_Veg,Daily,,,Full_Board,3629,2022-07-09,,True,0.46,2.8,No_Preference,0.529,,1070.0
S2837,Azaan Keer,2022,4,M.Tech,EE,MH_B,Kerala,South,Non_Veg,Daily,,None,Breakfast_Only,3827,2022-07-01,,True,0.594,2.15,No_Preference,0.464,False,156.0
S2838,Meera Nadkarni,2022,4,B.Tech,ME,MH_A,Rajasthan,North,Non_Veg,Daily,,,Full_Board,3579,2022-07-10,,True,0.881,1.92,South_Indian,0.297,False,475.0
S2839,Nidra Raj,2022,4,B.Tech,CH,MH_A,Manipur,Northeast,Non_Veg,Alternate_Days,,None,Breakfast_Only,3585,12/07/2022,,True,0.689,4.17,North_Indian,0.397,True,275.0
S2840,Siddharth Ghose,2022,4,M.Tech,ECE,MH_G,Chhattisgarh,Central,Veg,,Strict,None,Full_Board,3738,2022-07-11,,True,1.2959508257470194,2.59,North_Indian,0.345,False,811.0
S2841,Liam Guha,2022,4,B.Tech,ECE,MH_G,Tripura,Northeast,Veg,,Flexible,None,Custom,3749,2022-07-15,,True,0.655,3.53,No_Preference,0.394,False,589.0
S2842,Jagvi Sahni,2022,4,M.Tech,CSE,MH_A,Andhra Pradesh,South,Veg,,Indifferent,None,Full_Board,3514,2022-07-11,,True,0.811,1.71,South_Indian,0.35,,86.0
S2843,Bhavya Dass,2022,4,B.Tech,ME,MH_G,Bihar,North,Non_Veg,Daily,,None,Full_Board,3596,2022-07-15,,True,0.527,4.39,North_Indian,0.324,,439.0
S2844,Advay Bora,2022,4,B.Tech,CH,MH_G,Telangana,South,Non_Veg,Weekly_Once,,,Full_Board,3747,2022-07-05,,True,0.837,2.22,Continental,0.8,,260.0
S2845,Maanas Sur,2022,4,B.Tech,ME,MH_B,West Bengal,East,Veg,,Flexible,None,Lunch_Dinner,3861,2022-07-05,,True,0.751,2.53,North_Indian,0.531,False,460.0
S2846,Laban Chad,2022,4,B.Tech,CH,MH_G,Maharashtra,West,Veg,,Strict,Nut,Breakfast_Only,3803,2022-07-09,,True,0.813,4.3,South_Indian,0.492,False,124.0
S2847,Ojasvi Shah,2022,4,B.Tech,BT,MH_B,Uttar Pradesh,North,Eggetarian,Weekly_Once,,None,Full_Board,3624,2022-07-09,,True,0.619,3.85,North_Indian,0.072,False,94.0
S2848,Pranit Sha,2022,4,M.Tech,ECE,MH_B,Andhra Pradesh,South,Vegetarian,,Strict,None,Full_Board,3756,2022-07-12,,True,0.774,3.83,Continental,0.638,False,1299.0
S2849,Shivani Rajagopalan,2022,4,B.Tech,ECE,MH_A,Tamil Nadu,South,NV,Alternate_Days,,None,Full_Board,3695,"July 17, 2022",,True,0.66,3.38,North_Indian,0.082,True,253.0
S2850,Upkaar Grewal,2022,4,B.Tech,ME,MH_G,Odisha,East,Non_Veg,Alternate_Days,,,Full_Board,3660,03/07/2022,,True,0.484,2.54,North_Indian,0.573,False,464.0
S2851,Abhimanyu Tara,2022,4,B.Tech,ME,MH_G,Nagaland,Northeast,Non_Veg,Alternate_Days,,,Full_Board,3559,2022-07-13,,True,1.2900590966003564,2.61,,0.236,False,1034.0
S2852,Yachana Luthra,2022,4,B.Tech,CH,MH_A,Madhya Pradesh,Central,Non_Veg,Alternate_Days,,,Full_Board,3787,12/07/2022,,True,0.407,3.12,North_Indian,0.579,False,247.0
S2853,Jeevika Bandi,2022,4,B.Tech,ECE,MH_B,Uttar Pradesh,North,Eggetarian,Weekly_Once,,,Full_Board,3500,"July 12, 2022",,True,0.735,2.24,North_Indian,0.53,,196.0
S2854,Vasudha Pillay,2022,4,B.Tech,EE,MH_G,Uttar Pradesh,North,Veg,,Indifferent,None,Lunch_Dinner,3738,2022-07-19,,True,0.516,3.3,North_Indian,0.363,False,528.0
S2855,Vasatika Buch,2022,4,B.Tech,EE,MH_G,West Bengal,East,Veg,,Indifferent,,Full_Board,3743,2022-07-06,,True,0.674,4.39,North_Indian,0.102,False,267.0
S2856,Ati Shroff,2022,4,B.Tech,ME,MH_A,Bihar,North,Veg,,Indifferent,None,Full_Board,3663,2022-07-14,,True,0.811,3.23,North_Indian,0.495,False,95.0
S2857,Gaurang Korpal,2022,4,B.Tech,CE,MH_A,Sikkim,Northeast,Non_Veg,Alternate_Days,,None,Full_Board,3738,2022-07-07,,True,0.657,3.17,No_Preference,0.372,True,1257.0
S2858,Faras Zacharia,2022,4,B.Tech,CE,MH_A,Bihar,North,Non_Veg,Alternate_Days,,None,Lunch_Dinner,4083,2022-07-12,,True,0.793,5.0,North_Indian,0.257,False,1402.0
S2859,Chatresh Oza,2022,4,B.Tech,CSE,MH_B,Rajasthan,North,Veg,,Flexible,,Full_Board,3500,2022-07-16,,True,0.556,4.2,No_Preference,0.472,False,331.0
S2860,Upasna Setty,2022,4,M.Tech,EE,MH_B,Rajasthan,North,Veg,,Indifferent,None,Full_Board,3500,2022-07-06,,True,0.785,2.74,North_Indian,0.458,,256.0
S2861,Garima Sama,2022,4,B.Tech,EE,MH_B,Karnataka,South,Veg,,Flexible,,Lunch_Dinner,3500,11/07/2022,,True,1.0,4.31,North_Indian,0.073,False,277.0
S2862,Chaitaly Mann,2022,4,M.Tech,EE,MH_G,Rajasthan,North,Veg,,Strict,,Full_Board,3894,"July 14, 2022",,True,0.889,2.37,North_Indian,0.398,,61.0
S2863,Balendra Modi,2022,4,M.Tech,EE,MH_A,Gujarat,West,Veg,,Flexible,None,Lunch_Dinner,3500,2022-07-01,,True,0.678,3.08,North_Indian,0.272,True,1074.0
S2864,Darsh Solanki,2022,4,PhD,CE,MH_B,West Bengal,East,Veg,,Indifferent,None,Lunch_Dinner,3560,11/07/2022,,True,0.643,4.35,No_Preference,0.653,False,458.0
S2865,Charan Manne,2022,4,B.Tech,ECE,MH_A,Karnataka,South,Veg,,Indifferent,None,Lunch_Dinner,3841,2022-07-08,,True,0.631,3.39,North_Indian,0.155,True,414.0
S2866,Bhavini Sundaram,2022,4,M.Tech,EE,MH_B,Goa,West,non_veg,Weekly_Once,,None,Full_Board,3500,2022-07-03,,True,0.612,3.18,North_Indian,0.137,False,163.0
S2867,Jonathan Tiwari,2022,4,M.Tech,CSE,MH_B,West Bengal,East,Eggetarian,Alternate_Days,,,Breakfast_Only,3853,2022-07-02,,True,0.752,1.85,South_Indian,0.548,False,936.0
S2868,Arunima Krishnan,2022,4,B.Tech,CSE,MH_A,Kerala,South,Non_Veg,Daily,,,Full_Board,3624,2022-07-02,,True,0.883,4.38,North_Indian,0.682,True,52.0
S2869,Avni Maharaj,2022,4,B.Tech,ECE,MH_B,Himachal Pradesh,North,Veg,,Flexible,,Custom,3901,2022-07-03,,True,0.902,2.31,No_Preference,0.234,False,79.0
S2870,Akshay Choudhury,2022,4,B.Tech,ECE,MH_G,Gujarat,West,Eggetarian,Daily,,,Full_Board,3830,2022-07-15,,True,0.778,3.99,No_Preference,0.319,False,1041.0
S2871,Matthew Sekhon,2022,4,B.Tech,EE,MH_B,Uttar Pradesh,North,Veg,,Strict,,Custom,3862,2022-07-11,,True,0.717,2.67,,0.476,,707.0
S2872,Parth Lal,2022,4,M.Tech,CH,MH_A,Maharashtra,West,Non_Veg,Weekly_Once,,None,Full_Board,3853,"July 19, 2022",,True,0.813,3.77,North_Indian,0.835,True,1830.0
S2873,,2022,4,B.Tech,EE,MH_B,Andhra Pradesh,South,Veg,,Strict,None,Full_Board,3915,2022-07-13,,True,0.645,3.24,,0.289,,1625.0
S2874,Vedhika Golla,2022,4,PhD,CSE,MH_B,Kerala,South,Non_Veg,Daily,,,Lunch_Dinner,3969,05/07/2022,,True,0.661,1.8,No_Preference,0.316,False,144.0
S2875,Hemal Chad,2022,4,B.Tech,ECE,MH_B,Manipur,Northeast,Non_Veg,Alternate_Days,,None,Custom,3543,10/07/2022,,True,0.685,2.86,North_Indian,0.378,False,140.0
S2876,Mitesh Tandon,2022,4,B.Tech,CE,MH_A,Haryana,North,Veg,,Flexible,None,Full_Board,3700,05/07/2022,,True,0.699,4.38,North_Indian,0.149,True,251.0
S2877,Leela Khanna,2022,4,B.Tech,ME,MH_B,West Bengal,North,Non_Veg,Rarely,,,Full_Board,3687,2022-07-13,,True,0.837,3.5,North_Indian,0.297,False,569.0
S2878,Oliver Kade,2022,4,PhD,ECE,MH_A,tamilnadu,South,Non_Veg,Weekly_Once,,None,Lunch_Dinner,3554,2022-07-14,,True,0.711,4.03,South_Indian,0.278,,64.0
S2879,Chatura Lalla,2022,4,B.Tech,EE,MH_A,Kerala,South,Non_Veg,Weekly_Once,,Lactose,Full_Board,3815,"July 05, 2022",,True,0.607,4.16,,0.711,,1025.0
S2880,Charles Ganesh,2022,4,M.Tech,BT,MH_B,Rajasthan,North,Non_Veg,Weekly_Once,,,Full_Board,3962,"July 03, 2022",,True,0.653,2.79,No_Preference,0.509,True,1145.0
S2881,Mohini Soni,2022,4,B.Tech,CH,MH_A,Himachal Pradesh,North,Non_Veg,Daily,,,Lunch_Dinner,3687,2022-07-03,,True,0.474,3.48,South_Indian,0.51,False,1057.0
S2882,Vamakshi Walia,2022,4,B.Tech,ME,MH_A,Gujarat,West,Veg,,Strict,,Full_Board,3500,2022-07-05,,True,0.742,3.72,South_Indian,0.497,,222.0
S2883,Ladli Ramakrishnan,2022,4,PhD,BT,MH_G,Telangana,South,Veg,,Flexible,None,Full_Board,3885,2022-07-04,,True,0.679,2.32,North_Indian,0.584,True,1709.0
S2884,Adweta Dhillon,2022,4,PhD,CSE,MH_B,Madhya Pradesh,Central,Veg,,Flexible,,Breakfast_Only,3530,"July 08, 2022",,True,0.558,2.6,South_Indian,0.349,False,174.0
S2885,Advik Mani,2022,4,M.Tech,ME,MH_B,Bihar,North,Veg,,Strict,None,Breakfast_Only,3790,2022-07-19,,True,0.669,3.82,North_Indian,0.692,False,437.0
S2886,Lavanya Mutti,2022,4,B.Tech,ECE,MH_G,Telangana,South,Veg,,Strict,None,Full_Board,3748,2022-07-18,,True,0.568,3.01,South_Indian,0.786,,317.0
S2887,Gunbir Wali,2022,4,B.Tech,Other,MH_B,West Bengal,East,Non_Veg,Weekly_Once,,None,Full_Board,3615,19/07/2022,,True,0.757,2.15,,0.469,False,399.0
S2888,Rachana Mahajan,2022,4,B.Tech,ECE,MH_G,Uttar Pradesh,North,Veg,,Strict,,Full_Board,3500,2022-07-05,,True,0.757,2.05,South_Indian,0.546,False,499.0
S2889,Anamika Loke,2022,4,PhD,ECE,MH_A,Madhya Pradesh,Central,Veg,,Flexible,,Breakfast_Only,3733,2022-07-18,,True,0.677,3.19,No_Preference,0.472,False,1881.0
S2890,Aadhya Raman,2022,4,B.Tech,ME,MH_B,West Bengal,East,Pure Veg,,Strict,,Full_Board,3845,2022-07-09,,True,0.647,2.59,South_Indian,0.379,False,895.0
S2891,Wyatt Hayer,2022,4,B.Tech,ECE,MH_A,Uttar Pradesh,North,Veg,,Strict,None,Full_Board,3796,2022-07-03,,True,0.713,3.03,Continental,0.228,False,1573.0
S2892,Pranit Munshi,2022,4,B.Tech,CE,MH_B,TAMIL NADU,South,Veg,,Strict,,Full_Board,3796,2022-07-09,,True,0.72,2.66,North_Indian,0.61,,225.0
S2893,Abhiram Bir,2022,4,B.Tech,Other,MH_A,Kerala,South,Non_Veg,Daily,,,Lunch_Dinner,3679,"July 10, 2022",,True,0.593,1.83,,0.05,True,783.0
S2894,Nisha Chaudhari,2022,4,B.Tech,ME,MH_A,Kerala,South,Non_Veg,Alternate_Days,,None,Full_Board,3694,2022-07-08,,True,0.752,3.86,North_Indian,0.359,True,776.0
S2895,Sanaya Panchal,2022,4,B.Tech,BT,MH_G,Kerala,South,Veg,,Flexible,None,Full_Board,3500,2022-07-18,,True,0.803,1.56,North_Indian,0.492,False,309.0
S2896,Bhanumati Krishnamurthy,2022,4,B.Tech,CSE,MH_G,Punjab,North,Veg,,Flexible,None,Lunch_Dinner,3686,2022-07-01,,True,0.719,1.52,North_Indian,0.135,False,158.0
S2897,Bahadurjit Bajwa,2022,4,B.Tech,CSE,MH_B,Kerala,South,Veg,,Flexible,,Lunch_Dinner,3512,2022-07-14,,True,0.607,2.46,South_Indian,0.149,,1352.0
S2898,Dakshesh Kalla,2022,4,B.Tech,EE,MH_B,Haryana,North,Veg,,Strict,,Breakfast_Only,3863,2022-07-05,,True,0.715,3.36,,0.386,False,874.0
S2899,Jagdish Chadha,2022,4,B.Tech,CSE,MH_B,Haryana,North,Veg,,Flexible,None,Full_Board,3538,17/07/2022,,True,0.58,2.07,South_Indian,0.454,False,1019.0
S2900,Keya Goyal,2022,4,M.Tech,ME,MH_A,Gujarat,West,Veg,,Indifferent,None,Full_Board,3716,05/07/2022,,True,0.574,3.89,North_Indian,0.138,False,267.0
S2901,Qarin Kulkarni,2022,4,B.Tech,EE,MH_B,Goa,West,Eggetarian,Alternate_Days,,Lactose,Custom,3500,2022-07-15,,True,0.809,3.74,North_Indian,0.074,True,376.0
S2902,Unni Borra,2022,4,M.Tech,EE,MH_A,Telangana,South,Vegan,,,None,Full_Board,3647,01/07/2022,,True,0.783,2.88,No_Preference,0.57,False,85.0
S2903,Aradhana Sane,2022,4,M.Tech,Other,MH_G,Uttar Pradesh,North,Veg,,Strict,None,Lunch_Dinner,3530,2022-07-09,,True,0.651,3.15,South_Indian,0.544,True,1027.0
S2904,Aarini Edwin,2022,4,B.Tech,EE,MH_B,Kerala,South,Veg,,Indifferent,,Breakfast_Only,3556,2022-07-11,,True,0.585,3.27,North_Indian,0.05,False,571.0
S2905,Aradhana Bhatia,2022,4,PhD,EE,MH_A,Kerala,South,Non_Veg,Alternate_Days,,,Full_Board,3506,2022-07-01,,True,0.606,3.87,,0.833,False,2456.0
S2906,Lipika Natarajan,2022,4,B.Tech,EE,MH_A,Himachal Pradesh,North,Eggetarian,Rarely,,None,Full_Board,4053,2022-07-14,,True,0.494,1.31,South_Indian,0.863,False,914.0
S2907,Aarna Lanka,2022,4,B.Tech,ECE,MH_B,Odisha,South,nonveg,Weekly_Once,,Others,Full_Board,3887,2022-07-07,,True,0.615,2.77,No_Preference,0.505,False,115.0
S2908,Ridhi Boase,2022,4,B.Tech,CSE,MH_G,Uttar Pradesh,North,Veg,,Strict,,Full_Board,3500,"July 04, 2022",,True,0.481,3.8,North_Indian,0.642,True,1752.0
S2909,Sai Ramaswamy,2022,4,B.Tech,EE,MH_A,Uttarakhand,North,Veg,,Flexible,None,Full_Board,3500,2022-07-17,,True,0.864,1.66,North_Indian,0.338,,141.0
S2910,Vyanjana Chopra,2022,4,B.Tech,CE,MH_B,Chhattisgarh,Central,Non_Veg,Alternate_Days,,Nut,Full_Board,3500,2022-07-08,,True,0.628,2.89,North_Indian,0.504,False,83.0
S2911,Raagini Kamdar,2022,4,M.Tech,CSE,MH_B,Madhya Pradesh,Central,Non_Veg,Weekly_Once,,Others,Full_Board,3986,2022-07-05,,True,0.668,3.19,South_Indian,0.353,True,505.0
S2912,Riya Lad,2022,4,B.Tech,CE,MH_B,Uttar Pradesh,North,Veg,,Indifferent,,Full_Board,4000,2022-07-07,,True,0.703,3.64,,0.588,True,289.0
S2913,Bakhshi Bora,2022,4,B.Tech,CH,MH_A,Himachal Pradesh,North,Veg,,Indifferent,None,Lunch_Dinner,3808,04/07/2022,,True,0.559,4.3,No_Preference,0.421,True,525.0
S2914,Zashil Sehgal,2022,4,M.Tech,CH,MH_G,West Bengal,East,Veg,,Strict,None,Lunch_Dinner,3740,"July 15, 2022",,True,0.927,5.0,North_Indian,0.691,True,895.0
S2915,Widisha Dixit,2022,4,B.Tech,CSE,MH_A,Bihar,North,Veg,,Flexible,None,Full_Board,3781,"July 07, 2022",,True,0.766,4.57,,0.613,True,1610.0
S2916,Baljiwan Ramakrishnan,2022,4,B.Tech,EE,MH_B,Gujarat,Northeast,Veg,,Flexible,None,Full_Board,3813,"July 09, 2022",,True,0.758,3.44,North_Indian,0.288,True,72.0
S2917,Max Narayan,2022,4,B.Tech,CE,MH_A,West Bengal,East,Non_Veg,Daily,,,Full_Board,3500,2022-07-19,,True,0.79,4.4,,0.345,False,55.0
S2918,Aarush Varma,2022,4,PhD,ME,MH_A,Madhya Pradesh,Central,Veg,,Flexible,None,Full_Board,3746,2022-07-06,,True,0.74,1.87,North_Indian,0.402,,1201.0
S2919,Vanya Sarin,2022,4,B.Tech,BT,MH_A,Assam,Northeast,Veg,,Strict,,Lunch_Dinner,3780,"July 16, 2022",,True,0.726,4.0,South_Indian,0.486,True,246.0
S2920,Ekaraj Zachariah,2022,4,M.Tech,BT,MH_B,Rajasthan,North,Veg,,Strict,,Full_Board,3674,2022-07-03,,True,0.803,2.33,North_Indian,0.129,False,515.0
S2921,Aarush Rajagopalan,2022,4,B.Tech,CH,MH_B,Haryana,North,Non_Veg,Alternate_Days,,,Full_Board,3596,17/07/2022,,True,0.701,3.17,North_Indian,0.27,True,348.0
S2922,Jairaj Wason,2022,4,B.Tech,Other,MH_A,Maharashtra,West,Veg,,Flexible,,Full_Board,3500,2022-07-06,,True,0.478,4.59,,0.431,False,335.0
S2923,Gauri Mitter,2022,4,B.Tech,EE,MH_B,Uttar Pradesh,North,Veg,,Strict,,Full_Board,3500,"July 19, 2022",,True,0.662,3.55,,0.287,False,449.0
S2924,Christopher Chana,2022,4,M.Tech,EE,MH_G,Telangana,South,Non_Veg,Weekly_Once,,None,Custom,3636,2022-07-01,,True,0.733,3.75,No_Preference,0.302,True,326.0
S2925,Harini Buch,2022,4,B.Tech,ME,MH_A,Rajasthan,North,Veg,,Flexible,None,Custom,3949,2022-07-17,,True,0.816,4.09,,0.162,False,445.0
S2926,Bimala Jain,2022,4,B.Tech,ME,MH_A,Jharkhand,East,Veg,,Indifferent,None,Lunch_Dinner,3683,2022-07-05,,True,0.894,2.23,North_Indian,0.338,True,521.0
S2927,Balveer Rajagopalan,2022,4,B.Tech,ME,MH_A,Uttar Pradesh,North,Veg,,Indifferent,,Custom,3707,2022-07-16,,True,0.848,3.06,North_Indian,0.354,False,2608.0
S2928,Chandani Ramakrishnan,2022,4,B.Tech,CE,MH_G,Jammu & Kashmir,North,Veg,,Flexible,,Full_Board,3660,2022-07-18,,True,0.781,2.51,No_Preference,0.061,False,326.0
S2929,Jagrati Sur,2022,4,B.Tech,EE,MH_A,Odisha,East,Vegetarian,,Flexible,None,Lunch_Dinner,3820,"July 03, 2022",,True,0.838,1.91,,0.05,False,2116.0
S2930,Raksha Gupta,2022,4,B.Tech,ME,MH_A,Maharashtra,West,Non_Veg,Weekly_Once,,Others,Full_Board,3641,11/07/2022,,True,0.759,2.66,,0.447,False,81.0
S2931,Balendra Hans,2022,4,B.Tech,CE,MH_B,Kerala,South,Veg,,Indifferent,None,Breakfast_Only,3854,2022-07-09,,True,1.1687067806617777,2.55,South_Indian,0.18,False,734.0
S2932,William Suresh,2022,4,B.Tech,EE,MH_B,Rajasthan,North,Veg,,Strict,,Full_Board,3796,2022-07-03,,True,0.569,4.62,North_Indian,0.422,True,743.0
S2933,Dev Zachariah,2022,4,B.Tech,ME,MH_B,Bihar,North,Veg,,Flexible,None,Breakfast_Only,3666,"July 18, 2022",,True,0.548,2.73,South_Indian,0.138,True,76.0
S2934,Xalak Walla,2022,4,B.Tech,EE,MH_A,Gujarat,West,Veg,,Indifferent,None,Lunch_Dinner,3712,"July 11, 2022",,True,0.657,3.2,South_Indian,0.283,True,136.0
S2935,Amol Bansal,2022,4,B.Tech,EE,MH_B,Kerala,South,Non_Veg,Rarely,,None,Full_Board,3500,2022-07-11,,True,0.769,3.61,South_Indian,0.208,False,81.0
S2936,Daksh Nazareth,2022,4,B.Tech,ME,MH_G,Maharashtra,West,Veg,,Flexible,None,Lunch_Dinner,3669,2022-07-01,,True,0.725,2.81,North_Indian,0.349,False,56.0
S2937,Nidra Dani,2022,4,B.Tech,ME,MH_A,West Bengal,East,Non_Veg,Rarely,,Nut,Custom,3793,2022-07-04,,True,0.734,4.34,South_Indian,0.439,False,135.0
S2938,Tara Yadav,2022,4,B.Tech,CH,MH_G,Madhya Pradesh,Central,Veg,,Flexible,None,Full_Board,4318,19/07/2022,,True,0.809,2.44,South_Indian,0.388,False,1347.0
S2939,Viraj Bora,2022,4,B.Tech,Other,MH_A,Jammu & Kashmir,North,Veg,,Strict,None,Full_Board,3760,2022-07-13,,True,1.1737649120957494,2.25,No_Preference,0.313,False,3000.0
S2940,Lohit Suresh,2022,4,B.Tech,ME,MH_A,Maharashtra,West,Pure Veg,,Flexible,None,Full_Board,3500,2022-07-04,,True,0.661,3.13,No_Preference,0.149,False,1714.0
S2941,Urishilla Bath,2022,4,B.Tech,CE,MH_B,Kerala,South,Non_Veg,Alternate_Days,,None,Full_Board,3500,"July 09, 2022",,True,0.697,4.15,North_Indian,0.481,True,675.0
S2942,Kalpit Atwal,2022,4,PhD,ECE,MH_A,Karnataka,South,Non_Veg,Alternate_Days,,,Full_Board,3794,2022-07-12,,True,0.726,3.2,,0.524,,470.0
S2943,Chandresh Mohanty,2022,4,B.Tech,ECE,MH_A,Himachal Pradesh,North,Veg,,Strict,,Full_Board,3578,2022-07-14,,True,0.859,3.64,No_Preference,0.136,False,733.0
S2944,Tanmayi Garde,2022,4,B.Tech,ME,MH_B,Uttarakhand,North,Non_Veg,Weekly_Once,,None,Full_Board,3567,2022-07-13,,True,0.813,2.45,,0.608,False,104.0
S2945,Hitesh Comar,2022,4,B.Tech,ECE,MH_A,Madhya Pradesh,Central,Veg,,Flexible,,Full_Board,3903,2022-07-08,,True,0.848,2.77,,0.35,True,62.0
S2946,Thomas Bhatnagar,2022,4,B.Tech,EE,MH_B,Gujarat,West,Veg,,Indifferent,None,Lunch_Dinner,3759,2022-07-03,,True,0.774,1.72,North_Indian,0.334,False,62.0
S2947,Pooja Nazareth,2022,4,B.Tech,ME,MH_G,Uttar Pradesh,North,Veg,,Flexible,None,Full_Board,3821,"July 01, 2022",,True,0.657,2.61,South_Indian,0.246,True,231.0
S2948,Ekta Dara,2022,4,M.Tech,ECE,MH_A,Andhra Pradesh,South,Veg,,Strict,,Full_Board,3794,11/07/2022,,True,0.717,3.86,South_Indian,0.236,,54.0
S2949,Ekanta Kala,2022,4,B.Tech,CE,MH_B,Haryana,North,Vegan,,,,Full_Board,3662,2022-07-04,,True,0.608,3.8,No_Preference,0.556,False,406.0
S2950,Oscar Nayak,2022,4,B.Tech,CSE,MH_A,Tamil Nadu,South,Non_Veg,Daily,,Nut,Full_Board,3591,"July 18, 2022",,True,0.957,3.64,North_Indian,0.512,False,275.0
S2951,Jai Mahal,2022,4,B.Tech,CSE,MH_A,Kerala,South,Non_Veg,Weekly_Once,,None,Lunch_Dinner,3850,2022-07-08,,True,0.784,1.89,,0.295,,741.0
S2952,Ojasvi Ganguly,2022,4,B.Tech,CE,MH_A,Karnataka,South,Non_Veg,Weekly_Once,,None,Full_Board,3726,09/07/2022,,True,0.608,2.85,North_Indian,0.462,False,394.0
S2953,Nitesh Sarna,2022,4,M.Tech,EE,MH_B,Tamil Nadu,South,Veg,,Flexible,,Custom,3893,2022-07-02,,True,0.635,3.1,North_Indian,0.575,False,419.0
S2954,Banjeet Deol,2022,4,B.Tech,EE,MH_B,West Bengal,East,Vegan,,,,Full_Board,3814,"July 05, 2022",,True,0.684,3.66,North_Indian,0.202,,174.0
S2955,Krisha Dugar,2022,4,M.Tech,CH,MH_G,Kerala,South,Eggetarian,Weekly_Once,,None,Lunch_Dinner,3586,"July 10, 2022",,True,0.768,4.23,South_Indian,0.329,True,334.0
S2956,Vidhi Buch,2022,4,M.Tech,ME,MH_G,Odisha,East,Non_Veg,Alternate_Days,,None,Lunch_Dinner,3666,2022-07-08,,True,0.725,2.85,South_Indian,0.235,True,703.0
S2957,Abhimanyu Gola,2022,4,B.Tech,CSE,MH_G,Bihar,North,Veg,,Strict,,Full_Board,3500,2022-07-13,,True,0.767,4.01,North_Indian,0.108,False,288.0
S2958,Bhanumati Saha,2022,4,B.Tech,CSE,MH_A,Assam,Northeast,Vegan,,,None,Full_Board,3718,2022-07-06,,True,0.946,3.94,South_Indian,0.131,False,636.0
S2959,Jonathan Jhaveri,2022,4,B.Tech,CE,MH_G,Andhra Pradesh,South,Veg,,Strict,None,Lunch_Dinner,3526,2022-07-05,,True,0.813,2.81,North_Indian,0.189,,521.0
S2960,Anika Virk,2022,4,B.Tech,ME,MH_B,Kerala,South,Non_Veg,Weekly_Once,,,Full_Board,3587,"July 07, 2022",,True,0.484,4.4,Continental,0.313,,54.0
S2961,Nisha Khare,2022,4,PhD,Other,MH_B,Kerala,South,Non_Veg,Alternate_Days,,Lactose,Full_Board,3723,16/07/2022,,True,0.746,3.75,,0.109,False,344.0
S2962,Baljiwan Gole,2022,4,B.Tech,ECE,MH_A,Gujarat,West,Veg,,Strict,,Lunch_Dinner,3906,17/07/2022,,True,0.73,4.11,,0.219,True,618.0
S2963,Gaurang Mitra,2022,4,B.Tech,CSE,MH_A,Rajasthan,North,Veg,,Indifferent,None,Full_Board,3992,2022-07-14,,True,0.778,3.37,,0.569,False,199.0
S2964,Omya Agrawal,2022,4,PhD,CSE,MH_B,Chhattisgarh,Central,Veg,,Strict,None,Breakfast_Only,3641,2022-07-12,,True,0.562,1.66,No_Preference,0.277,,544.0
S2965,Rehaan Dalal,2022,4,B.Tech,BT,MH_B,Tripura,Northeast,Non_Veg,Daily,,None,Lunch_Dinner,3790,19/07/2022,,True,0.849,2.55,South_Indian,0.45,True,486.0
S2966,Janaki Zacharia,2022,4,M.Tech,ECE,MH_A,Karnataka,South,Eggetarian,Alternate_Days,,,Full_Board,3500,2022-07-09,,True,0.697,3.05,North_Indian,0.161,False,317.0
S2967,Ucchal Joshi,2022,4,B.Tech,ECE,MH_B,Gujarat,West,Veg,,Flexible,,Lunch_Dinner,3500,"July 08, 2022",,True,0.669,2.86,,0.193,,1657.0
S2968,Chatresh Hari,2022,4,B.Tech,BT,MH_B,Kerala,South,Non_Veg,Daily,,None,Full_Board,3500,2022-07-08,,True,0.691,2.32,South_Indian,0.417,False,124.0
S2969,Manthan Som,2022,4,B.Tech,ME,MH_B,Bihar,North,Veg,,Indifferent,None,Full_Board,3968,2022-07-07,,True,0.801,2.73,North_Indian,0.102,False,132.0
S2970,Patrick Dutta,2022,4,M.Tech,EE,MH_G,Gujarat,West,Veg,,Indifferent,,Full_Board,3779,2022-07-10,,True,0.68,2.76,,0.467,True,417.0
S2971,Chatura Patla,2022,4,B.Tech,BT,MH_A,Kerala,South,Non_Veg,Rarely,,None,Lunch_Dinner,3688,2022-07-05,,True,0.521,4.04,South_Indian,0.231,False,944.0
S2972,Shaurya Saran,2022,4,B.Tech,CH,MH_A,Chhattisgarh,Central,Veg,,Flexible,None,Lunch_Dinner,3895,2022-07-07,,True,0.634,5.0,North_Indian,0.325,False,155.0
S2973,Gaurika Setty,2022,4,B.Tech,ME,MH_A,West Bengal,East,Non_Veg,Alternate_Days,,None,Full_Board,3500,2022-07-19,,True,0.805,3.21,North_Indian,0.839,False,114.0
S2974,Hemang Ben,2022,4,B.Tech,CSE,MH_G,Punjab,North,Veg,,Indifferent,None,Custom,3734,2022-07-01,,True,0.94,2.58,Continental,0.22,False,188.0
S2975,Nakul Balakrishnan,2022,4,M.Tech,ME,MH_B,Chhattisgarh,Central,Vegan,,,None,Full_Board,3553,02/07/2022,,True,0.75,2.95,Continental,0.256,,1686.0
S2976,Yutika D’Alia,2022,4,M.Tech,Other,MH_A,Tamil Nadu,South,Non_Veg,Rarely,,,Full_Board,3500,2022-07-02,,True,0.783,2.78,North_Indian,0.163,,267.0
S2977,Wahab Saxena,2022,4,B.Tech,EE,MH_B,Andhra Pradesh,South,Veg,,Strict,None,Lunch_Dinner,3500,"July 15, 2022",,True,0.702,2.63,,0.593,False,460.0
S2978,Oni Issac,2022,4,B.Tech,ME,MH_A,Maharashtra,West,Non_Veg,Alternate_Days,,None,Full_Board,3863,2022-07-17,,True,0.662,3.55,South_Indian,0.271,False,706.0
S2979,Victor Choudhary,2022,4,B.Tech,EE,MH_B,Uttar Pradesh,North,Veg,,Strict,,Full_Board,3535,2022-07-03,,True,0.61,3.57,North_Indian,0.236,True,1185.0
S2980,Vedant Chaudhari,2022,4,B.Tech,EE,MH_A,Uttar Pradesh,North,Veg,,Strict,None,Custom,3524,2022-07-15,,True,0.824,2.22,No_Preference,0.5,False,698.0
S2981,Nitara Iyengar,2022,4,B.Tech,CSE,MH_B,Uttar Pradesh,North,Veg,,Indifferent,None,Full_Board,3760,2022-07-12,,True,0.694,2.86,North_Indian,0.566,False,1739.0
S2982,Thomas Borah,2022,4,M.Tech,BT,MH_B,Uttar Pradesh,North,Veg,,Flexible,None,Full_Board,3500,2022-07-02,,True,0.73,4.04,North_Indian,0.05,False,253.0
S2983,Vedhika Bhagat,2022,4,B.Tech,CSE,MH_B,Nagaland,Northeast,Non_Veg,Weekly_Once,,None,Custom,3558,"July 04, 2022",,True,0.64,4.7,South_Indian,0.401,False,294.0
S2984,Maanav Kalita,2022,4,B.Tech,EE,MH_A,Bihar,North,Veg,,Strict,Others,Breakfast_Only,4198,2022-07-01,,True,0.827,3.27,No_Preference,0.919,True,363.0
S2985,Pranav Ram,2022,4,B.Tech,CSE,MH_A,Andhra Pradesh,South,Non_Veg,Daily,,None,Full_Board,3727,2022-07-07,,True,0.722,1.58,South_Indian,0.084,True,193.0
S2986,Laban Shankar,2022,4,B.Tech,BT,MH_A,Gujarat,West,Veg,,Flexible,,Lunch_Dinner,3624,2022-07-18,,True,0.634,2.81,South_Indian,0.297,False,465.0
S2987,Jagrati Madan,2022,4,B.Tech,ECE,MH_A,Bihar,North,VEG,,Strict,Nut,Full_Board,3627,2022-07-08,,True,0.639,2.11,,0.558,False,1520.0
S2988,Gautami Datta,2022,4,B.Tech,CE,MH_B,Maharashtra,West,Veg,,Flexible,None,Full_Board,3590,17/07/2022,,True,0.837,4.26,South_Indian,0.471,True,1852.0
S2989,Darpan Mand,2022,4,B.Tech,CSE,MH_A,Bihar,North,Veg,,Strict,,Full_Board,3500,14/07/2022,,True,0.533,5.0,South_Indian,0.206,True,145.0
S2990,Indrajit Shroff,2022,4,B.Tech,BT,MH_B,Odisha,East,Vegan,,,,Full_Board,3796,08/07/2022,,True,0.635,4.16,North_Indian,0.494,False,186.0
S2991,Omya Garg,2022,4,B.Tech,BT,MH_G,Madhya Pradesh,Central,Veg,,Strict,,Breakfast_Only,3521,"July 07, 2022",,True,0.596,3.6,North_Indian,0.05,,237.0
S2992,Thomas Merchant,2022,4,B.Tech,ECE,MH_A,West Bengal,East,Non_Veg,Alternate_Days,,None,Lunch_Dinner,3596,2022-07-04,,True,0.607,4.32,North_Indian,0.418,False,1696.0
S2993,Onkar Karpe,2022,4,M.Tech,ME,MH_A,Uttar Pradesh,North,Non_Veg,Daily,,,Full_Board,3645,2022-07-17,,True,0.711,2.51,No_Preference,0.272,,151.0
S2994,Nisha Vig,2022,4,M.Tech,CSE,MH_B,Gujarat,West,Veg,,Strict,,Full_Board,3645,"July 09, 2022",,True,0.599,2.81,,0.14,False,533.0
S2995,Tarak Solanki,2022,4,PhD,CSE,MH_B,Bihar,North,Veg,,Strict,None,Full_Board,3661,2022-07-08,,True,0.7,1.87,South_Indian,0.603,,635.0
S2996,Arya Atwal,2022,4,M.Tech,EE,MH_G,Madhya Pradesh,Central,Veg,,Strict,,Lunch_Dinner,3813,2022-07-18,,True,0.798,2.66,South_Indian,0.32,False,1019.0
S2997,Yatin Kota,2022,4,B.Tech,CSE,MH_A,Telangana,Northeast,Veg,,Flexible,None,Lunch_Dinner,3500,09/07/2022,,True,0.88,4.05,South_Indian,0.608,,667.0
S2998,Radha Kapadia,2022,4,B.Tech,Other,MH_G,TAMIL NADU,South,Veg,,Strict,None,Full_Board,3686,2022-07-04,,True,0.78,1.98,South_Indian,0.4,False,866.0
S2999,Abdul Sahni,2022,4,M.Tech,CE,MH_B,Himachal Pradesh,North,Veg,,Flexible,Others,Lunch_Dinner,3607,"July 04, 2022",,True,0.772,2.92,No_Preference,0.6,True,1001.0
S3000,Banjeet Singhal,2022,4,M.Tech,BT,MH_A,West Bengal,East,Veg,,Indifferent,None,Full_Board,3695,"July 06, 2022",,True,0.84,1.92,North_Indian,0.384,,365.0
S3001,Pavani Wali,2022,4,B.Tech,EE,MH_B,Maharashtra,West,Veg,,Strict,,Full_Board,4253,2022-07-14,,True,0.8,3.16,North_Indian,0.541,,668.0
S3002,Varenya Chaudhari,2022,4,B.Tech,ECE,MH_A,Delhi,North,Non_Veg,Weekly_Once,,None,Full_Board,3720,2022-07-10,,True,0.791,3.2,Continental,0.524,False,1521.0
S3003,Warhi Khosla,2022,4,B.Tech,CH,MH_B,Rajasthan,North,Veg,,Flexible,Lactose,Custom,3500,08/07/2022,,True,0.703,2.85,,0.096,True,73.0
S3004,Advik Ray,2022,4,M.Tech,EE,MH_G,Madhya Pradesh,Central,Veg,,Flexible,None,Full_Board,4094,2022-07-19,,True,0.598,3.49,No_Preference,0.177,False,236.0
S3005,Kevin Parmer,2022,4,B.Tech,ME,MH_B,Maharashtra,West,Non_Veg,Alternate_Days,,None,Full_Board,3720,08/07/2022,,True,0.958,3.84,No_Preference,0.139,True,59.0
S3006,William Chana,2022,4,B.Tech,ME,MH_A,Maharashtra,West,nonveg,Weekly_Once,,None,Full_Board,3500,2022-07-14,,True,0.769,4.18,South_Indian,0.147,False,145.0
S3007,Varsha Mody,2022,4,B.Tech,Other,MH_A,TAMIL NADU,South,Non_Veg,Alternate_Days,,,Full_Board,4050,2022-07-15,,True,0.503,2.14,North_Indian,0.092,,254.0
S3008,Tripti Bajwa,2022,4,B.Tech,CSE,MH_B,Maharashtra,West,Veg,,Strict,,Custom,3500,15/07/2022,,True,0.737,2.11,North_Indian,0.18,False,1629.0
S3009,Ubika Devi,2022,4,B.Tech,ECE,MH_B,West Bengal,East,Non_Veg,Alternate_Days,,None,Full_Board,3989,2022-07-08,,True,0.583,3.12,,0.527,True,524.0
S3010,,2022,4,PhD,ECE,MH_A,Bihar,North,Veg,,Flexible,None,Lunch_Dinner,3500,2022-07-17,,True,0.816,2.57,,0.713,True,627.0
S3011,Qasim Prabhakar,2022,4,B.Tech,BT,MH_B,Tamil Nadu,South,Eggetarian,Weekly_Once,,None,Lunch_Dinner,3732,2022-07-19,,True,0.74,3.35,North_Indian,0.387,True,2011.0
S3012,Aarav Bobal,2022,4,M.Tech,ECE,MH_A,Delhi,North,Veg,,Strict,None,Full_Board,3500,2022-07-05,,True,0.55,3.85,South_Indian,0.383,True,223.0
S3013,Gaurangi Wali,2022,4,B.Tech,BT,MH_A,Tripura,Northeast,Non_Veg,Weekly_Once,,Gluten,Full_Board,3559,2022-07-19,,True,0.48,3.32,South_Indian,0.23,False,107.0
S3014,Chaman Sandhu,2022,4,PhD,EE,MH_B,Andhra Pradesh,South,Veg,,Indifferent,None,Lunch_Dinner,3500,2022-07-15,,True,0.655,4.1,North_Indian,0.708,,1531.0
S3015,Sarthak Buch,2022,4,B.Tech,CSE,MH_B,West Bengal,East,Non_Veg,Daily,,None,Lunch_Dinner,3641,"July 16, 2022",,True,0.686,3.69,South_Indian,0.581,False,297.0
S3016,Christopher Varma,2022,4,B.Tech,ECE,MH_B,Tamil Nadu,South,Non_Veg,Alternate_Days,,,Full_Board,3662,2022-07-17,,True,0.935,4.47,North_Indian,0.07,True,562.0
S3017,Charan Choudhry,2022,4,B.Tech,EE,MH_B,Uttar Pradesh,North,Vegan,,,None,Full_Board,3749,"July 10, 2022",,True,0.906,2.09,Continental,0.29,True,342.0
S3018,Jasmit Shroff,2022,4,B.Tech,EE,MH_A,Uttar Pradesh,North,Veg,,Strict,,Full_Board,3663,2022-07-04,,True,0.723,2.99,North_Indian,0.449,False,533.0
S3019,Jasmit Peri,2022,4,B.Tech,ME,MH_B,Odisha,East,nonveg,Weekly_Once,,,Full_Board,3674,2022-07-11,,True,0.613,4.23,North_Indian,0.628,False,1465.0
S3020,Ekalinga Jayaraman,2022,4,B.Tech,BT,MH_B,Delhi,North,Vegetarian,,Flexible,,Breakfast_Only,3792,2022-07-17,,True,0.55,2.7,No_Preference,0.499,False,1094.0
S3021,Gaurika Khare,2022,4,B.Tech,ECE,MH_B,Delhi,North,Non_Veg,Daily,,None,Full_Board,3532,2022-07-01,,True,0.771,3.49,South_Indian,0.514,True,692.0
S3022,Vanya Kadakia,2022,4,M.Tech,CE,MH_B,Tripura,Northeast,Vegan,,,,Full_Board,3838,2022-07-05,,True,0.658,3.3,No_Preference,0.549,False,77.0
S3023,Ekani Pandit,2022,4,B.Tech,CH,MH_A,Himachal Pradesh,North,Veg,,Strict,None,Full_Board,3896,2022-07-15,,True,0.749,2.57,,0.588,False,330.0
S3024,Yahvi Sampath,2022,4,M.Tech,ECE,MH_B,Gujarat,West,Veg,,Indifferent,None,Breakfast_Only,3500,2022-07-05,,True,0.819,3.37,North_Indian,0.444,,453.0
S3025,Chatura Bhatnagar,2022,4,B.Tech,CE,MH_B,Delhi,North,non_veg,Alternate_Days,,None,Lunch_Dinner,3686,2022-07-19,,True,0.71,3.42,South_Indian,0.727,,1243.0
S3026,Hemani Sethi,2022,4,M.Tech,ECE,MH_B,Karnataka,South,Non_Veg,Weekly_Once,,None,Breakfast_Only,3531,2022-07-13,,True,0.677,4.01,North_Indian,0.496,,612.0
S3027,Yachana Vyas,2022,4,PhD,EE,MH_A,Rajasthan,North,Eggetarian,Alternate_Days,,None,Lunch_Dinner,3729,2022-07-18,,True,0.544,3.31,Continental,0.177,False,350.0
S3028,Upma Wali,2022,4,B.Tech,CSE,MH_A,West Bengal,East,non_veg,Weekly_Once,,Gluten,Breakfast_Only,3525,"July 11, 2022",,True,0.818,5.0,,0.117,False,484.0
S3029,Siya Pillai,2022,4,B.Tech,CSE,MH_B,Gujarat,West,Veg,,Flexible,,Full_Board,3960,2022-07-01,,True,0.598,2.54,Continental,0.227,True,1410.0
S3030,Raghav Shankar,2022,4,M.Tech,ECE,MH_B,Gujarat,West,Veg,,Flexible,None,Lunch_Dinner,3500,2022-07-12,,True,0.623,1.85,,0.635,False,394.0
S3031,Faris Raman,2022,4,B.Tech,CE,MH_B,Uttar Pradesh,North,Non_Veg,Daily,,,Full_Board,3500,2022-07-04,,True,0.646,2.16,South_Indian,0.381,,641.0
S3032,Bhavya Bose,2022,4,B.Tech,ECE,MH_A,Bihar,North,Jain,,,None,Full_Board,3500,2022-07-19,,True,0.81,2.14,North_Indian,0.336,True,160.0
S3033,Nitesh Majumdar,2022,4,PhD,ECE,MH_B,Chhattisgarh,Central,Non_Veg,Weekly_Once,,None,Full_Board,3779,2022-07-05,,True,0.61,2.82,South_Indian,0.343,False,424.0
S3034,Manbir Taneja,2022,4,B.Tech,ECE,MH_B,Tamil Nadu,South,Veg,,Flexible,None,Lunch_Dinner,3748,2022-07-06,,True,0.663,2.54,South_Indian,0.403,False,327.0
S3035,Samarth Verma,2022,4,M.Tech,CSE,MH_B,Rajasthan,North,Veg,,Strict,None,Full_Board,3944,08/07/2022,,True,0.615,3.58,North_Indian,0.194,True,507.0
S3036,Chaaya Saha,2022,4,B.Tech,CSE,MH_A,Madhya Pradesh,Central,Non_Veg,Daily,,None,Full_Board,3723,02/07/2022,,True,0.592,3.25,North_Indian,0.425,,878.0
S3037,Urvi Palan,2022,4,B.Tech,EE,MH_G,Andhra Pradesh,South,Veg,,Strict,None,Full_Board,3755,2022-07-14,,True,0.753,2.52,South_Indian,0.248,,87.0
S3038,Sachi Bail,2022,4,M.Tech,CE,MH_A,Himachal Pradesh,North,Veg,,Strict,None,Full_Board,3699,2022-07-05,,True,0.739,2.58,No_Preference,0.218,False,1619.0
S3039,Ranbir Bhatnagar,2022,4,B.Tech,ECE,MH_A,Odisha,East,Non_Veg,Rarely,,None,Full_Board,3554,2022-07-10,,True,0.62,2.3,No_Preference,0.673,False,1265.0
S3040,Vincent Venkatesh,2022,4,B.Tech,CH,MH_A,Rajasthan,North,Veg,,Flexible,None,Full_Board,3679,2022-07-03,,True,1.1213589406635043,4.44,North_Indian,0.435,True,679.0
S3041,Nisha Oza,2022,4,M.Tech,CSE,MH_A,Tamil Nadu,South,Non_Veg,Daily,,Others,Full_Board,3535,"July 16, 2022",,True,0.63,2.94,North_Indian,0.895,False,609.0
S3042,Vedika Wagle,2022,4,M.Tech,EE,MH_A,Maharashtra,West,Non_Veg,Daily,,,Full_Board,3738,2022-07-18,,True,0.849,3.08,North_Indian,0.601,False,179.0
S3043,Tanvi Modi,2022,4,B.Tech,EE,MH_B,Gujarat,West,Veg,,Strict,None,Custom,3669,2022-07-12,,True,0.652,2.53,No_Preference,0.336,,698.0
S3044,Damini Garg,2022,4,B.Tech,ME,MH_B,Uttar Pradesh,North,Non_Veg,Weekly_Once,,None,Full_Board,3717,2022-07-02,,True,0.708,3.35,Continental,0.545,False,870.0
S3045,Utkarsh Sule,2022,4,B.Tech,ECE,MH_A,Rajasthan,North,Veg,,Indifferent,,Full_Board,3651,2022-07-19,,True,0.816,3.46,,0.307,,95.0
S3046,Bhavya Batta,2022,4,B.Tech,Other,MH_G,Jammu & Kashmir,North,Non_Veg,Alternate_Days,,Gluten,Custom,3500,06/07/2022,,True,0.659,2.79,North_Indian,0.75,False,95.0
S3047,Ira Mane,2022,4,PhD,BT,MH_A,Kerala,South,Veg,,Strict,None,Full_Board,3500,"July 17, 2022",,True,1.2690794985858562,3.23,,0.767,True,1026.0
S3048,Ojas Dyal,2022,4,B.Tech,CSE,MH_B,Maharashtra,West,Jain,,,,Full_Board,3727,02/07/2022,,True,0.853,3.99,No_Preference,0.497,False,1455.0
S3049,,2022,4,B.Tech,EE,MH_A,Himachal Pradesh,North,Non_Veg,Rarely,,Nut,Lunch_Dinner,3524,2022-07-09,,True,0.607,3.93,No_Preference,0.66,True,619.0
S3050,Qabil Gill,2022,4,B.Tech,ECE,MH_G,Rajasthan,North,Veg,,Flexible,None,Lunch_Dinner,3838,2022-07-10,,True,0.636,3.2,North_Indian,0.098,False,696.0
S3051,Neel Khanna,2022,4,M.Tech,BT,MH_B,Haryana,North,Veg,,Strict,None,Full_Board,3500,2022-07-18,,True,0.792,2.95,South_Indian,0.332,True,110.0
S3052,Benjamin Nadig,2022,4,B.Tech,BT,MH_G,Kerala,South,Veg,,Flexible,None,Custom,3783,2022-07-09,,True,0.733,2.37,,0.632,False,106.0
S3053,Ridhi Lad,2022,4,B.Tech,ME,MH_B,Bihar,North,Veg,,Indifferent,None,Custom,3866,"July 02, 2022",,True,0.69,2.66,North_Indian,0.75,False,518.0
S3054,Qarin Jha,2022,4,M.Tech,CE,MH_A,Kerala,South,Non_Veg,Alternate_Days,,,Lunch_Dinner,3500,07/07/2022,,True,0.908,1.49,,0.688,False,497.0
S3055,Edhitha Padmanabhan,2022,4,B.Tech,EE,MH_G,Maharashtra,West,Eggetarian,Daily,,None,Full_Board,3778,2022-07-06,,True,0.472,3.55,North_Indian,0.141,False,3000.0
S3056,Kashish Sen,2022,4,B.Tech,CE,MH_G,Punjab,North,Veg,,Strict,None,Full_Board,3850,2022-07-18,,True,0.825,3.34,North_Indian,0.622,False,207.0
S3057,Charvi Dara,2022,4,B.Tech,CSE,MH_B,Delhi,North,Veg,,Flexible,None,Full_Board,3674,2022-07-15,,True,0.563,2.64,,0.608,True,645.0
S3058,Nidhi Tata,2022,4,M.Tech,EE,MH_B,Rajasthan,North,Eggetarian,Alternate_Days,,,Full_Board,3932,"July 15, 2022",,True,0.739,2.97,,0.774,True,434.0
S3059,Tara Nagarajan,2022,4,B.Tech,ECE,MH_A,Uttar Pradesh,North,Veg,,Flexible,None,Full_Board,3712,05/07/2022,,True,0.794,2.09,North_Indian,0.061,False,66.0
S3060,Aayush Tripathi,2022,4,B.Tech,CSE,MH_B,Telangana,South,Non_Veg,Rarely,,,Lunch_Dinner,3612,2022-07-11,,True,0.643,3.42,,0.89,False,727.0
S3061,Chakrika Som,2022,4,B.Tech,BT,MH_A,Punjab,North,Non_Veg,Weekly_Once,,,Custom,3500,2022-07-14,,True,1.1595201823848909,4.1,North_Indian,0.54,,1470.0
S3062,Manan Sathe,2022,4,B.Tech,CE,MH_A,Nagaland,Northeast,Non_Veg,Daily,,None,Lunch_Dinner,3622,2022-07-05,,True,0.599,4.16,North_Indian,0.604,,271.0
S3063,Isaiah Srinivas,2022,4,M.Tech,CE,MH_A,Uttar Pradesh,North,Veg,,Indifferent,,Full_Board,3500,2022-07-01,,True,0.903,2.68,No_Preference,0.76,,637.0
S3064,Liam Dada,2022,4,B.Tech,ECE,MH_G,Bihar,North,Veg,,Strict,,Full_Board,3553,"July 04, 2022",,True,0.87,3.33,South_Indian,0.405,,337.0
S3065,Aryan Ratti,2022,4,M.Tech,ECE,MH_B,Odisha,East,Non_Veg,Daily,,,Full_Board,3887,2022-07-09,,True,0.699,3.23,South_Indian,0.532,False,1065.0
S3066,Sanaya Parikh,2022,4,B.Tech,CH,MH_A,Uttar Pradesh,North,Veg,,Flexible,None,Full_Board,3701,2022-07-06,,True,0.6,3.69,Continental,0.106,True,2136.0
S3067,Eta Bhakta,2022,4,B.Tech,CE,MH_A,Haryana,North,Veg,,Flexible,,Full_Board,3741,2022-07-10,,True,0.883,2.87,No_Preference,0.298,True,221.0
S3068,Tristan Mall,2022,4,B.Tech,EE,MH_A,Gujarat,West,Veg,,Flexible,None,Full_Board,3500,"July 11, 2022",,True,0.676,1.46,North_Indian,0.442,False,1387.0
S3069,Arin Chacko,2022,4,M.Tech,CE,MH_G,Uttar Pradesh,North,Veg,,Strict,None,Full_Board,4026,2022-07-04,,True,0.613,3.34,,0.587,,952.0
S3070,Gagan Vala,2022,4,M.Tech,CH,MH_G,Assam,Northeast,Veg,,Strict,,Lunch_Dinner,3761,2022-07-10,,True,0.797,3.04,North_Indian,0.159,,758.0
S3071,Robert Swaminathan,2022,4,B.Tech,CE,MH_A,Andhra Pradesh,South,Non_Veg,Weekly_Once,,,Custom,3581,2022-07-10,,True,0.897,2.41,South_Indian,0.584,True,732.0
S3072,Yasti Bhalla,2022,4,B.Tech,ME,MH_B,Uttar Pradesh,North,Non_Veg,Daily,,,Lunch_Dinner,3860,2022-07-09,,True,0.524,2.73,,0.163,True,2014.0
S3073,Mitali Divan,2022,4,B.Tech,EE,MH_A,Maharashtra,West,Veg,,Strict,,Lunch_Dinner,3700,10/07/2022,,True,0.61,2.05,South_Indian,0.401,False,834.0
S3074,Kala Raju,2022,4,B.Tech,EE,MH_G,Rajasthan,North,Non_Veg,Weekly_Once,,None,Full_Board,4010,2022-07-07,,True,0.531,4.44,North_Indian,0.695,False,860.0
S3075,Advik Mane,2022,4,B.Tech,ME,MH_A,Madhya Pradesh,Central,Veg,,Indifferent,,Full_Board,3852,2022-07-10,,True,0.773,3.19,North_Indian,0.309,False,304.0
S3076,Indali Morar,2022,4,M.Tech,ECE,MH_G,Uttarakhand,North,Veg,,Strict,None,Full_Board,3774,2022-07-18,,True,0.646,2.15,Continental,0.431,True,181.0
S3077,Gagan Kale,2022,4,B.Tech,ECE,MH_A,Kerala,South,Non_Veg,Daily,,None,Lunch_Dinner,3610,2022-07-04,,True,0.47,4.08,North_Indian,0.271,,206.0
S3078,Ojasvi Savant,2022,4,B.Tech,ME,MH_B,Maharashtra,West,Veg,,Flexible,None,Lunch_Dinner,3500,2022-07-03,,True,0.777,3.13,South_Indian,0.539,,158.0
S3079,Nihal Samra,2022,4,B.Tech,ME,MH_A,Rajasthan,North,Veg,,Indifferent,None,Lunch_Dinner,3500,2022-07-13,,True,0.677,2.83,No_Preference,0.532,False,137.0
S3080,Liam Chadha,2022,4,B.Tech,EE,MH_A,Haryana,North,Eggetarian,Alternate_Days,,Others,Breakfast_Only,3838,14/07/2022,,True,0.865,3.74,No_Preference,0.142,False,78.0
S3081,Sarthak Mitter,2022,4,B.Tech,CE,MH_A,Madhya Pradesh,Central,Eggetarian,Daily,,Lactose,Lunch_Dinner,3995,"July 04, 2022",,True,0.802,4.25,South_Indian,0.151,False,85.0
S3082,Gautami Bhatti,2022,4,B.Tech,ME,MH_A,Maharashtra,West,Veg,,Strict,Others,Full_Board,3892,2022-07-17,,True,0.658,2.14,No_Preference,0.05,False,65.0
S3083,Gaurang Ahuja,2022,4,M.Tech,BT,MH_A,Madhya Pradesh,Central,Vegan,,,,Custom,3840,2022-07-06,,True,0.889,2.22,,0.153,,767.0
S3084,Anjali Sachdeva,2022,4,B.Tech,EE,MH_G,Bihar,North,Veg,,Flexible,None,Full_Board,3765,2022-07-05,,True,0.922,3.45,,0.654,False,1166.0
S3085,Turvi Devan,2022,4,B.Tech,ECE,MH_A,Punjab,North,Jain,,,None,Full_Board,3887,2022-07-09,,True,0.456,5.0,North_Indian,0.067,False,835.0
S3086,Quincy Raj,2022,4,B.Tech,CSE,MH_A,Uttar Pradesh,North,Non_Veg,Alternate_Days,,,Full_Board,3800,2022-07-14,,True,0.753,3.69,South_Indian,0.441,False,505.0
S3087,Vritti Basak,2022,4,M.Tech,CSE,MH_A,Kerala,South,Non_Veg,Weekly_Once,,None,Full_Board,3781,2022-07-06,,True,0.634,4.46,,0.375,True,257.0
S3088,Daksha Tak,2022,4,B.Tech,CSE,MH_A,Maharashtra,West,Veg,,Flexible,None,Lunch_Dinner,3782,2022-07-07,,True,0.776,4.35,South_Indian,0.66,False,2992.0
S3089,Udarsh Bala,2022,4,B.Tech,CH,MH_B,Punjab,North,Veg,,Flexible,None,Full_Board,3604,10/07/2022,,True,0.669,4.84,,0.455,True,1902.0
S3090,Mitesh Lala,2022,4,M.Tech,CH,MH_A,Maharashtra,West,Veg,,Flexible,None,Full_Board,3500,06/07/2022,,True,0.56,3.66,North_Indian,0.573,False,168.0
S3091,Urmi Dash,2022,4,B.Tech,CE,MH_B,Punjab,North,Veg,,Flexible,,Full_Board,3632,"July 19, 2022",,True,0.514,3.97,South_Indian,0.495,False,408.0
S3092,Omisha Gola,2022,4,PhD,CSE,MH_A,Bihar,North,Non_Veg,Daily,,None,Custom,3944,09/07/2022,,True,0.795,3.47,No_Preference,0.606,False,140.0
S3093,Yash Balakrishnan,2022,4,M.Tech,ME,MH_B,Kerala,South,Eggetarian,Daily,,,Full_Board,3550,2022-07-04,,True,0.575,3.65,Continental,0.337,False,2001.0
S3094,Aradhana Tailor,2022,4,B.Tech,CE,MH_B,Uttar Pradesh,North,Veg,,Strict,,Custom,3500,2022-07-09,,True,0.781,2.6,North_Indian,0.566,,154.0
S3095,Janaki Srivastava,2022,4,B.Tech,BT,MH_B,Andhra Pradesh,South,Veg,,Indifferent,None,Breakfast_Only,3843,"July 12, 2022",,True,0.521,3.18,,0.451,False,430.0
S3096,Aarna Soni,2022,4,B.Tech,CH,MH_A,Punjab,North,Non_Veg,Daily,,,Custom,3557,2022-07-17,,True,0.582,2.95,No_Preference,0.339,,320.0
S3097,Kashvi Vala,2022,4,B.Tech,Other,MH_A,Maharashtra,West,Veg,,Flexible,,Lunch_Dinner,3500,2022-07-17,,True,0.754,1.33,,0.295,,212.0
S3098,Aashi Gaba,2022,4,B.Tech,ECE,MH_B,Maharashtra,West,Non_Veg,Alternate_Days,,None,Full_Board,3503,2022-07-19,,True,0.569,2.88,No_Preference,0.315,False,364.0
S3099,Madhav Nagarajan,2022,4,B.Tech,ME,MH_A,Bihar,North,Veg,,Strict,None,Full_Board,3791,04/07/2022,,True,0.656,3.06,North_Indian,0.05,False,644.0
S3100,Krishna Parikh,2022,4,B.Tech,ME,MH_A,Haryana,North,Veg,,Flexible,None,Full_Board,3905,02/07/2022,,True,1.1254023726523525,2.6,South_Indian,0.583,False,146.0
S3101,Chatresh Mahajan,2023,3,PhD,CE,MH_B,Uttar Pradesh,North,Veg,,Flexible,Nut,Lunch_Dinner,3593,"July 14, 2023",,True,0.837,2.57,North_Indian,0.541,False,293.0
S3102,Oni Parekh,2023,3,B.Tech,EE,MH_A,Bihar,North,Veg,,Flexible,None,Full_Board,3574,2023-07-10,,True,0.606,3.33,,0.343,False,1043.0
S3103,Bimala Manne,2023,3,B.Tech,ME,MH_G,Kerala,South,Veg,,Flexible,Gluten,Breakfast_Only,3629,08/07/2023,,True,0.549,3.01,South_Indian,0.883,,260.0
S3104,Yoshita Hari,2023,3,B.Tech,ECE,MH_B,Haryana,North,Veg,,Strict,None,Full_Board,3886,"July 14, 2023",,True,0.718,3.05,Continental,0.148,False,289.0
S3105,Girindra Ganesh,2023,3,B.Tech,CE,MH_G,Himachal Pradesh,North,Veg,,Strict,None,Full_Board,4023,"July 14, 2023",,True,0.629,4.06,,0.491,True,62.0
S3106,Diya Mitra,2023,3,M.Tech,CH,MH_G,Bihar,North,Veg,,Strict,,Full_Board,4223,2023-07-15,,True,0.541,3.44,South_Indian,0.654,False,172.0
S3107,Janani Char,2023,3,M.Tech,CSE,MH_G,Telangana,South,Veg,,Flexible,None,Full_Board,3722,2023-07-16,,True,0.629,3.16,,0.58,False,210.0
S3108,Maanas Arya,2023,3,B.Tech,CH,MH_B,Bihar,North,Veg,,Flexible,None,Full_Board,3793,"July 06, 2023",,True,0.678,3.2,South_Indian,0.345,True,188.0
S3109,Zarna Manda,2023,3,PhD,CSE,MH_A,Gujarat,West,Veg,,Strict,None,Lunch_Dinner,3937,18/07/2023,,True,0.577,3.68,,0.583,True,952.0
S3110,Vedhika Sabharwal,2023,3,B.Tech,CE,MH_G,Bihar,North,veg,,Flexible,None,Full_Board,4051,"July 16, 2023",,True,0.812,3.24,,0.594,False,123.0
S3111,Nicholas Chaudry,2023,3,B.Tech,CSE,MH_A,Maharashtra,West,Veg,,Strict,None,Full_Board,3921,2023-07-13,,True,0.479,3.65,,0.05,,439.0
S3112,Mohammed Thakur,2023,3,B.Tech,Other,MH_G,West Bengal,East,Non_Veg,Weekly_Once,,None,Lunch_Dinner,3581,"July 19, 2023",,True,0.739,2.87,No_Preference,0.088,,1736.0
S3113,Raghav Vora,2023,3,B.Tech,EE,MH_A,Gujarat,West,Vegan,,,None,Full_Board,3681,13/07/2023,,True,0.51,2.09,North_Indian,0.338,False,1219.0
S3114,Omisha Sharma,2023,3,M.Tech,CH,MH_G,Rajasthan,North,Veg,,Strict,None,Full_Board,3779,03/07/2023,,True,0.61,3.44,Continental,0.495,False,371.0
S3115,Jackson Deep,2023,3,B.Tech,ECE,MH_B,Nagaland,Northeast,Non_Veg,Weekly_Once,,None,Full_Board,3802,"July 10, 2023",,True,0.765,2.61,South_Indian,0.254,True,955.0
S3116,Varsha Pall,2023,3,B.Tech,ECE,MH_B,Maharashtra,West,Veg,,Strict,None,Full_Board,4010,2023-07-09,,True,0.8,2.41,North_Indian,0.364,False,277.0
S3117,Janani Dewan,2023,3,PhD,ME,MH_G,Uttar Pradesh,North,Vegetarian,,Strict,None,Full_Board,3742,2023-07-14,,True,0.472,3.1,No_Preference,0.324,False,967.0
S3118,Hema Gera,2023,3,B.Tech,EE,MH_A,Chhattisgarh,Central,Eggetarian,Alternate_Days,,,Lunch_Dinner,3920,2023-07-04,,True,0.583,3.5,No_Preference,0.173,False,378.0
S3119,Ayush Dani,2023,3,B.Tech,CE,MH_A,Delhi,North,Veg,,Indifferent,,Full_Board,3857,2023-07-07,,True,0.683,3.58,North_Indian,0.166,False,1311.0
S3120,Kabir Dhar,2023,3,PhD,EE,MH_B,Haryana,North,VEG,,Indifferent,None,Lunch_Dinner,3776,08/07/2023,,True,0.78,5.0,North_Indian,0.244,False,580.0
S3121,Damyanti Dass,2023,3,B.Tech,Other,MH_A,Kerala,South,Eggetarian,Alternate_Days,,Others,Full_Board,3943,04/07/2023,,True,0.8,2.38,South_Indian,0.165,False,96.0
S3122,,2023,3,PhD,ME,MH_G,Manipur,Northeast,Veg,,Flexible,None,Full_Board,3870,2023-07-19,,True,1.126182896887757,3.29,North_Indian,0.284,True,1775.0
S3123,,2023,3,B.Tech,ME,MH_A,Madhya Pradesh,Central,Veg,,Flexible,None,Full_Board,4128,19/07/2023,,True,0.552,3.84,North_Indian,0.64,,118.0
S3124,Kalpit Brar,2023,3,B.Tech,ECE,MH_B,Maharashtra,West,Veg,,Flexible,Gluten,Full_Board,3887,2023-07-01,,True,0.708,2.29,South_Indian,0.88,,881.0
S3125,Isaac Brahmbhatt,2023,3,B.Tech,Other,MH_B,Maharashtra,West,Veg,,Strict,None,Full_Board,3500,"July 08, 2023",,True,0.683,4.31,No_Preference,0.281,,1071.0
S3126,Veda Sankar,2023,3,B.Tech,CSE,MH_G,Maharashtra,West,Veg,,Flexible,,Full_Board,3939,2023-07-19,,True,0.743,1.85,South_Indian,0.485,False,436.0
S3127,Ronith Chokshi,2023,3,M.Tech,CE,MH_A,Chhattisgarh,Central,Non_Veg,Rarely,,,Lunch_Dinner,3988,"July 12, 2023",,True,0.688,3.34,,0.411,,184.0
S3128,Yochana Bhargava,2023,3,M.Tech,CSE,MH_A,Tamil Nadu,South,Veg,,Flexible,None,Full_Board,3585,"July 06, 2023",,True,0.637,4.27,North_Indian,0.603,,1608.0
S3129,Jagat Kulkarni,2023,3,M.Tech,EE,MH_B,Tamil Nadu,South,Eggetarian,Rarely,,None,Full_Board,3738,2023-07-09,,True,0.686,2.31,North_Indian,0.496,False,209.0
S3130,Dominic Mitra,2023,3,B.Tech,ME,MH_G,Tamil Nadu,South,Non_Veg,Weekly_Once,,Gluten,Full_Board,3823,16/07/2023,,True,0.689,4.33,No_Preference,0.662,False,2013.0
S3131,Gopal Dasgupta,2023,3,M.Tech,CSE,MH_B,Kerala,South,Eggetarian,Alternate_Days,,,Full_Board,3588,2023-07-05,,True,0.422,3.61,South_Indian,0.182,,1033.0
S3132,Ryan Goyal,2023,3,M.Tech,EE,MH_G,Kerala,South,Veg,,Flexible,,Breakfast_Only,3946,18/07/2023,,True,0.868,4.61,South_Indian,0.195,True,321.0
S3133,Ayush Chana,2023,3,M.Tech,CSE,MH_G,Kerala,South,Veg,,Flexible,,Breakfast_Only,3929,2023-07-17,,True,0.647,3.36,No_Preference,0.207,,144.0
S3134,Arunima Pall,2023,3,B.Tech,ME,MH_G,Madhya Pradesh,Central,Non_Veg,Alternate_Days,,None,Lunch_Dinner,3949,15/07/2023,,True,0.933,1.53,,0.382,False,406.0
S3135,Naveen Tella,2023,3,B.Tech,CSE,MH_G,Madhya Pradesh,Central,Eggetarian,Alternate_Days,,None,Full_Board,3754,2023-07-05,,True,0.812,4.28,North_Indian,0.185,False,839.0
S3136,Yashasvi Bir,2023,3,B.Tech,CH,MH_B,Rajasthan,North,Veg,,Indifferent,,Full_Board,3967,2023-07-02,,True,0.841,2.78,Continental,0.148,True,361.0
S3137,Akshay Wadhwa,2023,3,PhD,CSE,MH_G,Kerala,South,Eggetarian,Daily,,Lactose,Breakfast_Only,3984,2023-07-08,,True,0.827,2.25,North_Indian,0.356,False,315.0
S3138,Rehaan Manda,2023,3,B.Tech,CH,MH_A,Punjab,North,Non_Veg,Daily,,Lactose,Full_Board,3661,"July 18, 2023",,True,0.723,2.38,North_Indian,0.073,False,174.0
S3139,Aayush Chaudhary,2023,3,B.Tech,ME,MH_B,Uttar Pradesh,North,Jain,,,,Lunch_Dinner,4188,"July 10, 2023",,True,0.819,3.52,Continental,0.344,True,476.0
S3140,Yamini Soman,2023,3,M.Tech,CH,MH_A,Uttar Pradesh,North,Non_Veg,Alternate_Days,,None,Full_Board,3769,11/07/2023,,True,0.785,3.63,South_Indian,0.23,True,119.0
S3141,Qasim Sarraf,2023,3,B.Tech,CE,MH_B,Punjab,North,Non_Veg,Weekly_Once,,Lactose,Full_Board,3936,2023-07-01,,True,0.846,3.07,South_Indian,0.362,False,329.0
S3142,Pratyush Pant,2023,3,B.Tech,EE,MH_B,Kerala,South,Non_Veg,Weekly_Once,,Nut,Custom,3710,2023-07-05,,True,0.713,3.04,North_Indian,0.261,False,547.0
S3143,Panini Kala,2023,3,B.Tech,CSE,MH_B,Bihar,South,Non_Veg,Alternate_Days,,,Custom,4018,2023-07-02,,True,0.887,2.9,South_Indian,0.325,,92.0
S3144,Nikita Chowdhury,2023,3,B.Tech,CE,MH_A,Karnataka,South,Non_Veg,Weekly_Once,,None,Full_Board,3500,"July 06, 2023",,True,0.551,3.17,No_Preference,0.299,True,192.0
S3145,Jatin Shukla,2023,3,B.Tech,ECE,MH_A,West Bengal,East,Non_Veg,Weekly_Once,,,Breakfast_Only,4054,2023-07-09,,True,0.729,3.87,,0.177,True,441.0
S3146,Zinal Deshpande,2023,3,B.Tech,CH,MH_A,Andhra Pradesh,South,Veg,,Indifferent,None,Full_Board,3705,18/07/2023,,True,1.0878329342646924,3.34,North_Indian,0.468,True,195.0
S3147,Jalsa Mani,2023,3,B.Tech,BT,MH_B,Uttar Pradesh,North,nonveg,Daily,,None,Full_Board,3607,14/07/2023,,True,0.929,1.72,South_Indian,0.305,False,587.0
S3148,Fitan Narang,2023,3,B.Tech,ME,MH_A,Bihar,North,Veg,,Strict,None,Full_Board,3935,2023-07-15,,True,0.76,4.08,North_Indian,0.808,,1695.0
S3149,Jack Rajan,2023,3,B.Tech,CSE,MH_B,Kerala,South,Non_Veg,Alternate_Days,,,Custom,3629,2023-07-15,,True,0.688,3.44,North_Indian,0.317,,303.0
S3150,Tanmayi Muni,2023,3,B.Tech,ECE,MH_B,Bihar,North,Veg,,Flexible,None,Full_Board,3661,"July 03, 2023",,True,0.648,3.5,North_Indian,0.438,True,109.0
S3151,Upkaar Reddy,2023,3,B.Tech,BT,MH_B,Maharashtra,West,Eggetarian,Alternate_Days,,None,Full_Board,4170,"July 13, 2023",,True,0.553,2.85,No_Preference,0.277,,271.0
S3152,Priya Gulati,2023,3,B.Tech,CH,MH_A,Bihar,North,Veg,,Strict,None,Full_Board,4118,2023-07-06,,True,0.596,2.07,,0.405,False,133.0
S3153,Vamakshi Pillai,2023,3,M.Tech,Other,MH_A,Karnataka,South,nonveg,Daily,,,Full_Board,3922,2023-07-13,,True,0.705,2.49,North_Indian,0.326,False,1250.0
S3154,Agastya Swamy,2023,3,B.Tech,CE,MH_A,Rajasthan,North,Veg,,Flexible,None,Lunch_Dinner,3834,2023-07-15,,True,0.643,3.98,North_Indian,0.652,,101.0
S3155,Meghana Sarma,2023,3,B.Tech,CSE,MH_A,Andhra Pradesh,South,Veg,,Indifferent,,Lunch_Dinner,3558,14/07/2023,,True,0.76,2.8,North_Indian,0.678,False,277.0
S3156,Jagdish Dhar,2023,3,B.Tech,ME,MH_A,Karnataka,South,Veg,,Flexible,None,Full_Board,4069,2023-07-19,,True,0.871,3.13,South_Indian,0.196,False,1141.0
S3157,Nandini Chaudry,2023,3,B.Tech,CE,MH_G,Himachal Pradesh,North,Non_Veg,Alternate_Days,,,Full_Board,3792,2023-07-10,,True,0.88,2.64,North_Indian,0.514,,150.0
S3158,Dhruv Patla,2023,3,M.Tech,BT,MH_G,Karnataka,South,Veg,,Flexible,None,Custom,3880,2023-07-16,,True,0.779,2.6,,0.508,,294.0
S3159,Hamsini Iyer,2023,3,B.Tech,CE,MH_A,Uttar Pradesh,North,Veg,,Strict,,Breakfast_Only,3759,"July 01, 2023",,True,0.688,4.43,South_Indian,0.168,False,1026.0
S3160,Jason Kaul,2023,3,M.Tech,ME,MH_B,Bihar,North,Veg,,Flexible,,Lunch_Dinner,3907,2023-07-11,,True,0.703,2.96,No_Preference,0.165,True,1145.0
S3161,Xalak Mallick,2023,3,B.Tech,EE,MH_G,Madhya Pradesh,Central,Veg,,Strict,Others,Lunch_Dinner,3797,"July 17, 2023",,True,0.562,2.62,South_Indian,0.115,False,66.0
S3162,Mugdha Parekh,2023,3,B.Tech,EE,MH_G,Tamil Nadu,South,Non_Veg,Alternate_Days,,,Breakfast_Only,3792,2023-07-17,,True,0.45,3.23,North_Indian,0.31,True,96.0
S3163,Nidhi Sundaram,2023,3,B.Tech,EE,MH_B,Himachal Pradesh,North,Eggetarian,Weekly_Once,,,Lunch_Dinner,3646,"July 06, 2023",,True,0.782,3.47,South_Indian,0.441,True,57.0
S3164,Manan Sha,2023,3,B.Tech,ME,MH_B,Rajasthan,North,Non_Veg,Weekly_Once,,None,Full_Board,3621,2023-07-04,,True,0.759,2.51,North_Indian,0.278,False,340.0
S3165,Jason Krishna,2023,3,B.Tech,ECE,MH_G,Karnataka,South,Veg,,Strict,,Full_Board,3896,2023-07-04,,True,0.559,3.62,North_Indian,0.271,False,561.0
S3166,Widisha Kashyap,2023,3,M.Tech,CE,MH_A,Maharashtra,West,Veg,,Strict,None,Lunch_Dinner,4050,2023-07-10,,True,0.574,3.9,North_Indian,0.362,False,343.0
S3167,Ayushman Chaudhary,2023,3,B.Tech,CE,MH_G,Bihar,North,Veg,,Strict,Gluten,Breakfast_Only,4054,16/07/2023,,True,0.883,3.4,South_Indian,0.252,,609.0
S3168,Ekansh Tara,2023,3,B.Tech,EE,MH_A,Rajasthan,North,Veg,,Flexible,Lactose,Lunch_Dinner,3882,2023-07-06,,True,0.637,3.44,North_Indian,0.444,,1179.0
S3169,Praneel Raja,2023,3,B.Tech,ECE,MH_B,Jharkhand,East,Eggetarian,Weekly_Once,,,Breakfast_Only,3922,2023-07-12,,True,0.768,2.09,No_Preference,0.408,False,216.0
S3170,Michael Mitter,2023,3,B.Tech,ECE,MH_B,Maharashtra,West,Veg,,Flexible,None,Full_Board,3955,13/07/2023,,True,0.708,3.08,North_Indian,0.221,,107.0
S3171,Faraj Venkatesh,2023,3,PhD,CE,MH_B,Chhattisgarh,Central,Veg,,Flexible,None,Full_Board,3704,2023-07-19,,True,0.734,3.42,South_Indian,0.147,,425.0
S3172,Unnati Jaggi,2023,3,B.Tech,ME,MH_G,Tamil Nadu,South,Veg,,Flexible,None,Full_Board,3521,2023-07-01,,True,0.702,2.95,South_Indian,0.064,False,1956.0
S3173,Widisha Swaminathan,2023,3,B.Tech,CH,MH_A,Himachal Pradesh,North,Veg,,Strict,,Lunch_Dinner,3847,"July 04, 2023",,True,0.774,1.95,,0.18,False,738.0
S3174,Hemal Zachariah,2023,3,B.Tech,CE,MH_A,Uttar Pradesh,North,Veg,,Strict,None,Full_Board,4167,2023-07-18,,True,0.788,3.15,South_Indian,0.396,False,499.0
S3175,Azad Sani,2023,3,PhD,Other,MH_A,Karnataka,South,Veg,,Strict,,Full_Board,3856,2023-07-15,,True,0.702,4.16,,0.358,False,200.0
S3176,Leela Sengupta,2023,3,B.Tech,CE,MH_G,Bihar,North,Veg,,Indifferent,,Full_Board,4269,2023-07-17,,True,0.752,4.05,North_Indian,0.221,True,1843.0
S3177,Krisha Savant,2023,3,B.Tech,CE,MH_B,Tamil Nadu,South,Non_Veg,Weekly_Once,,Gluten,Custom,4219,2023-07-12,,True,0.981,2.26,South_Indian,0.57,,359.0
S3178,Balendra Bali,2023,3,B.Tech,CSE,MH_A,Bihar,North,Veg,,Flexible,Nut,Full_Board,3745,2023-07-18,,True,0.731,3.34,South_Indian,0.149,,327.0
S3179,Chavvi Gala,2023,3,PhD,EE,MH_A,Tamil Nadu,South,Veg,,Indifferent,None,Lunch_Dinner,3810,2023-07-03,,True,0.861,2.26,South_Indian,0.608,False,1710.0
S3180,Raagini Desai,2023,3,B.Tech,CH,MH_G,Jammu & Kashmir,North,Veg,,Flexible,,Full_Board,4195,2023-07-10,,True,0.585,1.9,No_Preference,0.05,True,686.0
S3181,Lopa Sura,2023,3,B.Tech,CE,MH_G,West Bengal,East,Veg,,Strict,,Full_Board,3944,2023-07-01,,True,0.707,4.15,South_Indian,0.43,True,306.0
S3182,Vritti Zacharia,2023,3,M.Tech,EE,MH_B,Rajasthan,North,Veg,,Flexible,,Full_Board,3517,"July 04, 2023",,True,0.997,2.49,,0.644,,657.0
S3183,Vamakshi Dugar,2023,3,B.Tech,CE,MH_A,Rajasthan,North,Veg,,Flexible,,Full_Board,4008,2023-07-17,,True,0.501,4.04,South_Indian,0.289,False,89.0
S3184,Mahika Lall,2023,3,M.Tech,CSE,MH_B,West Bengal,East,Veg,,Strict,None,Full_Board,3500,2023-07-06,,True,0.751,2.66,South_Indian,0.551,True,1475.0
S3185,Krishna Pandit,2023,3,B.Tech,CE,MH_A,Bihar,North,pure-veg,,Strict,None,Lunch_Dinner,4107,2023-07-05,,True,0.67,3.53,,0.206,,1161.0
S3186,Ekani Bhat,2023,3,B.Tech,CH,MH_B,Tamil Nadu,South,Non_Veg,Daily,,,Lunch_Dinner,4134,2023-07-03,,True,0.668,2.47,North_Indian,0.306,True,1745.0
S3187,Chakradev Dave,2023,3,B.Tech,CSE,MH_A,Delhi,East,Eggetarian,Weekly_Once,,,Full_Board,3841,"July 07, 2023",,True,0.785,3.4,South_Indian,0.398,False,1175.0
S3188,Ikshita Bala,2023,3,M.Tech,BT,MH_B,Rajasthan,North,Veg,,Strict,None,Lunch_Dinner,3696,2023-07-04,,True,0.737,4.13,,0.518,False,1302.0
S3189,Lajita Chatterjee,2023,3,M.Tech,ME,MH_A,Uttarakhand,North,Veg,,Indifferent,,Lunch_Dinner,3837,2023-07-17,,True,0.847,2.18,,0.383,True,1727.0
S3190,Hemani Parikh,2023,3,B.Tech,CH,MH_B,Meghalaya,Northeast,Non_Veg,Daily,,None,Full_Board,3990,2023-07-01,,True,0.62,4.52,North_Indian,0.788,,114.0
S3191,Indali Bhalla,2023,3,B.Tech,ECE,MH_G,Bihar,North,Veg,,Strict,,Lunch_Dinner,3877,2023-07-09,,True,0.865,2.85,North_Indian,0.39,False,331.0
S3192,Yug Keer,2023,3,B.Tech,ECE,MH_G,Tamil Nadu,South,Non_Veg,Alternate_Days,,,Full_Board,3917,2023-07-12,,True,0.635,1.11,,0.359,False,132.0
S3193,Frado Bhatti,2023,3,B.Tech,BT,MH_A,Kerala,South,Eggetarian,Daily,,None,Lunch_Dinner,3869,2023-07-14,,True,0.778,4.57,North_Indian,0.639,True,583.0
S3194,Ishwar Nazareth,2023,3,B.Tech,CH,MH_G,Telangana,South,Veg,,Strict,,Custom,4068,2023-07-16,,True,0.625,3.46,North_Indian,0.643,False,581.0
S3195,Anmol Yohannan,2023,3,B.Tech,Other,MH_B,Madhya Pradesh,Central,Veg,,Indifferent,,Full_Board,3979,2023-07-08,,True,0.634,2.17,South_Indian,0.202,False,406.0
S3196,Baljiwan Sharma,2023,3,B.Tech,ECE,MH_G,Bihar,North,Veg,,Indifferent,,Full_Board,3940,2023-07-15,,True,0.728,2.74,No_Preference,0.492,,1401.0
S3197,Yutika Sama,2023,3,B.Tech,CH,MH_B,Karnataka,South,Veg,,Strict,None,Breakfast_Only,3657,"July 13, 2023",,True,0.599,3.39,No_Preference,0.429,True,630.0
S3198,Anmol Singh,2023,3,B.Tech,EE,MH_A,Jharkhand,East,Veg,,Indifferent,None,Full_Board,3909,2023-07-09,,True,0.69,2.63,North_Indian,0.707,False,65.0
S3199,Edhitha Purohit,2023,3,PhD,ME,MH_B,West Bengal,East,Non_Veg,Daily,,,Lunch_Dinner,3885,2023-07-07,,True,0.69,2.09,,0.562,False,916.0
S3200,Ekantika Chaudhari,2023,3,B.Tech,CSE,MH_B,Karnataka,South,Pure Veg,,Strict,,Full_Board,3665,03/07/2023,,True,0.747,3.0,North_Indian,0.41,False,666.0
S3201,Harish Jha,2023,3,B.Tech,ECE,MH_B,Tripura,Northeast,Eggetarian,Daily,,,Lunch_Dinner,3945,2023-07-10,,True,0.739,4.27,,0.298,False,968.0
S3202,Watika Thakkar,2023,3,B.Tech,BT,MH_A,Himachal Pradesh,North,Veg,,Strict,None,Breakfast_Only,4095,02/07/2023,,True,0.663,1.54,North_Indian,0.675,True,566.0
S3203,Ojas Mistry,2023,3,B.Tech,ECE,MH_G,Karnataka,South,Veg,,Indifferent,None,Breakfast_Only,3914,2023-07-17,,True,0.664,3.58,South_Indian,0.742,False,62.0
S3204,Rajata Jaggi,2023,3,B.Tech,CH,MH_B,Bihar,North,Veg,,Flexible,,Breakfast_Only,4099,"July 05, 2023",,True,1.1315134415625585,4.68,,0.57,,721.0
S3205,Faqid Wason,2023,3,B.Tech,ECE,MH_B,Telangana,South,Veg,,Flexible,None,Full_Board,4045,04/07/2023,,True,0.671,2.41,South_Indian,0.05,False,824.0
S3206,Bhavna Lanka,2023,3,M.Tech,ME,MH_G,Rajasthan,North,Veg,,Strict,None,Full_Board,3682,2023-07-11,,True,0.651,1.8,,0.404,False,284.0
S3207,Chameli Ratti,2023,3,M.Tech,ECE,MH_B,Andhra Pradesh,South,Veg,,Flexible,None,Full_Board,3770,09/07/2023,,True,0.633,4.19,,0.867,False,83.0
S3208,George Chandran,2023,3,B.Tech,BT,MH_G,West Bengal,East,Veg,,Strict,,Full_Board,3536,2023-07-05,,True,0.796,3.9,,0.351,False,328.0
S3209,Anjali Bhavsar,2023,3,B.Tech,EE,MH_A,Tamil Nadu,South,Non_Veg,Daily,,None,Breakfast_Only,3549,2023-07-12,,True,1.220598408697125,3.66,South_Indian,0.131,False,59.0
S3210,Prisha Kadakia,2023,3,B.Tech,ECE,MH_A,Tamil Nadu,South,Jain,,,None,Lunch_Dinner,3975,2023-07-16,,True,0.84,2.18,North_Indian,0.098,False,729.0
S3211,Faraj Mittal,2023,3,B.Tech,ECE,MH_A,Uttar Pradesh,North,Veg,,Flexible,None,Breakfast_Only,3884,2023-07-03,,True,0.635,5.0,No_Preference,0.832,False,238.0
S3212,Rachita Zacharia,2023,3,B.Tech,ME,MH_G,Uttarakhand,North,Veg,,Indifferent,None,Full_Board,3500,11/07/2023,,True,0.558,3.75,North_Indian,0.626,,494.0
S3213,Ryan Sachdeva,2023,3,M.Tech,CSE,MH_A,Andhra Pradesh,South,Veg,,Strict,Lactose,Full_Board,4000,2023-07-11,,True,0.616,3.27,North_Indian,0.355,True,677.0
S3214,Zayan Varma,2023,3,B.Tech,ME,MH_A,Bihar,North,Non_Veg,Weekly_Once,,None,Lunch_Dinner,3645,2023-07-06,,True,1.0,2.85,No_Preference,0.353,False,704.0
S3215,Pranit Bahl,2023,3,B.Tech,CSE,MH_B,Bihar,North,Non_Veg,Daily,,None,Full_Board,3757,2023-07-15,,True,0.629,4.82,North_Indian,0.53,False,166.0
S3216,Xalak Kala,2023,3,B.Tech,CE,MH_G,Gujarat,West,Veg,,Indifferent,Gluten,Full_Board,3533,2023-07-04,,True,0.681,2.54,South_Indian,0.261,True,228.0
S3217,Amrita Walia,2023,3,B.Tech,CSE,MH_B,Bihar,North,pure-veg,,Strict,None,Full_Board,3739,16/07/2023,,True,0.777,2.18,No_Preference,0.832,False,2065.0
S3218,Darpan Vig,2023,3,B.Tech,CE,MH_A,Gujarat,West,Veg,,Strict,None,Full_Board,4001,2023-07-02,,True,0.699,2.5,North_Indian,0.395,,429.0
S3219,Janya Shere,2023,3,B.Tech,EE,MH_A,Chhattisgarh,Central,Veg,,Strict,,Full_Board,3952,2023-07-02,,True,0.561,2.1,South_Indian,0.565,,372.0
S3220,Wridesh Dora,2023,3,PhD,ME,MH_B,Mizoram,Northeast,pure-veg,,Flexible,Lactose,Lunch_Dinner,4003,2023-07-18,,True,0.62,2.91,South_Indian,0.622,False,124.0
S3221,Radhika Roy,2023,3,M.Tech,BT,MH_A,Himachal Pradesh,North,Veg,,Flexible,None,Full_Board,3937,13/07/2023,,True,0.745,3.73,No_Preference,0.199,,991.0
S3222,Devansh Jani,2023,3,M.Tech,CSE,MH_A,West Bengal,South,Non_Veg,Weekly_Once,,None,Full_Board,3988,2023-07-08,,True,0.653,2.9,North_Indian,0.648,True,123.0
S3223,Amara Mangat,2023,3,M.Tech,ME,MH_G,Gujarat,West,Veg,,Strict,None,Full_Board,3774,2023-07-12,,True,0.626,3.76,North_Indian,0.544,True,1293.0
S3224,Aahana Keer,2023,3,B.Tech,CSE,MH_B,Uttarakhand,North,Veg,,Flexible,,Custom,3968,2023-07-11,,True,0.877,2.73,South_Indian,0.244,,734.0
S3225,William Comar,2023,3,B.Tech,CE,MH_B,Madhya Pradesh,Central,Jain,,,None,Breakfast_Only,4240,2023-07-17,,True,0.664,4.32,South_Indian,0.188,True,552.0
S3226,Rehaan Bala,2023,3,B.Tech,ME,MH_B,Uttar Pradesh,North,Veg,,Strict,,Full_Board,3586,12/07/2023,,True,0.623,3.59,South_Indian,0.796,False,85.0
S3227,Dayita Shetty,2023,3,B.Tech,EE,MH_G,Maharashtra,West,Veg,,Strict,None,Lunch_Dinner,4122,2023-07-08,,True,0.689,2.95,North_Indian,0.141,False,73.0
S3228,Rajata Sami,2023,3,B.Tech,Other,MH_B,Karnataka,South,Non_Veg,Alternate_Days,,None,Full_Board,3992,04/07/2023,,True,0.567,2.99,,0.419,True,479.0
S3229,Saksham Dutta,2023,3,PhD,CSE,MH_A,Uttar Pradesh,North,Non_Veg,Weekly_Once,,None,Full_Board,3752,03/07/2023,,True,0.602,3.05,,0.465,,636.0
S3230,Laban Balakrishnan,2023,3,B.Tech,ME,MH_G,Rajasthan,North,Jain,,,,Full_Board,3833,2023-07-07,,True,0.431,3.93,North_Indian,0.513,False,98.0
S3231,Arunima Goda,2023,3,B.Tech,ECE,MH_B,Karnataka,South,Veg,,Flexible,,Full_Board,3899,11/07/2023,,True,0.725,3.66,,0.459,,2540.0
S3232,Vedika Bahri,2023,3,B.Tech,CE,MH_A,Maharashtra,West,Veg,,Flexible,,Full_Board,4122,"July 19, 2023",,True,0.769,3.33,North_Indian,0.612,True,1305.0
S3233,Fiyaz Murthy,2023,3,M.Tech,BT,MH_A,Goa,West,Non_Veg,Alternate_Days,,None,Full_Board,3873,07/07/2023,,True,0.672,4.32,,0.267,False,473.0
S3234,Devansh Ray,2023,3,B.Tech,ECE,MH_G,Andhra Pradesh,South,Veg,,Indifferent,,Full_Board,4059,2023-07-10,,True,0.669,2.48,North_Indian,0.692,,337.0
S3235,Gautam Ranganathan,2023,3,PhD,CH,MH_A,Rajasthan,North,Veg,,Flexible,None,Lunch_Dinner,3764,08/07/2023,,True,0.717,3.36,North_Indian,0.34,True,946.0
S3236,Warinder Choudhury,2023,3,B.Tech,CE,MH_G,Maharashtra,West,Veg,,Flexible,None,Full_Board,3767,"July 18, 2023",,True,0.847,2.87,No_Preference,0.649,False,659.0
S3237,Zayan Taneja,2023,3,PhD,EE,MH_B,Uttar Pradesh,North,Non_Veg,Weekly_Once,,None,Lunch_Dinner,3992,11/07/2023,,True,0.712,3.67,North_Indian,0.549,,127.0
S3238,Wazir Das,2023,3,B.Tech,ECE,MH_B,Haryana,North,Veg,,Strict,None,Custom,3900,10/07/2023,,True,0.744,2.89,North_Indian,0.332,False,165.0
S3239,Forum Ramakrishnan,2023,3,B.Tech,CH,MH_G,Karnataka,South,Non_Veg,Weekly_Once,,,Full_Board,3902,2023-07-06,,True,0.701,3.0,North_Indian,0.124,,233.0
S3240,Pallavi Kamdar,2023,3,B.Tech,EE,MH_B,Jammu & Kashmir,North,Non-Veg,Daily,,None,Lunch_Dinner,4272,13/07/2023,,True,0.891,3.62,North_Indian,0.087,,306.0
S3241,Hredhaan Gill,2023,3,B.Tech,CSE,MH_G,Rajasthan,North,Eggetarian,Alternate_Days,,,Lunch_Dinner,3959,2023-07-16,,True,0.905,2.84,South_Indian,0.417,True,1646.0
S3242,Anvi Sarraf,2023,3,B.Tech,EE,MH_B,Karnataka,South,Vegan,,,None,Full_Board,4416,2023-07-11,,True,0.641,3.42,South_Indian,0.799,False,1603.0
S3243,Aachal Bhalla,2023,3,B.Tech,BT,MH_B,Tamil Nadu,South,Non_Veg,Daily,,None,Lunch_Dinner,4192,"July 09, 2023",,True,0.859,2.68,,0.337,False,728.0
S3244,Kavya Chowdhury,2023,3,B.Tech,Other,MH_B,Uttar Pradesh,North,Veg,,Strict,None,Full_Board,4033,2023-07-02,,True,0.717,2.05,North_Indian,0.35,,511.0
S3245,Pallavi Soman,2023,3,M.Tech,ME,MH_G,West Bengal,East,Non_Veg,Rarely,,,Lunch_Dinner,4109,2023-07-17,,True,0.578,3.8,South_Indian,0.404,False,122.0
S3246,Arunima Dhillon,2023,3,B.Tech,BT,MH_A,Rajasthan,North,VEG,,Indifferent,None,Custom,4137,2023-07-17,,True,0.702,1.79,,0.292,True,1433.0
S3247,Vaishnavi Pillai,2023,3,B.Tech,ME,MH_A,Uttarakhand,North,Veg,,Flexible,None,Lunch_Dinner,3887,2023-07-02,,True,0.66,2.08,North_Indian,0.392,False,2154.0
S3248,Ansh Banerjee,2023,3,B.Tech,Other,MH_G,Andhra Pradesh,South,Veg,,Flexible,None,Breakfast_Only,3759,2023-07-01,,True,0.583,3.18,South_Indian,0.296,False,1447.0
S3249,Wriddhish Kulkarni,2023,3,B.Tech,ME,MH_A,Uttar Pradesh,North,Veg,,Strict,None,Lunch_Dinner,3500,2023-07-02,,True,0.61,2.92,North_Indian,0.116,False,252.0
S3250,,2023,3,B.Tech,CE,MH_B,Madhya Pradesh,Central,Non_Veg,Rarely,,,Custom,4123,08/07/2023,,True,0.776,3.54,No_Preference,0.717,False,1122.0
S3251,Dayamai Patil,2023,3,B.Tech,CH,MH_A,Rajasthan,North,Eggetarian,Weekly_Once,,Nut,Full_Board,4099,2023-07-14,,True,0.766,3.87,No_Preference,0.484,,312.0
S3252,Warjas Savant,2023,3,B.Tech,ECE,MH_A,Odisha,East,Non_Veg,Rarely,,,Breakfast_Only,4171,2023-07-15,,True,0.79,2.6,North_Indian,0.278,,832.0
S3253,Abhiram Ramaswamy,2023,3,M.Tech,ECE,MH_A,Gujarat,West,Veg,,Flexible,None,Custom,3975,13/07/2023,,True,0.539,2.26,No_Preference,0.405,False,329.0
S3254,Charvi Chana,2023,3,B.Tech,EE,MH_A,Haryana,North,Veg,,Strict,,Lunch_Dinner,3656,2023-07-10,,True,0.794,3.64,North_Indian,0.091,True,3000.0
S3255,Chameli Kade,2023,3,B.Tech,EE,MH_G,Jharkhand,East,Non_Veg,Alternate_Days,,Others,Breakfast_Only,3922,2023-07-12,,True,0.922,2.75,North_Indian,0.187,,597.0
S3256,Reva Nadig,2023,3,B.Tech,ME,MH_B,Tamil Nadu,South,Non_Veg,Rarely,,None,Full_Board,4106,2023-07-06,,True,1.1143605617301082,2.66,North_Indian,0.594,False,162.0
S3257,Bahadurjit Mahal,2023,3,B.Tech,CSE,MH_A,Odisha,East,Veg,,Flexible,None,Breakfast_Only,3990,2023-07-02,,True,0.674,3.61,North_Indian,0.219,True,293.0
S3258,Vyanjana Sinha,2023,3,M.Tech,BT,MH_G,Bihar,North,Veg,,Indifferent,None,Lunch_Dinner,3707,01/07/2023,,True,0.642,4.43,,0.418,False,237.0
S3259,Gaurangi Sami,2023,3,M.Tech,CE,MH_B,Rajasthan,North,Veg,,Strict,None,Custom,3928,2023-07-14,,True,0.651,2.86,North_Indian,0.298,False,105.0
S3260,Naveen Lal,2023,3,PhD,CE,MH_B,Rajasthan,North,Veg,,Strict,None,Full_Board,3895,02/07/2023,,True,0.906,3.42,North_Indian,0.546,False,92.0
S3261,Indira Salvi,2023,3,B.Tech,ECE,MH_B,Bihar,North,Veg,,Flexible,,Full_Board,3867,2023-07-08,,True,0.703,4.3,,0.277,False,1134.0
S3262,Sudiksha Bala,2023,3,B.Tech,ECE,MH_A,Bihar,North,Veg,,Indifferent,None,Full_Board,3673,18/07/2023,,True,0.854,4.14,,0.2,,297.0
S3263,Qarin Sawhney,2023,3,B.Tech,ECE,MH_B,West Bengal,East,Eggetarian,Alternate_Days,,None,Full_Board,3730,18/07/2023,,True,0.731,2.71,North_Indian,0.452,True,224.0
S3264,Aarush Rattan,2023,3,B.Tech,CSE,MH_B,Maharashtra,West,Non_Veg,Alternate_Days,,None,Full_Board,3692,2023-07-10,,True,0.737,3.66,South_Indian,0.257,False,264.0
S3265,Dalaja Murthy,2023,3,M.Tech,CSE,MH_B,Tamil Nadu,South,Veg,,Strict,Lactose,Lunch_Dinner,3771,2023-07-09,,True,1.2309921020558259,2.98,North_Indian,0.448,False,2031.0
S3266,Indrajit Dugar,2023,3,B.Tech,CSE,MH_A,Uttar Pradesh,North,Veg,,Strict,,Full_Board,3873,2023-07-03,,True,0.628,2.89,South_Indian,0.319,False,187.0
S3267,Zaitra De,2023,3,B.Tech,CE,MH_G,Maharashtra,West,Veg,,Strict,None,Full_Board,3602,2023-07-09,,True,0.747,3.23,South_Indian,0.661,False,51.0
S3268,Ekaja Seth,2023,3,B.Tech,CSE,MH_A,Bihar,North,Veg,,Strict,,Breakfast_Only,3999,2023-07-03,,True,0.57,3.4,,0.249,False,247.0
S3269,Kiaan Lad,2023,3,B.Tech,ECE,MH_B,Rajasthan,North,Veg,,Strict,None,Custom,3964,2023-07-06,,True,0.63,3.4,,0.51,True,1496.0
S3270,Falak Manda,2023,3,PhD,Other,MH_G,Tamil Nadu,South,Non_Veg,Alternate_Days,,,Full_Board,3744,"July 12, 2023",,True,0.766,2.87,No_Preference,0.274,,653.0
S3271,Frado Sachdeva,2023,3,B.Tech,Other,MH_G,Madhya Pradesh,Central,Veg,,Strict,None,Full_Board,3500,2023-07-15,,True,0.694,2.75,No_Preference,0.569,False,410.0
S3272,Qabil Ramaswamy,2023,3,B.Tech,CE,MH_G,Telangana,South,Veg,,Strict,None,Full_Board,3988,16/07/2023,,True,0.872,2.58,,0.192,False,707.0
S3273,Udarsh Bail,2023,3,PhD,CSE,MH_A,Maharashtra,West,NV,Weekly_Once,,,Full_Board,4617,"July 15, 2023",,True,0.676,3.1,South_Indian,0.369,False,805.0
S3274,Veer Chakraborty,2023,3,B.Tech,ECE,MH_B,Kerala,South,Non_Veg,Alternate_Days,,None,Full_Board,4051,2023-07-04,,True,0.675,3.32,South_Indian,0.224,True,215.0
S3275,Rushil Lala,2023,3,B.Tech,CE,MH_A,Punjab,North,Veg,,Flexible,,Breakfast_Only,3775,08/07/2023,,True,0.468,3.37,North_Indian,0.223,True,1051.0
S3276,Chandran Rattan,2023,3,M.Tech,Other,MH_A,Madhya Pradesh,Central,Non_Veg,Rarely,,None,Full_Board,3742,"July 15, 2023",,True,0.759,4.54,South_Indian,0.302,False,241.0
S3277,Abha Dixit,2023,3,M.Tech,CH,MH_B,Kerala,South,Veg,,Indifferent,None,Full_Board,3886,2023-07-15,,True,0.667,5.0,,0.4,,105.0
S3278,Jhalak Garde,2023,3,B.Tech,ME,MH_G,Uttar Pradesh,North,Eggetarian,Weekly_Once,,None,Full_Board,4000,2023-07-01,,True,0.771,2.42,No_Preference,0.446,,138.0
S3279,Akshay Vora,2023,3,B.Tech,EE,MH_G,Maharashtra,West,Veg,,Indifferent,,Lunch_Dinner,3760,2023-07-18,,True,0.723,2.74,South_Indian,0.689,True,457.0
S3280,Sudiksha Talwar,2023,3,B.Tech,CH,MH_A,Madhya Pradesh,Central,Veg,,Strict,None,Breakfast_Only,3584,2023-07-03,,True,0.749,2.96,North_Indian,0.612,False,138.0
S3281,Udarsh Jani,2023,3,B.Tech,ECE,MH_B,Assam,Northeast,Non_Veg,Weekly_Once,,None,Lunch_Dinner,3743,2023-07-13,,True,0.793,4.51,No_Preference,0.554,False,1051.0
S3282,Amaira Mani,2023,3,M.Tech,ECE,MH_A,West Bengal,East,Non_Veg,Weekly_Once,,None,Full_Board,3671,2023-07-05,,True,0.61,3.2,South_Indian,0.735,True,1202.0
S3283,Lavanya De,2023,3,M.Tech,ECE,MH_A,Maharashtra,West,Vegan,,,None,Full_Board,3822,2023-07-06,,True,0.786,1.94,,0.282,False,460.0
S3284,Samuel Kale,2023,3,B.Tech,CE,MH_G,Tamil Nadu,South,Non_Veg,Daily,,None,Full_Board,3899,2023-07-09,,True,0.655,3.4,North_Indian,0.246,,780.0
S3285,Ranbir Sahota,2023,3,B.Tech,CE,MH_A,Haryana,North,Veg,,Flexible,None,Lunch_Dinner,3611,"July 11, 2023",,True,0.726,3.41,North_Indian,0.236,False,207.0
S3286,Nilima Dhingra,2023,3,M.Tech,ME,MH_B,Uttar Pradesh,North,Non_Veg,Daily,,,Breakfast_Only,3500,2023-07-01,,True,0.648,2.99,North_Indian,0.338,False,225.0
S3287,Bina Lala,2023,3,M.Tech,CSE,MH_A,Haryana,North,veg,,Strict,,Lunch_Dinner,3960,2023-07-13,,True,0.797,2.95,North_Indian,0.784,False,810.0
S3288,Shravya Kothari,2023,3,B.Tech,ECE,MH_A,Maharashtra,West,Veg,,Strict,Gluten,Full_Board,3945,2023-07-14,,True,0.861,2.88,North_Indian,0.107,,117.0
S3289,Tara Chada,2023,3,B.Tech,CSE,MH_B,Jammu & Kashmir,North,Non_Veg,Alternate_Days,,None,Lunch_Dinner,3745,2023-07-19,,True,0.695,2.81,No_Preference,0.579,,1941.0
S3290,Upasna Deol,2023,3,B.Tech,CSE,MH_A,Delhi,North,Veg,,Strict,None,Full_Board,3967,2023-07-11,,True,0.39,4.11,North_Indian,0.521,False,1081.0
S3291,Mitali Kala,2023,3,B.Tech,CE,MH_A,Nagaland,Northeast,Non_Veg,Weekly_Once,,None,Full_Board,3646,2023-07-09,,True,0.707,1.66,,0.239,True,1321.0
S3292,Pallavi Kunda,2023,3,B.Tech,CSE,MH_A,Bihar,North,Eggetarian,Rarely,,Lactose,Full_Board,4038,2023-07-01,,True,0.792,3.2,North_Indian,0.275,True,218.0
S3293,Girish Bhargava,2023,3,PhD,CH,MH_B,Himachal Pradesh,North,Non_Veg,Alternate_Days,,,Full_Board,3879,01/07/2023,,True,0.812,2.51,No_Preference,0.414,False,172.0
S3294,Gaurangi Keer,2023,3,PhD,ME,MH_G,Uttar Pradesh,North,Veg,,Flexible,,Breakfast_Only,3763,2023-07-18,,True,0.58,3.01,South_Indian,0.133,False,1718.0
S3295,Irya Bath,2023,3,B.Tech,ME,MH_B,Karnataka,South,Veg,,Strict,,Full_Board,3933,2023-07-17,,True,0.51,3.01,North_Indian,0.568,,415.0
S3296,Zehaan Thaman,2023,3,B.Tech,ECE,MH_A,Gujarat,West,Veg,,Indifferent,None,Lunch_Dinner,3700,2023-07-02,,True,0.583,3.92,North_Indian,0.576,True,256.0
S3297,Chasmum Rana,2023,3,M.Tech,ECE,MH_B,Maharashtra,North,Veg,,Strict,,Full_Board,4281,2023-07-05,,True,0.711,4.02,North_Indian,0.217,,2049.0
S3298,Kevin Barman,2023,3,B.Tech,ECE,MH_A,Bihar,North,Eggetarian,Alternate_Days,,None,Custom,3647,04/07/2023,,True,0.699,1.26,South_Indian,0.591,False,126.0
S3299,,2023,3,PhD,CSE,MH_B,Gujarat,West,Veg,,Indifferent,Lactose,Lunch_Dinner,3578,2023-07-04,,True,0.769,2.22,No_Preference,0.351,,948.0
S3300,Abha Gara,2023,3,B.Tech,CSE,MH_A,Andhra Pradesh,South,Veg,,Strict,None,Full_Board,3982,18/07/2023,,True,0.491,3.22,South_Indian,0.322,False,403.0
S3301,Harinakshi Sidhu,2023,3,M.Tech,Other,MH_B,Maharashtra,West,Veg,,Flexible,None,Lunch_Dinner,4147,2023-07-06,,True,0.66,2.74,South_Indian,0.317,True,1872.0
S3302,Gaurav Nadig,2023,3,B.Tech,CE,MH_A,Kerala,South,Non_Veg,Weekly_Once,,None,Full_Board,3633,2023-07-14,,True,1.1031389396297813,3.63,Continental,0.128,False,88.0
S3303,Lucky Lad,2023,3,B.Tech,CE,MH_B,Haryana,North,Non_Veg,Weekly_Once,,,Custom,4025,2023-07-04,,True,0.645,4.59,,0.599,False,539.0
S3304,Dhriti Basu,2023,3,M.Tech,ME,MH_A,Madhya Pradesh,Central,Veg,,Strict,,Full_Board,3706,2023-07-16,,True,0.809,3.36,,0.384,,672.0
S3305,Xalak Mand,2023,3,B.Tech,CE,MH_G,Maharashtra,West,Veg,,Strict,None,Lunch_Dinner,3551,"July 10, 2023",,True,0.667,4.07,South_Indian,0.233,True,938.0
S3306,Qushi Mandal,2023,3,B.Tech,CH,MH_G,Kerala,South,Non_Veg,Weekly_Once,,,Custom,3918,2023-07-16,,True,0.67,3.45,No_Preference,0.409,False,1189.0
S3307,Aishani Varughese,2023,3,PhD,CE,MH_A,Manipur,Northeast,Veg,,Flexible,None,Full_Board,4006,"July 02, 2023",,True,0.695,2.62,North_Indian,0.818,False,918.0
S3308,Rajata Gala,2023,3,B.Tech,CE,MH_A,Tamil Nadu,South,Eggetarian,Alternate_Days,,None,Full_Board,4129,2023-07-07,,True,0.899,2.8,,0.291,True,616.0
S3309,Vyanjana Dora,2023,3,B.Tech,CSE,MH_B,Goa,West,Non_Veg,Weekly_Once,,,Full_Board,3953,2023-07-10,,True,0.654,2.13,North_Indian,0.692,True,1064.0
S3310,Chatresh Gulati,2023,3,B.Tech,ME,MH_A,Himachal Pradesh,North,Non_Veg,Alternate_Days,,Others,Lunch_Dinner,4123,17/07/2023,,True,0.755,1.75,Continental,0.106,False,1055.0
S3311,,2023,3,M.Tech,ECE,MH_A,Tamil Nadu,South,Non_Veg,Daily,,,Breakfast_Only,3941,2023-07-05,,True,0.647,3.48,No_Preference,0.532,,769.0
S3312,Chatura Karpe,2023,3,B.Tech,ECE,MH_A,Odisha,East,Non_Veg,Rarely,,,Full_Board,3883,"July 17, 2023",,True,0.679,2.72,South_Indian,0.489,True,131.0
S3313,Balendra Singhal,2023,3,B.Tech,CH,MH_B,Maharashtra,West,Veg,,Indifferent,None,Full_Board,3500,04/07/2023,,True,0.761,2.47,Continental,0.386,,439.0
S3314,Nihal Sibal,2023,3,B.Tech,CSE,MH_B,Chhattisgarh,Central,Non_Veg,Alternate_Days,,None,Full_Board,3944,2023-07-01,,True,0.693,3.52,South_Indian,0.264,,2307.0
S3315,Jack Talwar,2023,3,B.Tech,CSE,MH_B,Chhattisgarh,Central,Veg,,Flexible,None,Lunch_Dinner,3597,"July 12, 2023",,True,0.849,3.94,No_Preference,0.356,False,995.0
S3316,Riya Parikh,2023,3,M.Tech,BT,MH_A,Karnataka,South,Non_Veg,Weekly_Once,,None,Lunch_Dinner,3722,17/07/2023,,True,0.572,3.48,North_Indian,0.468,,70.0
S3317,Tanvi Tailor,2023,3,M.Tech,ME,MH_G,Rajasthan,North,Veg,,Flexible,None,Full_Board,3698,19/07/2023,,True,0.62,2.96,,0.593,False,875.0
S3318,Manbir Dasgupta,2023,3,M.Tech,CE,MH_A,Bihar,North,Veg,,Flexible,None,Breakfast_Only,3677,"July 05, 2023",,True,0.648,2.48,South_Indian,0.303,True,1060.0
S3319,Girik Jani,2023,3,B.Tech,CSE,MH_A,Telangana,South,Veg,,Flexible,,Full_Board,3908,"July 02, 2023",,True,0.63,3.17,Continental,0.094,False,157.0
S3320,Pranit Ganguly,2023,3,M.Tech,CSE,MH_B,Rajasthan,North,Veg,,Strict,None,Lunch_Dinner,3715,2023-07-12,,True,0.58,3.25,South_Indian,0.2,,361.0
S3321,Simon Agrawal,2023,3,B.Tech,ME,MH_B,Bihar,North,Non_Veg,Alternate_Days,,,Full_Board,3655,"July 02, 2023",,True,0.77,3.38,South_Indian,0.209,,223.0
S3322,Omaja Bose,2023,3,M.Tech,EE,MH_A,Haryana,North,Veg,,Indifferent,None,Custom,3928,2023-07-13,,True,0.759,2.37,North_Indian,0.782,False,585.0
S3323,,2023,3,B.Tech,ME,MH_B,Bihar,North,Veg,,Strict,,Full_Board,3620,"July 09, 2023",,True,0.68,3.72,Continental,0.83,False,1184.0
S3324,Wishi Chandra,2023,3,B.Tech,CSE,MH_G,Jharkhand,East,Non_Veg,Alternate_Days,,Gluten,Full_Board,3825,2023-07-19,,True,0.559,3.04,South_Indian,0.296,,184.0
S3325,Atharv Mane,2023,3,B.Tech,CSE,MH_B,Karnataka,South,Veg,,Indifferent,,Lunch_Dinner,4002,2023-07-14,,True,0.799,3.69,North_Indian,0.4,False,82.0
S3326,Meera Prakash,2023,3,B.Tech,ME,MH_B,Maharashtra,West,Veg,,Flexible,Nut,Lunch_Dinner,4117,"July 14, 2023",,True,0.677,3.67,South_Indian,0.533,False,87.0
S3327,Ekiya Dube,2023,3,B.Tech,ECE,MH_B,Rajasthan,North,Veg,,Indifferent,None,Full_Board,3810,2023-07-01,,True,0.843,3.28,North_Indian,0.6,True,728.0
S3328,Finn Sharma,2023,3,B.Tech,CH,MH_A,West Bengal,East,Non_Veg,Weekly_Once,,None,Full_Board,3549,"July 03, 2023",,True,0.601,1.44,South_Indian,0.685,False,810.0
S3329,Sudiksha Luthra,2023,3,M.Tech,ME,MH_A,Uttar Pradesh,North,Veg,,Strict,,Full_Board,3981,19/07/2023,,True,0.607,2.79,North_Indian,0.485,False,207.0
S3330,Forum Bassi,2023,3,M.Tech,Other,MH_G,Maharashtra,West,Veg,,Strict,None,Breakfast_Only,3500,2023-07-17,,True,0.813,2.98,South_Indian,0.312,False,1232.0
S3331,Ekta Dayal,2023,3,B.Tech,ME,MH_A,Tamil Nadu,South,Veg,,Strict,,Full_Board,4130,2023-07-19,,True,0.559,2.68,,0.793,False,244.0
S3332,Chanakya Mandal,2023,3,B.Tech,CH,MH_A,Uttarakhand,North,Veg,,Flexible,,Full_Board,3532,2023-07-13,,True,0.707,2.29,,0.104,True,185.0
S3333,Christopher Bobal,2023,3,M.Tech,CE,MH_B,Uttarakhand,North,Veg,,Flexible,None,Lunch_Dinner,3821,2023-07-05,,True,0.932,2.29,North_Indian,0.18,,180.0
S3334,George Rastogi,2023,3,M.Tech,CE,MH_B,Andhra Pradesh,South,Veg,,Flexible,None,Full_Board,3950,"July 05, 2023",,True,0.835,3.2,No_Preference,0.428,False,1115.0
S3335,Pranav Khatri,2023,3,B.Tech,CH,MH_B,Arunachal Pradesh,Northeast,Veg,,Strict,None,Lunch_Dinner,3715,2023-07-11,,True,0.732,3.53,No_Preference,0.499,,505.0
S3336,Gaurav Bail,2023,3,PhD,Other,MH_G,Mizoram,Northeast,Non_Veg,Daily,,,Full_Board,3931,2023-07-09,,True,0.533,4.29,,0.186,,2479.0
S3337,Nicholas Rama,2023,3,B.Tech,ME,MH_A,Maharashtra,West,Non_Veg,Weekly_Once,,None,Full_Board,3860,2023-07-11,,True,0.781,3.59,North_Indian,0.224,False,226.0
S3338,Bhavani Dube,2023,3,M.Tech,CE,MH_B,Telangana,South,Non_Veg,Daily,,,Full_Board,4113,2023-07-19,,True,0.619,1.74,No_Preference,0.299,,822.0
S3339,Chanchal Swaminathan,2023,3,PhD,Other,MH_B,Andhra Pradesh,South,Non_Veg,Weekly_Once,,None,Breakfast_Only,4066,"July 05, 2023",,True,0.591,4.5,No_Preference,0.484,,292.0
S3340,Dayita Deep,2023,3,M.Tech,ECE,MH_B,Bihar,North,Veg,,Flexible,None,Full_Board,3980,08/07/2023,,True,0.637,2.88,North_Indian,0.348,False,420.0
S3341,Gopal Pillai,2023,3,B.Tech,CE,MH_B,West Bengal,East,Non_Veg,Weekly_Once,,None,Full_Board,3716,2023-07-07,,True,0.854,2.59,,0.307,,568.0
S3342,Vrishti Sehgal,2023,3,B.Tech,EE,MH_G,Tamil Nadu,South,Non_Veg,Alternate_Days,,None,Full_Board,3793,"July 16, 2023",,True,0.755,3.09,,0.475,True,2397.0
S3343,Vamakshi Loyal,2023,3,M.Tech,CH,MH_A,Kerala,South,Non_Veg,Daily,,None,Full_Board,3770,2023-07-01,,True,0.764,4.14,,0.375,False,95.0
S3344,Gautam Sami,2023,3,M.Tech,CH,MH_A,Uttar Pradesh,North,Veg,,Strict,None,Full_Board,3500,2023-07-12,,True,0.575,4.41,South_Indian,0.896,,592.0
S3345,Quincy Saraf,2023,3,B.Tech,ME,MH_A,Andhra Pradesh,South,Veg,,Strict,,Full_Board,4190,"July 04, 2023",,True,0.674,3.21,No_Preference,0.257,False,390.0
S3346,Girik Baria,2023,3,PhD,EE,MH_B,Maharashtra,West,Veg,,Strict,None,Lunch_Dinner,3967,2023-07-18,,True,0.594,2.91,North_Indian,0.348,True,268.0
S3347,Ubika Kapur,2023,3,M.Tech,Other,MH_A,Kerala,South,Non_Veg,Daily,,None,Breakfast_Only,4187,2023-07-11,,True,1.212063915008591,2.73,No_Preference,0.5,False,98.0
S3348,Warhi Vyas,2023,3,B.Tech,ECE,MH_A,Karnataka,South,Non_Veg,Daily,,None,Full_Board,3825,2023-07-16,,True,0.643,3.95,Continental,0.66,,534.0
S3349,Bina Sidhu,2023,3,M.Tech,ME,MH_G,Bihar,North,Veg,,Flexible,None,Full_Board,3875,"July 06, 2023",,True,0.963,3.3,Continental,0.441,True,75.0
S3350,Fariq Sridhar,2023,3,B.Tech,EE,MH_G,Maharashtra,West,Eggetarian,Alternate_Days,,None,Full_Board,4011,2023-07-10,,True,0.591,2.87,North_Indian,0.714,,385.0
S3351,Manthan Datta,2023,3,B.Tech,CSE,MH_B,Jammu & Kashmir,North,Vegan,,,None,Full_Board,3742,2023-07-08,,True,0.901,1.69,South_Indian,0.485,,61.0
S3352,Yuvraj Virk,2023,3,B.Tech,ME,MH_B,Rajasthan,North,Veg,,Strict,None,Lunch_Dinner,3850,2023-07-16,,True,0.602,3.1,South_Indian,0.607,False,1118.0
S3353,Chakrika Batta,2023,3,PhD,CH,MH_B,Uttar Pradesh,North,Veg,,Flexible,,Custom,3799,05/07/2023,,True,0.858,3.48,South_Indian,0.127,,104.0
S3354,Chakradev Varghese,2023,3,B.Tech,Other,MH_A,Uttarakhand,North,Veg,,Flexible,,Lunch_Dinner,4287,2023-07-14,,True,0.719,3.38,North_Indian,0.367,False,1560.0
S3355,Yashvi Sandal,2023,3,B.Tech,ECE,MH_G,Uttar Pradesh,North,Veg,,Flexible,,Lunch_Dinner,3683,2023-07-18,,True,0.656,3.46,North_Indian,0.195,True,329.0
S3356,Girindra Shetty,2023,3,B.Tech,CE,MH_B,Delhi,North,Non_Veg,Daily,,,Full_Board,3874,09/07/2023,,True,1.0,2.08,,0.37,,85.0
S3357,Isha Kumar,2023,3,B.Tech,ECE,MH_B,Telangana,South,veg,,Flexible,Lactose,Full_Board,3633,2023-07-08,,True,0.566,4.09,Continental,0.085,,178.0
S3358,Yahvi Babu,2023,3,M.Tech,CSE,MH_G,Madhya Pradesh,Central,Eggetarian,Alternate_Days,,Lactose,Lunch_Dinner,4214,18/07/2023,,True,0.941,2.21,No_Preference,0.529,True,68.0
S3359,Turvi Gola,2023,3,B.Tech,EE,MH_B,Bihar,North,Veg,,Indifferent,Lactose,Full_Board,3949,09/07/2023,,True,0.714,3.07,North_Indian,0.448,False,246.0
S3360,Maya Bath,2023,3,PhD,CE,MH_G,Kerala,South,Non_Veg,Alternate_Days,,,Breakfast_Only,3658,2023-07-18,,True,0.59,4.14,South_Indian,0.882,,311.0
S3361,Omaja Mishra,2023,3,B.Tech,Other,MH_B,Rajasthan,North,Veg,,Flexible,Lactose,Breakfast_Only,4162,2023-07-05,,True,0.998,3.12,,0.381,True,1230.0
S3362,Suhani Sengupta,2023,3,B.Tech,CSE,MH_B,Meghalaya,Northeast,Non_Veg,Alternate_Days,,None,Full_Board,3536,"July 08, 2023",,True,0.703,3.39,No_Preference,0.418,,990.0
S3363,Harita Grover,2023,3,B.Tech,CE,MH_B,Uttar Pradesh,North,Non_Veg,Daily,,,Full_Board,4122,2023-07-01,,True,1.0807835519117273,4.35,North_Indian,0.492,,1095.0
S3364,Qasim Brar,2023,3,B.Tech,ECE,MH_B,Andhra Pradesh,North,Non_Veg,Daily,,None,Full_Board,3563,12/07/2023,,True,0.714,3.65,,0.466,False,424.0
S3365,Hitesh Saraf,2023,3,B.Tech,ECE,MH_B,Kerala,South,Non_Veg,Weekly_Once,,,Full_Board,3904,2023-07-12,,True,0.647,4.25,North_Indian,0.518,False,191.0
S3366,Abdul Rana,2023,3,B.Tech,EE,MH_B,West Bengal,East,Veg,,Strict,,Full_Board,3887,"July 13, 2023",,True,0.687,3.04,North_Indian,0.524,True,499.0
S3367,Agastya Garg,2023,3,B.Tech,CE,MH_A,Madhya Pradesh,Central,Non_Veg,Alternate_Days,,,Lunch_Dinner,3836,"July 06, 2023",,True,0.726,2.0,,0.101,False,420.0
S3368,Triveni Ravel,2023,3,B.Tech,EE,MH_B,West Bengal,East,Eggetarian,Weekly_Once,,None,Full_Board,3819,2023-07-07,,True,0.582,2.01,South_Indian,0.378,False,187.0
S3369,Chavvi Patel,2023,3,B.Tech,CSE,MH_A,Telangana,South,veg,,Flexible,None,Full_Board,3648,2023-07-04,,True,0.474,3.63,South_Indian,0.409,False,780.0
S3370,Chasmum Chahal,2023,3,B.Tech,EE,MH_B,Rajasthan,North,Non_Veg,Alternate_Days,,,Lunch_Dinner,4071,"July 17, 2023",,True,0.646,4.42,North_Indian,0.236,True,1303.0
S3371,Krishna Atwal,2023,3,B.Tech,CH,MH_A,Arunachal Pradesh,Northeast,Non_Veg,Rarely,,None,Full_Board,3997,10/07/2023,,True,0.753,2.45,South_Indian,0.126,False,528.0
S3372,Isaac Babu,2023,3,M.Tech,CSE,MH_G,Kerala,South,Veg,,Flexible,None,Full_Board,4133,2023-07-08,,True,0.727,2.51,South_Indian,0.729,True,131.0
S3373,Avi Kadakia,2023,3,B.Tech,ME,MH_G,Andhra Pradesh,South,Non_Veg,Alternate_Days,,Lactose,Full_Board,4171,15/07/2023,,True,0.521,2.84,North_Indian,0.401,,107.0
S3374,Maanav Khurana,2023,3,B.Tech,ECE,MH_B,Maharashtra,West,Eggetarian,Alternate_Days,,None,Full_Board,3845,2023-07-04,,True,0.64,3.95,North_Indian,0.345,False,533.0
S3375,Rayaan Chadha,2023,3,B.Tech,CSE,MH_B,Maharashtra,West,Veg,,Flexible,None,Full_Board,3838,07/07/2023,,True,0.663,3.37,South_Indian,0.373,False,781.0
S3376,Ubika Divan,2023,3,B.Tech,ME,MH_B,Uttar Pradesh,North,Veg,,Indifferent,,Custom,3573,11/07/2023,,True,0.538,2.73,North_Indian,0.304,True,336.0
S3377,Pahal Bains,2023,3,B.Tech,CSE,MH_B,Rajasthan,North,Eggetarian,Daily,,None,Lunch_Dinner,3702,2023-07-15,,True,0.641,4.9,North_Indian,0.111,,906.0
S3378,Ojas Dua,2023,3,B.Tech,ME,MH_A,Nagaland,Northeast,Veg,,Indifferent,,Lunch_Dinner,3806,"July 05, 2023",,True,0.643,2.92,North_Indian,0.452,,1213.0
S3379,Vedhika Sinha,2023,3,B.Tech,ECE,MH_A,Gujarat,West,Non_Veg,Alternate_Days,,None,Lunch_Dinner,3685,2023-07-18,,True,0.611,4.33,North_Indian,0.689,False,315.0
S3380,Shivani Kibe,2023,3,B.Tech,ME,MH_B,Uttar Pradesh,North,Veg,,Indifferent,,Full_Board,3759,2023-07-05,,True,0.769,4.17,North_Indian,0.806,False,118.0
S3381,Chaitaly Ramanathan,2023,3,B.Tech,CSE,MH_A,Punjab,North,Veg,,Strict,,Custom,3809,2023-07-08,,True,0.939,4.53,No_Preference,0.555,False,1107.0
S3382,Gauri Anand,2023,3,B.Tech,CSE,MH_A,Uttar Pradesh,North,Veg,,Flexible,Others,Full_Board,3981,2023-07-04,,True,0.716,3.26,North_Indian,0.547,True,201.0
S3383,Rachana Sagar,2023,3,M.Tech,ME,MH_G,Haryana,North,Eggetarian,Rarely,,,Full_Board,3675,2023-07-15,,True,0.534,4.72,South_Indian,0.213,False,380.0
S3384,Bina Bansal,2023,3,B.Tech,EE,MH_A,Mizoram,Northeast,Eggetarian,Weekly_Once,,None,Full_Board,4016,2023-07-02,,True,0.516,4.32,North_Indian,0.453,,83.0
S3385,Mugdha Sunder,2023,3,M.Tech,ECE,MH_B,Kerala,South,Veg,,Flexible,,Breakfast_Only,3722,2023-07-15,,True,0.672,2.77,No_Preference,0.649,False,185.0
S3386,Vincent Bhat,2023,3,M.Tech,BT,MH_B,Gujarat,West,Veg,,Strict,None,Custom,4153,2023-07-11,,True,0.665,2.52,North_Indian,0.719,,1368.0
S3387,Pahal Mutti,2023,3,B.Tech,ECE,MH_A,Jharkhand,East,Veg,,Strict,None,Full_Board,3632,2023-07-01,,True,0.675,3.55,,0.632,True,682.0
S3388,Amrita Sahni,2023,3,B.Tech,BT,MH_B,Haryana,North,Non_Veg,Alternate_Days,,,Lunch_Dinner,3924,2023-07-12,,True,0.55,3.78,Continental,0.573,False,360.0
S3389,Jackson Talwar,2023,3,B.Tech,ECE,MH_A,Uttar Pradesh,North,Veg,,Flexible,None,Breakfast_Only,3787,2023-07-05,,True,0.545,3.68,No_Preference,0.612,,996.0
S3390,Saumya Sarin,2023,3,B.Tech,CE,MH_B,West Bengal,East,NV,Weekly_Once,,None,Full_Board,3500,"July 13, 2023",,True,0.837,3.06,South_Indian,0.139,True,202.0
S3391,Neel Mani,2023,3,PhD,CE,MH_G,Karnataka,South,Veg,,Flexible,None,Lunch_Dinner,3659,03/07/2023,,True,0.757,5.0,,0.356,,1017.0
S3392,Upasna Padmanabhan,2023,3,B.Tech,CE,MH_B,West Bengal,East,Veg,,Strict,,Lunch_Dinner,3684,17/07/2023,,True,0.561,1.64,No_Preference,0.434,False,305.0
S3393,Vincent Tripathi,2023,3,PhD,CSE,MH_B,Bihar,North,Veg,,Indifferent,None,Full_Board,3896,"July 06, 2023",,True,0.718,2.17,,0.302,True,519.0
S3394,Harinakshi Sidhu,2023,3,M.Tech,ECE,MH_G,Tamil Nadu,Central,Veg,,Indifferent,None,Full_Board,3500,2023-07-17,,True,0.605,2.6,South_Indian,0.64,True,281.0
S3395,Chaaya Ramakrishnan,2023,3,B.Tech,ECE,MH_A,Tripura,Northeast,Veg,,Indifferent,None,Full_Board,3889,2023-07-06,,True,0.372,2.9,North_Indian,0.48,False,558.0
S3396,Jagvi Sodhi,2023,3,B.Tech,EE,MH_G,Rajasthan,North,Vegetarian,,Indifferent,None,Lunch_Dinner,4147,2023-07-16,,True,0.592,4.41,,0.069,False,2006.0
S3397,Sarthak Mandal,2023,3,B.Tech,ME,MH_A,West Bengal,East,Veg,,Indifferent,,Lunch_Dinner,3902,2023-07-18,,True,0.701,3.72,South_Indian,0.457,,242.0
S3398,Vasudha Dayal,2023,3,B.Tech,CSE,MH_G,Chhattisgarh,Central,Non_Veg,Alternate_Days,,None,Full_Board,3951,"July 11, 2023",,True,0.728,4.42,South_Indian,0.371,False,491.0
S3399,Ryan Dugar,2023,3,B.Tech,EE,MH_G,Karnataka,South,Non_Veg,Alternate_Days,,None,Full_Board,3500,17/07/2023,,True,0.64,3.79,No_Preference,0.701,True,150.0
S3400,Harrison Sagar,2023,3,B.Tech,ME,MH_B,Karnataka,South,Veg,,Flexible,None,Breakfast_Only,4116,2023-07-12,,True,0.917,4.41,,0.651,,2232.0
S3401,Chavvi Keer,2023,3,M.Tech,BT,MH_A,West Bengal,East,Veg,,Strict,None,Full_Board,3943,2023-07-16,,True,0.65,3.57,Continental,0.407,False,501.0
S3402,Champak Badami,2023,3,B.Tech,CSE,MH_A,Madhya Pradesh,Central,Veg,,Indifferent,,Lunch_Dinner,3864,"July 11, 2023",,True,0.892,3.25,North_Indian,0.283,True,803.0
S3403,Advika Parikh,2023,3,B.Tech,CSE,MH_B,Tamil Nadu,South,Non_Veg,Alternate_Days,,None,Custom,3518,2023-07-01,,True,1.0,2.49,No_Preference,0.341,,617.0
S3404,Owen Thakur,2023,3,PhD,CSE,MH_A,Bihar,North,Veg,,Strict,,Full_Board,3762,2023-07-19,,True,0.784,3.6,,0.672,,562.0
S3405,Devansh Nazareth,2023,3,B.Tech,CSE,MH_B,Madhya Pradesh,Central,Veg,,Indifferent,,Full_Board,3912,2023-07-10,,True,0.82,3.61,,0.569,False,1240.0
S3406,Ishaan Karan,2023,3,M.Tech,CSE,MH_B,Andhra Pradesh,South,Veg,,Flexible,None,Lunch_Dinner,3908,2023-07-08,,True,0.792,2.66,North_Indian,0.629,False,423.0
S3407,Udarsh Sur,2023,3,B.Tech,CE,MH_A,Chhattisgarh,Central,Veg,,Strict,None,Full_Board,4132,"July 01, 2023",,True,0.925,4.15,,0.244,,1073.0
S3408,Harini Pant,2023,3,B.Tech,CE,MH_G,Maharashtra,West,Non_Veg,Weekly_Once,,None,Lunch_Dinner,3808,07/07/2023,,True,1.123879656345753,2.62,No_Preference,0.465,True,802.0
S3409,Amara Dora,2023,3,M.Tech,CSE,MH_G,Madhya Pradesh,Central,Veg,,Flexible,,Custom,3960,"July 12, 2023",,True,0.646,3.64,North_Indian,0.345,False,674.0
S3410,Chandresh Sarma,2023,3,B.Tech,ECE,MH_B,Andhra Pradesh,South,Veg,,Indifferent,,Full_Board,3821,"July 02, 2023",,True,0.581,2.75,South_Indian,0.291,False,527.0
S3411,Indrajit Cherian,2023,3,B.Tech,CE,MH_G,Maharashtra,West,Non_Veg,Alternate_Days,,None,Breakfast_Only,4220,2023-07-11,,True,0.659,4.74,North_Indian,0.733,False,865.0
S3412,Benjamin Tripathi,2023,3,B.Tech,ECE,MH_A,Tamil Nadu,South,nonveg,Alternate_Days,,None,Lunch_Dinner,4011,2023-07-18,,True,0.732,3.57,No_Preference,0.215,True,145.0
S3413,Oliver Dalal,2023,3,B.Tech,Other,MH_A,Rajasthan,North,Veg,,Strict,None,Full_Board,3500,"July 13, 2023",,True,0.65,3.73,,0.7,False,382.0
S3414,Janaki Dugar,2023,3,PhD,ME,MH_G,Delhi,North,Vegan,,,None,Full_Board,3938,2023-07-01,,True,0.741,1.0,South_Indian,0.658,True,651.0
S3415,Riya Toor,2023,3,B.Tech,EE,MH_B,Karnataka,South,Non_Veg,Weekly_Once,,Others,Full_Board,3914,2023-07-10,,True,0.613,3.1,,0.532,False,225.0
S3416,Hardik Dube,2023,3,B.Tech,CSE,MH_A,Himachal Pradesh,North,Non_Veg,Alternate_Days,,,Full_Board,4009,2023-07-01,,True,0.652,3.43,No_Preference,0.759,,591.0
S3417,Gaurika Devi,2023,3,B.Tech,EE,MH_G,Kerala,South,Eggetarian,Daily,,,Full_Board,3601,2023-07-09,,True,0.641,4.29,South_Indian,0.774,False,121.0
S3418,Saksham Sarna,2023,3,B.Tech,ECE,MH_A,West Bengal,East,Non_Veg,Rarely,,None,Lunch_Dinner,4090,2023-07-08,,True,0.557,3.91,No_Preference,0.559,False,580.0
S3419,Abeer Korpal,2023,3,B.Tech,ECE,MH_G,tamilnadu,South,Veg,,Strict,,Full_Board,3888,2023-07-11,,True,0.745,4.32,North_Indian,0.684,False,2010.0
S3420,Harita Mangat,2023,3,PhD,ECE,MH_B,Bihar,North,Veg,,Indifferent,None,Full_Board,3793,2023-07-06,,True,0.606,2.06,No_Preference,0.461,,809.0
S3421,Frederick Lata,2023,3,B.Tech,ECE,MH_G,Bihar,North,Non_Veg,Weekly_Once,,Lactose,Full_Board,4222,2023-07-04,,True,0.743,3.25,,0.629,False,1367.0
S3422,Oeshi Patel,2023,3,B.Tech,Other,MH_B,Telangana,South,Veg,,Indifferent,None,Custom,3953,2023-07-17,,True,0.38,2.69,North_Indian,0.577,False,420.0
S3423,Max Wagle,2023,3,B.Tech,BT,MH_B,West Bengal,East,nonveg,Daily,,,Custom,3602,2023-07-04,,True,0.748,3.96,North_Indian,0.547,False,246.0
S3424,Vedant Devi,2023,3,B.Tech,EE,MH_A,Rajasthan,North,Veg,,Indifferent,Lactose,Full_Board,4111,10/07/2023,,True,0.824,2.2,,0.749,True,233.0
S3425,Odika Rout,2023,3,B.Tech,Other,MH_G,Madhya Pradesh,Central,Veg,,Strict,,Breakfast_Only,3965,2023-07-08,,True,0.739,2.96,North_Indian,0.627,,273.0
S3426,,2023,3,B.Tech,ECE,MH_B,West Bengal,East,Veg,,Flexible,None,Custom,3925,2023-07-08,,True,0.641,1.87,North_Indian,0.277,False,1217.0
S3427,Zaitra Pathak,2023,3,B.Tech,Other,MH_A,West Bengal,East,Non_Veg,Alternate_Days,,None,Full_Board,4164,2023-07-13,,True,0.545,4.25,North_Indian,0.475,False,653.0
S3428,Saanvi Dhingra,2023,3,B.Tech,CSE,MH_G,Kerala,South,Non_Veg,Alternate_Days,,None,Lunch_Dinner,3665,2023-07-06,,True,0.613,5.0,,0.385,,1010.0
S3429,Zansi Boase,2023,3,B.Tech,CSE,MH_A,Rajasthan,North,Non_Veg,Daily,,,Full_Board,3978,14/07/2023,,True,0.59,3.31,North_Indian,0.583,,792.0
S3430,Hamsini Murty,2023,3,B.Tech,Other,MH_B,Punjab,North,Veg,,Strict,,Custom,3596,2023-07-16,,True,0.825,4.09,North_Indian,0.511,False,843.0
S3431,Nitesh Saraf,2023,3,B.Tech,EE,MH_A,Maharashtra,West,Non_Veg,Alternate_Days,,None,Full_Board,3589,2023-07-17,,True,0.555,3.86,,0.288,,211.0
S3432,Maya Bansal,2023,3,M.Tech,ECE,MH_A,Bihar,North,Veg,,Strict,,Lunch_Dinner,4050,2023-07-11,,True,0.857,4.99,South_Indian,0.427,,625.0
S3433,Dalbir Venkatesh,2023,3,M.Tech,BT,MH_B,Andhra Pradesh,South,Veg,,Flexible,None,Full_Board,3652,2023-07-16,,True,0.697,2.3,South_Indian,0.269,True,978.0
S3434,Oni Ratti,2023,3,M.Tech,EE,MH_B,Chhattisgarh,Central,Veg,,Strict,,Full_Board,3711,2023-07-18,,True,0.849,2.21,North_Indian,0.391,False,999.0
S3435,Dipta Padmanabhan,2023,3,M.Tech,CE,MH_A,TAMIL NADU,South,Non_Veg,Daily,,Others,Lunch_Dinner,3862,"July 07, 2023",,True,0.735,3.98,No_Preference,0.172,False,60.0
S3436,Ati Wable,2023,3,PhD,CSE,MH_B,Bihar,North,Veg,,Flexible,None,Breakfast_Only,3869,"July 10, 2023",,True,0.771,2.6,,0.496,True,2804.0
S3437,Netra Sehgal,2023,3,PhD,ECE,MH_A,Uttar Pradesh,North,Veg,,Strict,,Custom,3648,09/07/2023,,True,0.668,3.72,No_Preference,0.774,False,184.0
S3438,Riya Pai,2023,3,B.Tech,Other,MH_G,Tamil Nadu,South,Veg,,Indifferent,,Full_Board,3853,2023-07-12,,True,0.606,3.52,No_Preference,0.634,False,136.0
S3439,Rudra Mitra,2023,3,B.Tech,ME,MH_G,Haryana,North,non_veg,Alternate_Days,,None,Full_Board,3727,02/07/2023,,True,0.615,2.49,,0.547,False,500.0
S3440,Balhaar Yogi,2023,3,B.Tech,CSE,MH_B,Punjab,North,Vegan,,,None,Full_Board,4059,2023-07-02,,True,0.552,3.75,North_Indian,0.168,False,429.0
S3441,Madhavi Date,2023,3,B.Tech,EE,MH_B,Maharashtra,West,Veg,,Flexible,None,Full_Board,4006,"July 13, 2023",,True,0.552,5.0,North_Indian,0.05,,319.0
S3442,Tanay Chander,2023,3,B.Tech,CE,MH_G,West Bengal,East,Non_Veg,Daily,,Nut,Full_Board,4100,2023-07-04,,True,0.761,3.02,North_Indian,0.103,True,92.0
S3443,Harini Dutta,2023,3,M.Tech,CSE,MH_A,West Bengal,East,Non_Veg,Alternate_Days,,None,Custom,3908,"July 18, 2023",,True,0.576,3.35,,0.724,,1085.0
S3444,Ayaan Zacharia,2023,3,M.Tech,CH,MH_A,Telangana,South,Non_Veg,Alternate_Days,,None,Full_Board,3796,2023-07-05,,True,0.654,3.56,No_Preference,0.164,False,717.0
S3445,Wyatt Modi,2023,3,B.Tech,CE,MH_B,Bihar,North,Veg,,Strict,None,Lunch_Dinner,3935,2023-07-18,,True,0.783,4.24,North_Indian,0.61,True,264.0
S3446,Yashasvi Choudhry,2023,3,B.Tech,CSE,MH_G,Bihar,North,Vegetarian,,Strict,None,Full_Board,3691,2023-07-12,,True,0.767,3.17,No_Preference,0.655,,501.0
S3447,Kashish Lad,2023,3,B.Tech,CE,MH_A,Uttar Pradesh,North,Veg,,Indifferent,None,Custom,3870,2023-07-17,,True,0.686,3.75,No_Preference,0.333,,275.0
S3448,Jatin Batta,2023,3,B.Tech,CE,MH_B,Meghalaya,Northeast,Vegan,,,None,Full_Board,3892,2023-07-17,,True,0.821,4.15,No_Preference,0.321,False,377.0
S3449,Saumya Misra,2023,3,B.Tech,ME,MH_B,Maharashtra,West,Veg,,Strict,None,Lunch_Dinner,3976,2023-07-18,,True,0.593,3.53,Continental,0.272,True,55.0
S3450,Sudiksha Nori,2023,3,PhD,CE,MH_A,West Bengal,East,Non_Veg,Weekly_Once,,None,Full_Board,3740,2023-07-03,,True,0.87,3.31,North_Indian,0.649,True,62.0
S3451,Vivaan Palla,2023,3,B.Tech,BT,MH_B,Kerala,South,Non_Veg,Alternate_Days,,None,Full_Board,3964,2023-07-14,,True,0.601,3.42,South_Indian,0.091,,631.0
S3452,Bhavani Dey,2023,3,M.Tech,CE,MH_A,Tamil Nadu,South,Veg,,Strict,,Full_Board,3707,2023-07-07,,True,0.682,5.0,North_Indian,0.455,False,326.0
S3453,Zinal Kota,2023,3,B.Tech,BT,MH_B,Haryana,North,Veg,,Flexible,,Custom,3974,"July 09, 2023",,True,0.542,1.94,,0.647,True,92.0
S3454,Falak Varty,2023,3,PhD,CE,MH_B,Haryana,North,Veg,,Indifferent,,Full_Board,4043,2023-07-06,,True,0.652,3.97,,0.169,False,778.0
S3455,Jalsa Sha,2023,3,B.Tech,CE,MH_B,Jharkhand,East,Non_Veg,Weekly_Once,,Gluten,Lunch_Dinner,3744,03/07/2023,,True,0.938,4.48,South_Indian,0.496,,493.0
S3456,Manan Sandal,2023,3,B.Tech,ECE,MH_G,Meghalaya,Northeast,Non_Veg,Rarely,,None,Full_Board,4082,2023-07-17,,True,0.461,3.7,,0.401,False,900.0
S3457,Finn Chanda,2023,3,B.Tech,BT,MH_B,West Bengal,East,Non_Veg,Alternate_Days,,None,Full_Board,3952,2023-07-06,,True,0.765,3.36,South_Indian,0.54,False,690.0
S3458,Pavani De,2023,3,M.Tech,ME,MH_G,Madhya Pradesh,Central,Veg,,Strict,,Lunch_Dinner,3684,2023-07-16,,True,0.905,4.62,North_Indian,0.661,True,1064.0
S3459,,2023,3,B.Tech,BT,MH_B,Telangana,South,Non_Veg,Weekly_Once,,,Full_Board,3894,2023-07-18,,True,0.819,3.79,North_Indian,0.506,False,145.0
S3460,Tanish Sehgal,2023,3,B.Tech,BT,MH_G,Kerala,South,Non_Veg,Alternate_Days,,None,Full_Board,3722,2023-07-10,,True,0.535,1.73,North_Indian,0.372,False,532.0
S3461,Kala Vora,2023,3,B.Tech,ECE,MH_G,Madhya Pradesh,Central,Veg,,Flexible,,Full_Board,4107,2023-07-07,,True,0.94,3.45,North_Indian,0.311,False,1409.0
S3462,Zilmil Rana,2023,3,B.Tech,ECE,MH_A,Karnataka,South,Non_Veg,Daily,,,Lunch_Dinner,3971,"July 02, 2023",,True,0.861,4.05,South_Indian,0.553,False,606.0
S3463,Wishi Sampath,2023,3,B.Tech,BT,MH_A,Gujarat,West,Veg,,Flexible,,Full_Board,3696,"July 07, 2023",,True,0.726,3.41,North_Indian,0.265,False,708.0
S3464,Vrishti Saha,2023,3,PhD,ECE,MH_A,Himachal Pradesh,North,Non_Veg,Rarely,,None,Custom,3634,02/07/2023,,True,0.567,3.43,South_Indian,0.657,False,259.0
S3465,Maanas Tiwari,2023,3,B.Tech,BT,MH_G,Jharkhand,East,Veg,,Flexible,None,Lunch_Dinner,4099,2023-07-14,,True,0.661,3.62,North_Indian,0.763,True,1456.0
S3466,Vedhika Shankar,2023,3,B.Tech,ECE,MH_A,Chhattisgarh,Central,Veg,,Indifferent,Gluten,Breakfast_Only,4038,2023-07-13,,True,1.2663673568706002,3.86,North_Indian,0.155,True,425.0
S3467,Yochana Wadhwa,2023,3,PhD,CSE,MH_B,Bihar,North,Veg,,Strict,Gluten,Custom,3977,01/07/2023,,True,0.587,3.42,,0.229,True,773.0
S3468,Simon Shah,2023,3,B.Tech,CE,MH_A,Jharkhand,East,Non_Veg,Weekly_Once,,None,Full_Board,3730,2023-07-18,,True,0.706,4.42,North_Indian,0.546,True,1232.0
S3469,Bachittar Dugar,2023,3,B.Tech,EE,MH_G,Chhattisgarh,Central,Non_Veg,Weekly_Once,,None,Full_Board,3904,16/07/2023,,True,0.574,1.7,South_Indian,0.212,False,354.0
S3470,Jagat Rege,2023,3,PhD,CSE,MH_B,Kerala,South,Non_Veg,Rarely,,Lactose,Full_Board,3755,15/07/2023,,True,0.738,3.01,North_Indian,0.347,False,174.0
S3471,Jai Pingle,2023,3,B.Tech,BT,MH_B,Delhi,North,Veg,,Strict,None,Full_Board,3740,2023-07-12,,True,0.709,3.67,South_Indian,0.157,False,53.0
S3472,Banjeet Virk,2023,3,B.Tech,CE,MH_A,Uttar Pradesh,North,Jain,,,None,Full_Board,3500,2023-07-05,,True,0.682,3.69,No_Preference,0.461,True,600.0
S3473,Jacob Prabhu,2023,3,B.Tech,CE,MH_G,Gujarat,West,Veg,,Strict,,Full_Board,3989,2023-07-08,,True,0.584,2.38,No_Preference,0.728,False,240.0
S3474,Kavya Mitter,2023,3,B.Tech,ECE,MH_A,Gujarat,West,Non_Veg,Weekly_Once,,None,Custom,3802,2023-07-17,,True,0.56,3.06,North_Indian,0.468,False,1170.0
S3475,Vedika Bala,2023,3,B.Tech,ME,MH_A,Bihar,North,Veg,,Flexible,,Full_Board,3689,2023-07-03,,True,0.777,3.82,No_Preference,0.64,False,482.0
S3476,Lucky Sama,2023,3,B.Tech,ME,MH_A,Rajasthan,North,Non_Veg,Weekly_Once,,,Full_Board,3903,"July 19, 2023",,True,0.503,3.29,South_Indian,0.354,True,1548.0
S3477,Dalaja Mander,2023,3,M.Tech,CH,MH_G,Mizoram,Northeast,Veg,,Indifferent,,Full_Board,3543,18/07/2023,,True,0.642,4.07,No_Preference,0.239,False,53.0
S3478,Qadim Suresh,2023,3,PhD,CH,MH_B,Uttar Pradesh,North,Veg,,Indifferent,None,Full_Board,3500,2023-07-06,,True,0.65,3.44,North_Indian,0.287,True,169.0
S3479,Jason Palla,2023,3,M.Tech,CSE,MH_G,Punjab,North,Eggetarian,Daily,,Lactose,Custom,4019,"July 02, 2023",,True,0.638,2.37,North_Indian,0.446,True,345.0
S3480,Chaitanya Sahni,2023,3,B.Tech,CSE,MH_G,Uttar Pradesh,North,Veg,,Flexible,,Full_Board,3707,2023-07-05,,True,0.587,2.72,North_Indian,0.22,True,288.0
S3481,Dayita Sethi,2023,3,M.Tech,EE,MH_B,Bihar,North,Non_Veg,Daily,,None,Full_Board,3616,2023-07-14,,True,0.585,2.46,No_Preference,0.52,False,624.0
S3482,Krishna Soman,2023,3,B.Tech,ECE,MH_B,Maharashtra,West,Veg,,Flexible,Gluten,Full_Board,3500,2023-07-02,,True,0.617,2.48,No_Preference,0.639,,361.0
S3483,Lakshit Thaman,2023,3,B.Tech,CSE,MH_B,Rajasthan,North,Veg,,Indifferent,None,Custom,3987,2023-07-12,,True,0.814,3.32,South_Indian,0.149,True,236.0
S3484,Shivani Sen,2023,3,B.Tech,ECE,MH_G,Madhya Pradesh,Central,Non_Veg,Rarely,,None,Full_Board,3742,2023-07-13,,True,0.615,2.56,South_Indian,0.547,False,201.0
S3485,Eshana Chakraborty,2023,3,B.Tech,ME,MH_G,Uttar Pradesh,North,Veg,,Flexible,,Lunch_Dinner,3643,2023-07-13,,True,0.842,2.33,North_Indian,0.847,True,555.0
S3486,Lila Kaul,2023,3,M.Tech,ECE,MH_B,Bihar,North,Veg,,Indifferent,None,Breakfast_Only,3555,2023-07-14,,True,0.792,3.18,North_Indian,0.192,False,197.0
S3487,Harinakshi Zachariah,2023,3,B.Tech,ME,MH_G,Kerala,South,VEG,,Flexible,None,Custom,3898,"July 01, 2023",,True,0.599,2.87,North_Indian,0.469,,2579.0
S3488,Saanvi Mall,2023,3,M.Tech,CH,MH_G,West Bengal,East,Veg,,Flexible,None,Custom,3957,2023-07-05,,True,0.672,3.87,No_Preference,0.866,,367.0
S3489,Noah Bakshi,2023,3,B.Tech,CH,MH_G,Tamil Nadu,South,Non_Veg,Rarely,,,Full_Board,3877,07/07/2023,,True,0.514,3.95,North_Indian,0.59,False,1584.0
S3490,Jatin Chada,2023,3,B.Tech,ME,MH_G,Uttar Pradesh,North,Veg,,Flexible,None,Full_Board,4069,"July 08, 2023",,True,0.701,2.41,North_Indian,0.329,True,92.0
S3491,Chatresh Vig,2023,3,B.Tech,CE,MH_G,Maharashtra,West,Eggetarian,Rarely,,None,Full_Board,3927,2023-07-19,,True,0.573,3.83,South_Indian,0.237,False,1439.0
S3492,Vamakshi Thakkar,2023,3,B.Tech,CSE,MH_B,Tamil Nadu,South,Non_Veg,Alternate_Days,,Nut,Full_Board,4173,"July 01, 2023",,True,0.673,2.94,No_Preference,0.277,True,406.0
S3493,Jai Wali,2023,3,B.Tech,CSE,MH_A,Chhattisgarh,Central,Non_Veg,Weekly_Once,,None,Full_Board,3892,2023-07-13,,True,0.643,2.02,North_Indian,0.472,True,356.0
S3494,Anirudh Maharaj,2023,3,B.Tech,EE,MH_B,Kerala,South,Non_Veg,Weekly_Once,,None,Full_Board,3876,2023-07-08,,True,0.436,3.22,North_Indian,0.274,False,521.0
S3495,Yatan Sawhney,2023,3,B.Tech,CSE,MH_B,Maharashtra,West,Veg,,Strict,None,Custom,3735,2023-07-02,,True,0.71,3.21,North_Indian,0.278,False,251.0
S3496,Ekani Ratti,2023,3,B.Tech,CE,MH_B,Gujarat,West,Eggetarian,Alternate_Days,,,Full_Board,3830,2023-07-16,,True,0.741,2.96,North_Indian,0.361,,923.0
S3497,Vyanjana Bajaj,2023,3,PhD,EE,MH_A,Kerala,South,Non_Veg,Daily,,,Custom,3999,2023-07-13,,True,0.498,5.0,North_Indian,0.781,False,993.0
S3498,Rajeshri Gole,2023,3,B.Tech,ME,MH_B,Meghalaya,Northeast,Eggetarian,Alternate_Days,,None,Full_Board,3690,"July 08, 2023",,True,0.565,3.04,,0.385,True,190.0
S3499,Arjun Wable,2023,3,M.Tech,EE,MH_B,Punjab,North,Non-Veg,Weekly_Once,,None,Lunch_Dinner,3820,"July 09, 2023",,True,0.569,3.77,South_Indian,0.05,True,356.0
S3500,Lavanya Kurian,2023,3,B.Tech,ECE,MH_A,Maharashtra,West,Pure Veg,,Flexible,None,Custom,3797,"July 15, 2023",,True,0.968,3.49,North_Indian,0.813,False,924.0
S3501,Ishwar Chaudhary,2023,3,M.Tech,CSE,MH_B,West Bengal,East,Veg,,Indifferent,None,Full_Board,3788,"July 01, 2023",,True,0.736,2.4,No_Preference,0.562,True,243.0
S3502,Bhavika Dhawan,2023,3,PhD,Other,MH_G,Bihar,North,Veg,,Flexible,None,Full_Board,4121,17/07/2023,,True,0.512,3.14,North_Indian,0.569,,175.0
S3503,Aadhya Chakraborty,2023,3,B.Tech,ECE,MH_B,Meghalaya,Northeast,Non_Veg,Alternate_Days,,Gluten,Lunch_Dinner,3603,"July 02, 2023",,True,0.654,2.93,No_Preference,0.566,False,1301.0
S3504,Damyanti Reddy,2023,3,B.Tech,CH,MH_G,Madhya Pradesh,Central,Veg,,Indifferent,None,Full_Board,3990,2023-07-01,,True,0.813,3.68,North_Indian,0.599,True,315.0
S3505,Daniel Nanda,2023,3,M.Tech,EE,MH_A,Kerala,South,Vegan,,,,Lunch_Dinner,3942,2023-07-16,,True,0.533,3.55,North_Indian,0.205,False,1261.0
S3506,Avi Bhardwaj,2023,3,PhD,BT,MH_B,Bihar,North,Veg,,Strict,None,Full_Board,3898,2023-07-05,,True,0.775,3.71,North_Indian,0.589,True,137.0
S3507,Madhavi Chaudhary,2023,3,PhD,ECE,MH_B,Andhra Pradesh,South,Non_Veg,Alternate_Days,,None,Full_Board,3777,2023-07-03,,True,0.666,2.81,,0.26,False,744.0
S3508,Lucky Sachar,2023,3,B.Tech,BT,MH_G,Uttar Pradesh,North,Veg,,Flexible,,Full_Board,3714,2023-07-11,,True,0.758,3.53,No_Preference,0.824,False,845.0
S3509,Aarna Prashad,2023,3,PhD,ME,MH_B,Maharashtra,West,Veg,,Flexible,,Custom,3899,2023-07-03,,True,0.695,3.55,North_Indian,0.555,,55.0
S3510,Charles Jain,2023,3,B.Tech,ME,MH_B,Rajasthan,North,Veg,,Flexible,,Full_Board,3921,2023-07-11,,True,0.684,4.15,North_Indian,0.366,,562.0
S3511,Warjas Tailor,2023,3,B.Tech,EE,MH_G,Karnataka,South,Non-Veg,Daily,,Nut,Lunch_Dinner,3938,"July 08, 2023",,True,0.831,2.82,North_Indian,0.332,,326.0
S3512,Ishwar Luthra,2023,3,B.Tech,ECE,MH_B,Tamil Nadu,South,Non_Veg,Daily,,None,Full_Board,3827,17/07/2023,,True,0.525,3.24,North_Indian,0.155,,1532.0
S3513,Eesha Shetty,2023,3,B.Tech,CE,MH_A,Bihar,North,Veg,,Strict,Lactose,Lunch_Dinner,3592,2023-07-16,,True,0.723,2.48,No_Preference,0.103,,199.0
S3514,Dominic Sule,2023,3,M.Tech,EE,MH_A,Jharkhand,East,veg,,Strict,,Full_Board,3660,2023-07-10,,True,0.686,3.71,North_Indian,0.348,False,1358.0
S3515,Nikita Kaur,2023,3,M.Tech,CSE,MH_B,Uttarakhand,North,Non_Veg,Weekly_Once,,None,Lunch_Dinner,3967,05/07/2023,,True,0.606,2.73,North_Indian,0.316,False,586.0
S3516,Amruta Chaudhuri,2023,3,PhD,CSE,MH_B,Rajasthan,North,Veg,,Strict,,Lunch_Dinner,3747,2023-07-15,,True,0.444,3.42,Continental,0.513,,856.0
S3517,Jeremiah Modi,2023,3,M.Tech,CE,MH_A,Karnataka,South,Veg,,Flexible,,Full_Board,3991,2023-07-14,,True,0.74,3.31,,0.054,True,520.0
S3518,Sanaya Chacko,2023,3,B.Tech,CH,MH_B,Tamil Nadu,South,Non_Veg,Daily,,None,Lunch_Dinner,3500,15/07/2023,,True,0.742,1.0,South_Indian,0.197,True,297.0
S3519,Lucky Prakash,2023,3,B.Tech,CSE,MH_B,Gujarat,West,Veg,,Strict,,Breakfast_Only,4024,2023-07-04,,True,0.58,3.53,No_Preference,0.233,False,761.0
S3520,Yatan Yogi,2023,3,B.Tech,CSE,MH_A,Himachal Pradesh,North,Eggetarian,Alternate_Days,,None,Full_Board,3500,2023-07-08,,True,0.659,3.26,North_Indian,0.573,,462.0
S3521,Siya Barman,2023,3,B.Tech,ME,MH_B,Jammu & Kashmir,North,Eggetarian,Daily,,None,Full_Board,3687,2023-07-09,,True,0.585,3.32,South_Indian,0.676,False,870.0
S3522,Ucchal Mann,2023,3,M.Tech,CE,MH_B,Delhi,North,Vegan,,,None,Custom,4002,2023-07-17,,True,0.619,3.26,Continental,0.072,,748.0
S3523,Aadi Bhasin,2023,3,B.Tech,CE,MH_B,Gujarat,West,Veg,,Strict,None,Full_Board,3932,2023-07-02,,True,0.803,3.1,North_Indian,0.106,,113.0
S3524,Anjali Krishna,2023,3,B.Tech,EE,MH_G,Punjab,North,Non_Veg,Weekly_Once,,Nut,Full_Board,3829,2023-07-17,,True,0.843,3.16,North_Indian,0.141,False,101.0
S3525,Indali Kala,2023,3,B.Tech,CH,MH_G,Rajasthan,North,pure-veg,,Strict,None,Full_Board,3507,2023-07-16,,True,0.648,3.16,,0.245,False,485.0
S3526,Chakradev Edwin,2023,3,B.Tech,ECE,MH_A,Kerala,South,Non_Veg,Daily,,Others,Lunch_Dinner,3762,02/07/2023,,True,0.745,3.31,No_Preference,0.213,True,563.0
S3527,Charita Chakraborty,2023,3,PhD,BT,MH_A,Rajasthan,North,Veg,,Indifferent,None,Full_Board,3899,2023-07-04,,True,1.2463859237867358,4.39,North_Indian,0.414,False,277.0
S3528,Jason Dey,2023,3,B.Tech,ECE,MH_A,Gujarat,West,Vegan,,,None,Full_Board,3500,2023-07-02,,True,0.7,3.9,South_Indian,0.457,False,1618.0
S3529,Rachana Kade,2023,3,B.Tech,CSE,MH_B,Uttar Pradesh,North,Veg,,Indifferent,,Full_Board,4137,2023-07-01,,True,0.632,4.41,,0.254,False,2743.0
S3530,Hema Lal,2023,3,B.Tech,BT,MH_A,Maharashtra,West,Non_Veg,Weekly_Once,,None,Breakfast_Only,3593,01/07/2023,,True,0.689,2.3,South_Indian,0.357,False,884.0
S3531,Anjali Korpal,2023,3,B.Tech,BT,MH_B,Andhra Pradesh,South,Non_Veg,Daily,,,Full_Board,3529,2023-07-07,,True,0.877,3.09,North_Indian,0.193,True,308.0
S3532,Harita Kade,2023,3,M.Tech,ME,MH_B,Bihar,North,Veg,,Indifferent,,Full_Board,3842,2023-07-15,,True,0.651,3.55,North_Indian,0.102,,583.0
S3533,Falguni Babu,2023,3,B.Tech,EE,MH_A,Tamil Nadu,South,NV,Rarely,,None,Full_Board,3726,18/07/2023,,True,0.444,3.54,,0.389,False,572.0
S3534,Aarnav Soni,2023,3,B.Tech,EE,MH_B,Madhya Pradesh,Central,Veg,,Strict,,Full_Board,4057,2023-07-03,,True,1.097489143954062,4.1,,0.327,,1980.0
S3535,Aditya Ghose,2023,3,M.Tech,ME,MH_A,Haryana,North,Veg,,Flexible,,Breakfast_Only,3917,17/07/2023,,True,0.871,3.83,South_Indian,0.503,False,300.0
S3536,Vrinda Ramaswamy,2023,3,B.Tech,ME,MH_G,Nagaland,Northeast,Veg,,Flexible,None,Full_Board,3592,2023-07-06,,True,0.607,2.31,,0.194,False,1061.0
S3537,Faras Yohannan,2023,3,B.Tech,CH,MH_B,Chhattisgarh,Central,Non_Veg,Alternate_Days,,None,Full_Board,4086,2023-07-04,,True,0.503,3.36,,0.703,,654.0
S3538,Sai Dasgupta,2023,3,B.Tech,CSE,MH_B,Maharashtra,West,Veg,,Strict,Lactose,Breakfast_Only,3874,2023-07-03,,True,0.814,3.81,North_Indian,0.05,,876.0
S3539,Krisha Parmar,2023,3,B.Tech,ECE,MH_B,Gujarat,West,Eggetarian,Weekly_Once,,,Lunch_Dinner,3885,2023-07-11,,True,0.782,3.55,North_Indian,0.463,True,609.0
S3540,Peter Anand,2023,3,B.Tech,CSE,MH_B,Tamil Nadu,South,Vegan,,,,Lunch_Dinner,4034,2023-07-05,,True,0.666,3.08,Continental,0.549,False,1061.0
S3541,Turvi Prabhakar,2023,3,B.Tech,CE,MH_B,Telangana,South,Veg,,Strict,None,Full_Board,3845,2023-07-15,,True,0.569,2.79,,0.517,False,289.0
S3542,Sai Andra,2023,3,B.Tech,CSE,MH_B,TN,South,Veg,,Strict,None,Lunch_Dinner,4077,"July 17, 2023",,True,0.709,3.71,South_Indian,0.866,,53.0
S3543,Anmol Mand,2023,3,B.Tech,EE,MH_B,Jharkhand,East,Non_Veg,Alternate_Days,,,Full_Board,4039,2023-07-11,,True,0.647,3.22,South_Indian,0.587,,242.0
S3544,Rehaan Chana,2023,3,B.Tech,CE,MH_G,Chhattisgarh,Central,Non_Veg,Weekly_Once,,,Full_Board,3885,2023-07-13,,True,0.79,3.72,,0.713,False,184.0
S3545,Timothy Kaur,2023,3,B.Tech,ME,MH_G,Tripura,Northeast,Non_Veg,Daily,,None,Full_Board,3953,2023-07-15,,True,0.658,3.41,North_Indian,0.257,True,404.0
S3546,Janani Bansal,2023,3,B.Tech,CSE,MH_B,Andhra Pradesh,South,Veg,,Indifferent,None,Full_Board,4123,"July 14, 2023",,True,0.734,3.39,South_Indian,0.519,,257.0
S3547,Waida Kadakia,2023,3,B.Tech,ME,MH_B,Punjab,North,Veg,,Strict,None,Full_Board,3974,2023-07-19,,True,0.89,4.33,South_Indian,0.312,,442.0
S3548,Rohan Randhawa,2023,3,B.Tech,BT,MH_G,Uttar Pradesh,North,Veg,,Strict,None,Full_Board,3752,03/07/2023,,True,0.886,4.05,North_Indian,0.439,False,163.0
S3549,Arunima Tella,2023,3,B.Tech,ECE,MH_B,Goa,West,Veg,,Strict,None,Lunch_Dinner,3820,"July 13, 2023",,True,0.393,2.6,South_Indian,0.549,,892.0
S3550,Onkar Hari,2023,3,B.Tech,CH,MH_A,Kerala,South,Veg,,Strict,None,Full_Board,3869,2023-07-03,,True,1.1525116557252932,3.47,,0.05,,431.0
S3551,Dhruv Dave,2024,2,B.Tech,CSE,MH_A,Rajasthan,North,Non_Veg,Alternate_Days,,,Full_Board,3909,2024-07-06,,True,0.745,2.37,South_Indian,0.295,False,100.0
S3552,,2024,2,PhD,BT,MH_A,Gujarat,West,Veg,,Strict,Nut,Full_Board,4240,2024-07-10,,True,0.643,4.08,No_Preference,0.637,False,748.0
S3553,Joshua Lad,2024,2,B.Tech,CSE,MH_B,Arunachal Pradesh,Northeast,Non_Veg,Alternate_Days,,None,Full_Board,4007,07/07/2024,,True,0.608,4.19,North_Indian,0.584,True,608.0
S3554,Anusha Handa,2024,2,M.Tech,CE,MH_G,Bihar,North,Veg,,Indifferent,None,Custom,3914,2024-07-07,,True,0.709,2.64,,0.275,,507.0
S3555,Zayyan Setty,2024,2,B.Tech,ME,MH_B,Bihar,North,Veg,,Flexible,,Full_Board,3825,09/07/2024,,True,0.662,4.0,North_Indian,0.082,False,424.0
S3556,Prisha Ben,2024,2,B.Tech,EE,MH_A,Punjab,North,Veg,,Flexible,Gluten,Full_Board,4127,2024-07-15,,True,0.679,3.45,,0.317,True,113.0
S3557,Rachana Ray,2024,2,B.Tech,Other,MH_B,Telangana,South,Veg,,Flexible,,Full_Board,3948,13/07/2024,,True,0.716,2.04,South_Indian,0.823,False,1464.0
S3558,Jairaj Vasa,2024,2,B.Tech,ME,MH_B,Uttarakhand,North,Veg,,Strict,,Full_Board,4119,2024-07-12,,True,0.622,2.13,North_Indian,0.611,False,282.0
S3559,Warhi Pathak,2024,2,B.Tech,CH,MH_A,Haryana,North,Non_Veg,Rarely,,Lactose,Full_Board,4170,2024-07-05,,True,0.611,2.58,,0.845,False,395.0
S3560,Udarsh Batta,2024,2,B.Tech,CH,MH_G,Tamil Nadu,South,non_veg,Daily,,,Lunch_Dinner,4244,"July 14, 2024",,True,0.781,3.03,North_Indian,0.514,False,552.0
S3561,Osha Walia,2024,2,B.Tech,EE,MH_G,Tamil Nadu,South,NV,Daily,,None,Lunch_Dinner,3930,16/07/2024,,True,0.832,3.17,No_Preference,0.531,False,768.0
S3562,Diya Ahluwalia,2024,2,PhD,ME,MH_A,West Bengal,East,Non_Veg,Rarely,,Others,Full_Board,3721,10/07/2024,,True,0.583,3.67,No_Preference,0.195,,629.0
S3563,Robert Natt,2024,2,B.Tech,ECE,MH_A,Delhi,North,Veg,,Indifferent,,Custom,4319,2024-07-10,,True,0.888,1.38,North_Indian,0.05,False,1438.0
S3564,Aryan Kara,2024,2,B.Tech,BT,MH_B,Kerala,South,Non-Veg,Alternate_Days,,None,Full_Board,4148,2024-07-16,,True,0.638,3.13,North_Indian,0.729,False,249.0
S3565,Falan Krish,2024,2,B.Tech,ECE,MH_A,Himachal Pradesh,North,Veg,,Strict,None,Full_Board,3770,04/07/2024,,True,0.58,3.52,Continental,0.231,False,253.0
S3566,Nitesh Narayan,2024,2,B.Tech,EE,MH_A,Bihar,North,Veg,,Indifferent,None,Full_Board,4197,2024-07-02,,True,0.668,2.8,,0.635,True,98.0
S3567,Dev Chatterjee,2024,2,PhD,Other,MH_A,Uttar Pradesh,North,Veg,,Flexible,None,Full_Board,4330,13/07/2024,,True,0.61,3.58,North_Indian,0.376,True,1456.0
S3568,Varsha Sankaran,2024,2,B.Tech,CSE,MH_A,Tamil Nadu,South,Non_Veg,Rarely,,Nut,Full_Board,3915,2024-07-18,,True,0.683,3.33,,0.241,False,866.0
S3569,Gaurika Krishna,2024,2,B.Tech,Other,MH_A,Uttar Pradesh,North,Veg,,Indifferent,,Full_Board,4019,"July 05, 2024",,True,0.462,2.98,North_Indian,0.057,,620.0
S3570,Hritik Solanki,2024,2,M.Tech,Other,MH_B,West Bengal,East,Non_Veg,Weekly_Once,,None,Full_Board,4178,"July 06, 2024",,True,0.934,1.75,South_Indian,0.08,False,685.0
S3571,Harini Bhagat,2024,2,B.Tech,ECE,MH_A,Karnataka,West,Eggetarian,Daily,,None,Full_Board,3800,2024-07-18,,True,0.584,3.16,North_Indian,0.233,False,218.0
S3572,Zinal Khalsa,2024,2,B.Tech,CSE,MH_B,Gujarat,West,Veg,,Strict,Lactose,Full_Board,3897,2024-07-02,,True,0.757,2.47,South_Indian,0.401,False,221.0
S3573,Reva Chandran,2024,2,B.Tech,BT,MH_A,Uttarakhand,North,Non_Veg,Daily,,,Full_Board,4059,2024-07-17,,True,0.579,4.18,,0.539,,199.0
S3574,Jeet Chada,2024,2,B.Tech,BT,MH_A,Gujarat,West,Eggetarian,Weekly_Once,,,Full_Board,4173,2024-07-12,,True,0.685,3.63,No_Preference,0.512,False,430.0
S3575,Bahadurjit Purohit,2024,2,B.Tech,ECE,MH_B,Uttar Pradesh,North,Veg,,Flexible,None,Full_Board,4061,2024-07-02,,True,0.953,4.18,South_Indian,0.277,False,170.0
S3576,Dhruv Datta,2024,2,B.Tech,CSE,MH_G,Uttar Pradesh,North,Veg,,Flexible,,Full_Board,4208,2024-07-12,,True,0.806,4.22,South_Indian,0.115,,205.0
S3577,Riya Bhakta,2024,2,B.Tech,EE,MH_B,Uttar Pradesh,North,Veg,,Indifferent,None,Full_Board,3956,2024-07-09,,True,0.536,3.76,,0.214,True,86.0
S3578,Rachana Bhatti,2024,2,M.Tech,ME,MH_B,Rajasthan,North,Non_Veg,Alternate_Days,,Gluten,Lunch_Dinner,4081,2024-07-03,,True,0.837,2.97,No_Preference,0.863,False,371.0
S3579,Daksh Ben,2024,2,B.Tech,Other,MH_A,Andhra Pradesh,South,Vegetarian,,Strict,,Full_Board,3626,2024-07-09,,True,0.701,3.6,North_Indian,0.46,False,1224.0
S3580,Lakshmi Ratti,2024,2,B.Tech,ECE,MH_B,Assam,Northeast,Non_Veg,Weekly_Once,,None,Full_Board,3968,2024-07-15,,True,0.758,2.93,South_Indian,0.319,,181.0
S3581,Nirja Kaul,2024,2,B.Tech,ME,MH_B,Chhattisgarh,Central,Non_Veg,Weekly_Once,,,Lunch_Dinner,4014,"July 12, 2024",,True,0.665,2.98,North_Indian,0.269,False,53.0
S3582,Sudiksha Rajagopalan,2024,2,B.Tech,CH,MH_B,Gujarat,East,Jain,,,None,Lunch_Dinner,4049,"July 14, 2024",,True,0.584,3.22,No_Preference,0.539,,561.0
S3583,Priya Chaudhuri,2024,2,B.Tech,CSE,MH_B,Rajasthan,North,Veg,,Strict,,Full_Board,4055,2024-07-14,,True,0.618,4.47,South_Indian,0.273,,562.0
S3584,Atharv Setty,2024,2,B.Tech,ME,MH_B,Kerala,South,Eggetarian,Daily,,None,Full_Board,4237,"July 10, 2024",,True,0.918,2.49,North_Indian,0.055,,357.0
S3585,Reyansh Chokshi,2024,2,B.Tech,CE,MH_B,Bihar,North,Veg,,Flexible,None,Full_Board,4111,2024-07-14,,True,0.711,3.11,North_Indian,0.521,False,1292.0
S3586,Advik Bir,2024,2,B.Tech,EE,MH_G,Uttar Pradesh,North,Veg,,Indifferent,Others,Full_Board,4120,"July 19, 2024",,True,0.773,4.17,North_Indian,0.428,False,801.0
S3587,Jonathan Upadhyay,2024,2,M.Tech,CSE,MH_A,West Bengal,East,Veg,,Flexible,None,Full_Board,4440,09/07/2024,,True,0.878,3.91,North_Indian,0.343,False,400.0
S3588,Isha Sama,2024,2,B.Tech,EE,MH_B,Uttar Pradesh,North,Veg,,Strict,None,Lunch_Dinner,3996,2024-07-01,,True,0.597,2.98,South_Indian,0.313,False,212.0
S3589,Sai Grewal,2024,2,B.Tech,CE,MH_B,Uttar Pradesh,North,Eggetarian,Alternate_Days,,,Full_Board,4034,16/07/2024,,True,0.704,2.73,North_Indian,0.094,False,79.0
S3590,Laksh Basu,2024,2,M.Tech,CH,MH_B,Uttar Pradesh,North,Veg,,Flexible,,Lunch_Dinner,4084,2024-07-11,,True,0.544,3.13,North_Indian,0.262,,550.0
S3591,Joshua Muni,2024,2,B.Tech,EE,MH_G,Madhya Pradesh,Central,Vegetarian,,Strict,None,Lunch_Dinner,4076,2024-07-02,,True,0.782,2.49,South_Indian,0.378,,990.0
S3592,Yochana Parmar,2024,2,B.Tech,CE,MH_A,Madhya Pradesh,Central,veg,,Indifferent,None,Breakfast_Only,4323,2024-07-02,,True,0.749,4.1,North_Indian,0.7,False,249.0
S3593,Madhav Din,2024,2,B.Tech,ECE,MH_B,Delhi,North,Veg,,Indifferent,,Full_Board,3884,2024-07-12,,True,0.719,2.26,No_Preference,0.102,,181.0
S3594,Dayamai Oza,2024,2,B.Tech,ME,MH_G,Kerala,South,Non_Veg,Alternate_Days,,,Full_Board,3519,2024-07-08,,True,0.853,3.39,,0.698,False,210.0
S3595,Jyoti Anand,2024,2,M.Tech,CSE,MH_B,West Bengal,East,Non_Veg,Daily,,None,Full_Board,3975,2024-07-16,,True,0.686,3.25,North_Indian,0.245,True,1454.0
S3596,Dakshesh Khanna,2024,2,B.Tech,Other,MH_A,Tripura,Northeast,Veg,,Flexible,None,Full_Board,3662,"July 14, 2024",,True,0.972,1.98,North_Indian,0.532,False,193.0
S3597,Pahal Padmanabhan,2024,2,B.Tech,BT,MH_B,Gujarat,West,Veg,,Indifferent,None,Full_Board,4021,2024-07-09,,True,0.534,3.32,North_Indian,0.484,False,1917.0
S3598,Sai Jaggi,2024,2,B.Tech,CSE,MH_B,Telangana,South,Veg,,Flexible,,Full_Board,4005,2024-07-09,,True,0.745,3.18,North_Indian,0.362,False,766.0
S3599,Harita Gulati,2024,2,PhD,EE,MH_A,Telangana,South,Veg,,Indifferent,None,Breakfast_Only,4299,2024-07-12,,True,0.699,1.68,No_Preference,0.146,True,981.0
S3600,Unni Narula,2024,2,M.Tech,EE,MH_B,Bihar,North,Eggetarian,Weekly_Once,,None,Custom,4147,"July 12, 2024",,True,0.735,2.76,No_Preference,0.324,True,52.0
S3601,Chandani Sahota,2024,2,B.Tech,CH,MH_B,Telangana,South,Non_Veg,Weekly_Once,,None,Full_Board,4052,2024-07-17,,True,0.838,3.56,,0.318,False,187.0
S3602,Nicholas Cheema,2024,2,B.Tech,CSE,MH_G,West Bengal,East,Eggetarian,Daily,,None,Breakfast_Only,3810,14/07/2024,,True,0.554,3.71,South_Indian,0.53,,1597.0
S3603,Brijesh Tandon,2024,2,B.Tech,ECE,MH_G,Uttar Pradesh,North,Eggetarian,Weekly_Once,,None,Custom,3999,07/07/2024,,True,0.664,2.67,No_Preference,0.364,False,1105.0
S3604,Aarush Kapoor,2024,2,PhD,ECE,MH_A,Manipur,Northeast,Veg,,Flexible,Gluten,Breakfast_Only,4197,16/07/2024,,True,0.675,3.87,North_Indian,0.154,False,1457.0
S3605,Unnati Kala,2024,2,B.Tech,CSE,MH_B,Odisha,East,Non_Veg,Alternate_Days,,None,Full_Board,4277,"July 15, 2024",,True,0.699,3.51,No_Preference,0.612,False,243.0
S3606,Vasana Narula,2024,2,M.Tech,EE,MH_B,Chhattisgarh,Central,Non_Veg,Weekly_Once,,None,Full_Board,3880,2024-07-16,,True,0.962,2.46,South_Indian,0.434,,654.0
S3607,Samesh Ratta,2024,2,M.Tech,CSE,MH_B,Karnataka,South,Veg,,Strict,,Full_Board,3988,01/07/2024,,True,0.833,2.47,North_Indian,0.611,False,330.0
S3608,Abeer Patil,2024,2,B.Tech,CSE,MH_G,West Bengal,East,Non-Veg,Alternate_Days,,None,Custom,3936,02/07/2024,,True,0.63,2.35,South_Indian,0.2,True,788.0
S3609,Ethan Parmar,2024,2,B.Tech,CE,MH_G,Madhya Pradesh,Central,Veg,,Strict,None,Lunch_Dinner,4079,"July 18, 2024",,True,0.874,2.15,,0.722,False,1624.0
S3610,Ishwar Dhar,2024,2,B.Tech,ECE,MH_A,Himachal Pradesh,North,Non_Veg,Weekly_Once,,None,Full_Board,3975,2024-07-10,,True,0.826,3.22,North_Indian,0.364,,1230.0
S3611,,2024,2,PhD,CE,MH_A,Rajasthan,North,Veg,,Strict,None,Custom,3970,"July 02, 2024",,True,0.88,2.36,North_Indian,0.417,False,282.0
S3612,Ria Hayer,2024,2,PhD,ECE,MH_B,West Bengal,East,Non_Veg,Alternate_Days,,Lactose,Full_Board,4263,2024-07-09,,True,0.648,2.22,No_Preference,0.507,,139.0
S3613,Caleb Balan,2024,2,B.Tech,CE,MH_B,West Bengal,East,Non_Veg,Alternate_Days,,,Lunch_Dinner,3962,"July 14, 2024",,True,0.69,4.92,North_Indian,0.543,,77.0
S3614,Rudra Mander,2024,2,B.Tech,ECE,MH_B,West Bengal,East,Veg,,Strict,,Full_Board,4108,"July 08, 2024",,True,0.914,4.16,,0.626,True,2437.0
S3615,Theodore Lala,2024,2,M.Tech,EE,MH_A,Gujarat,West,Veg,,Flexible,,Full_Board,4198,2024-07-18,,True,0.549,2.48,North_Indian,0.652,False,570.0
S3616,Harinakshi Korpal,2024,2,M.Tech,CH,MH_B,Karnataka,South,Eggetarian,Weekly_Once,,None,Full_Board,3810,2024-07-14,,True,0.675,2.7,,0.089,,1362.0
S3617,Rohan Bains,2024,2,B.Tech,CE,MH_B,Kerala,South,Non_Veg,Daily,,,Full_Board,4264,2024-07-10,,True,0.819,3.06,,0.51,True,998.0
S3618,Adweta Chaudhuri,2024,2,PhD,CE,MH_B,Uttar Pradesh,Northeast,Non_Veg,Weekly_Once,,,Full_Board,3925,19/07/2024,,True,0.749,4.08,,0.333,True,53.0
S3619,Laksh Raghavan,2024,2,B.Tech,CSE,MH_B,Uttar Pradesh,North,Veg,,Indifferent,Others,Lunch_Dinner,4124,2024-07-05,,True,0.675,3.59,South_Indian,0.272,False,1720.0
S3620,Hamsini Kade,2024,2,B.Tech,CSE,MH_B,Gujarat,West,Vegan,,,Others,Lunch_Dinner,3905,2024-07-17,,True,0.659,3.92,,0.299,True,92.0
S3621,Tanmayi Khatri,2024,2,B.Tech,ECE,MH_G,Gujarat,South,Veg,,Strict,,Custom,3860,"July 03, 2024",,True,0.674,3.84,North_Indian,0.195,,349.0
S3622,Kashish Garg,2024,2,PhD,ECE,MH_B,Kerala,South,Veg,,Flexible,None,Full_Board,4112,"July 02, 2024",,True,0.651,3.84,North_Indian,0.253,True,766.0
S3623,Dhruv Dani,2024,2,M.Tech,CSE,MH_B,Bihar,North,Veg,,Indifferent,None,Full_Board,4084,2024-07-12,,True,0.469,3.32,No_Preference,0.13,,328.0
S3624,Kalpit Gupta,2024,2,B.Tech,CE,MH_B,West Bengal,East,Non_Veg,Weekly_Once,,None,Full_Board,3764,2024-07-17,,True,0.686,1.2,South_Indian,0.24,False,802.0
S3625,Kritika Prasad,2024,2,B.Tech,CSE,MH_B,West Bengal,East,Non_Veg,Alternate_Days,,None,Custom,4215,2024-07-14,,True,0.838,4.07,No_Preference,0.122,,323.0
S3626,Pushti Konda,2024,2,B.Tech,EE,MH_B,Maharashtra,West,Eggetarian,Daily,,,Full_Board,4098,"July 10, 2024",,True,0.627,3.52,,0.312,True,90.0
S3627,Ranbir Wason,2024,2,B.Tech,CE,MH_A,Maharashtra,West,Eggetarian,Weekly_Once,,None,Breakfast_Only,4179,2024-07-01,,True,0.68,3.14,South_Indian,0.193,False,993.0
S3628,Manthan Narang,2024,2,M.Tech,ME,MH_B,Uttarakhand,North,Veg,,Flexible,Gluten,Full_Board,4291,17/07/2024,,True,0.834,4.37,South_Indian,0.144,,276.0
S3629,Chatresh Mammen,2024,2,B.Tech,CE,MH_G,Uttar Pradesh,North,Veg,,Indifferent,None,Full_Board,3872,2024-07-04,,True,0.752,2.52,North_Indian,0.182,True,298.0
S3630,Yashoda Suresh,2024,2,B.Tech,ECE,MH_B,Bihar,North,Veg,,Strict,None,Full_Board,4006,2024-07-08,,True,0.592,3.66,North_Indian,0.288,,124.0
S3631,Finn Singhal,2024,2,M.Tech,ECE,MH_B,Telangana,South,Veg,,Flexible,,Full_Board,4117,"July 07, 2024",,True,0.832,1.24,South_Indian,0.908,,139.0
S3632,Oliver Trivedi,2024,2,B.Tech,CSE,MH_B,Gujarat,West,Veg,,Indifferent,,Full_Board,3694,01/07/2024,,True,0.589,3.2,North_Indian,0.411,,292.0
S3633,Yashodhara Prasad,2024,2,B.Tech,Other,MH_A,Bihar,North,Veg,,Strict,None,Full_Board,4377,2024-07-18,,True,0.729,2.38,South_Indian,0.209,False,191.0
S3634,Zilmil Shetty,2024,2,B.Tech,CE,MH_A,Punjab,North,Veg,,Strict,,Full_Board,4045,2024-07-17,,True,0.902,3.01,South_Indian,0.508,,367.0
S3635,Ekanta Prakash,2024,2,B.Tech,EE,MH_G,Uttar Pradesh,North,Veg,,Flexible,,Custom,3966,2024-07-14,,True,0.834,5.0,,0.248,False,1451.0
S3636,Warda Som,2024,2,B.Tech,CSE,MH_G,Rajasthan,North,Vegan,,,None,Custom,4256,2024-07-07,,True,1.0,3.22,South_Indian,0.218,,423.0
S3637,Nandini Bansal,2024,2,M.Tech,CE,MH_A,Rajasthan,North,Veg,,Flexible,None,Full_Board,4427,2024-07-14,,True,0.753,3.24,South_Indian,0.609,,215.0
S3638,Theodore Jain,2024,2,M.Tech,EE,MH_B,Uttar Pradesh,North,Veg,,Flexible,None,Breakfast_Only,3932,2024-07-07,,True,0.736,3.55,South_Indian,0.736,False,1918.0
S3639,Wahab Randhawa,2024,2,B.Tech,Other,MH_A,Karnataka,South,Veg,,Strict,None,Full_Board,4239,"July 13, 2024",,True,0.804,4.61,North_Indian,0.157,False,783.0
S3640,Damini Sandal,2024,2,B.Tech,ME,MH_B,Madhya Pradesh,Central,Veg,,Strict,None,Breakfast_Only,3862,2024-07-11,,True,0.591,3.7,North_Indian,0.323,False,318.0
S3641,Naksh Prasad,2024,2,M.Tech,CE,MH_G,Maharashtra,West,Veg,,Flexible,Nut,Lunch_Dinner,4048,2024-07-10,,True,0.624,2.81,,0.2,False,1527.0
S3642,Frado Desai,2024,2,M.Tech,ECE,MH_B,Andhra Pradesh,South,Non_Veg,Rarely,,None,Full_Board,4054,"July 14, 2024",,True,0.715,2.99,North_Indian,0.128,True,392.0
S3643,Chakrika Saxena,2024,2,B.Tech,Other,MH_A,West Bengal,East,Veg,,Strict,,Lunch_Dinner,4316,2024-07-13,,True,0.799,2.97,South_Indian,0.607,,1388.0
S3644,Victor Barman,2024,2,B.Tech,CE,MH_A,Bihar,North,Veg,,Strict,None,Full_Board,4263,2024-07-09,,True,0.724,3.12,North_Indian,0.592,True,974.0
S3645,Yauvani Nayar,2024,2,M.Tech,Other,MH_A,Bihar,North,Veg,,Strict,,Full_Board,4289,15/07/2024,,True,0.758,3.61,South_Indian,0.491,False,166.0
S3646,Shravya Sibal,2024,2,B.Tech,CSE,MH_B,Bihar,North,Veg,,Flexible,None,Full_Board,3683,2024-07-08,,True,0.676,3.93,No_Preference,0.24,False,308.0
S3647,Nilima Pillai,2024,2,M.Tech,CSE,MH_B,Rajasthan,North,Veg,,Strict,None,Lunch_Dinner,4012,2024-07-04,,True,0.553,4.82,South_Indian,0.377,False,335.0
S3648,Edhitha Mahajan,2024,2,B.Tech,ECE,MH_B,Gujarat,West,Vegan,,,,Full_Board,4270,"July 01, 2024",,True,0.729,2.9,South_Indian,0.239,False,2662.0
S3649,Aryan Gola,2024,2,B.Tech,ME,MH_A,Karnataka,South,Non_Veg,Daily,,None,Custom,4012,11/07/2024,,True,0.793,2.84,South_Indian,0.352,False,345.0
S3650,Vivaan Lanka,2024,2,B.Tech,ME,MH_B,West Bengal,East,nonveg,Alternate_Days,,,Lunch_Dinner,3898,"July 02, 2024",,True,0.712,2.71,South_Indian,0.228,False,86.0
S3651,Jagrati Butala,2024,2,B.Tech,BT,MH_B,Telangana,South,VEG,,Strict,,Lunch_Dinner,4092,13/07/2024,,True,0.78,2.59,,0.261,True,398.0
S3652,Yachana Varghese,2024,2,B.Tech,CE,MH_B,Jharkhand,East,Veg,,Flexible,None,Full_Board,4185,2024-07-02,,True,0.894,5.0,North_Indian,0.349,True,288.0
S3653,Aradhana Kari,2024,2,B.Tech,EE,MH_B,West Bengal,East,Non_Veg,Weekly_Once,,None,Full_Board,4102,2024-07-16,,True,0.666,3.11,South_Indian,0.23,True,151.0
S3654,Jagat Bora,2024,2,B.Tech,BT,MH_B,Maharashtra,West,Non_Veg,Alternate_Days,,,Lunch_Dinner,4234,2024-07-18,,True,0.627,3.58,North_Indian,0.879,True,803.0
S3655,Balvan Iyer,2024,2,PhD,ECE,MH_G,Uttarakhand,North,Veg,,Flexible,None,Full_Board,4060,2024-07-11,,True,1.2190282771558534,3.32,North_Indian,0.373,False,449.0
S3656,Ronith Narayan,2024,2,B.Tech,ME,MH_A,Bihar,North,Veg,,Flexible,,Full_Board,4078,2024-07-14,,True,0.611,3.53,South_Indian,0.337,False,830.0
S3657,Chasmum Maharaj,2024,2,PhD,BT,MH_G,Tripura,Northeast,Eggetarian,Alternate_Days,,None,Full_Board,3745,2024-07-15,,True,0.719,3.32,North_Indian,0.417,,236.0
S3658,Lakshit Lal,2024,2,B.Tech,CE,MH_G,Bihar,North,Veg,,Strict,None,Full_Board,4072,2024-07-11,,True,0.73,4.04,No_Preference,0.375,False,125.0
S3659,Chandani Manda,2024,2,B.Tech,CH,MH_B,Nagaland,Northeast,Veg,,Flexible,,Full_Board,4194,"July 09, 2024",,True,0.761,4.94,North_Indian,0.546,False,283.0
S3660,Netra Ravi,2024,2,B.Tech,EE,MH_A,Punjab,North,Veg,,Indifferent,Nut,Lunch_Dinner,3907,2024-07-16,,True,0.487,3.9,South_Indian,0.322,False,190.0
S3661,Urmi Vala,2024,2,B.Tech,ECE,MH_B,Maharashtra,West,Veg,,Strict,None,Full_Board,4196,15/07/2024,,True,0.571,2.73,South_Indian,0.272,,343.0
S3662,Mitali Kari,2024,2,B.Tech,ME,MH_B,Assam,Northeast,Non_Veg,Daily,,None,Custom,4105,03/07/2024,,True,0.866,2.61,,0.095,,80.0
S3663,Shaurya Som,2024,2,M.Tech,ECE,MH_G,Haryana,North,Eggetarian,Weekly_Once,,Lactose,Full_Board,3607,2024-07-03,,True,0.649,2.89,Continental,0.119,False,605.0
S3664,,2024,2,B.Tech,Other,MH_A,Jharkhand,East,Non_Veg,Rarely,,None,Full_Board,3958,2024-07-19,,True,0.716,3.07,North_Indian,0.653,True,301.0
S3665,Zaitra Sidhu,2024,2,B.Tech,ME,MH_A,Chhattisgarh,Central,Veg,,Strict,None,Full_Board,4185,2024-07-16,,True,0.671,3.68,North_Indian,0.262,True,89.0
S3666,Harini Chada,2024,2,B.Tech,ECE,MH_B,Tamil Nadu,South,Eggetarian,Alternate_Days,,None,Full_Board,4120,2024-07-04,,True,0.545,2.42,South_Indian,0.767,False,999.0
S3667,Raghav Sanghvi,2024,2,B.Tech,CH,MH_G,Telangana,South,Veg,,Flexible,None,Full_Board,4051,08/07/2024,,True,0.694,2.26,No_Preference,0.796,False,2276.0
S3668,Shaurya Sarna,2024,2,M.Tech,CE,MH_A,Telangana,South,Non_Veg,Weekly_Once,,Lactose,Full_Board,4031,2024-07-08,,True,0.762,2.12,North_Indian,0.414,False,125.0
S3669,Ayushman Prasad,2024,2,M.Tech,CE,MH_B,Goa,West,Veg,,Flexible,,Full_Board,4333,"July 01, 2024",,True,0.467,2.48,South_Indian,0.127,True,161.0
S3670,Kabir Mody,2024,2,B.Tech,CE,MH_A,Delhi,North,Non_Veg,Alternate_Days,,,Full_Board,4054,18/07/2024,,True,0.869,3.76,No_Preference,0.407,True,2598.0
S3671,Xalak Pant,2024,2,M.Tech,CH,MH_A,Tamil Nadu,South,Veg,,Strict,Others,Lunch_Dinner,4143,2024-07-18,,True,0.691,2.3,South_Indian,0.815,False,1380.0
S3672,Umang Saini,2024,2,B.Tech,ME,MH_A,Uttar Pradesh,North,Non_Veg,Alternate_Days,,None,Custom,4013,"July 16, 2024",,True,0.579,3.58,,0.686,True,129.0
S3673,Netra Yogi,2024,2,B.Tech,ME,MH_A,Gujarat,West,Non_Veg,Alternate_Days,,None,Lunch_Dinner,4022,"July 02, 2024",,True,0.819,2.72,North_Indian,0.063,False,567.0
S3674,Eshana Bajaj,2024,2,B.Tech,EE,MH_B,Tamil Nadu,South,Non_Veg,Weekly_Once,,,Custom,4200,2024-07-06,,True,0.681,3.84,No_Preference,0.48,True,381.0
S3675,Liam Dube,2024,2,PhD,CSE,MH_A,Uttar Pradesh,North,Veg,,Strict,,Full_Board,4132,10/07/2024,,True,0.423,2.68,,0.338,False,306.0
S3676,Mahika Raj,2024,2,B.Tech,CSE,MH_A,Kerala,South,Non_Veg,Weekly_Once,,None,Lunch_Dinner,4163,2024-07-04,,True,0.721,2.81,South_Indian,0.633,False,757.0
S3677,,2024,2,B.Tech,BT,MH_A,Kerala,South,Non_Veg,Alternate_Days,,None,Full_Board,3891,08/07/2024,,True,0.725,3.16,No_Preference,0.05,False,166.0
S3678,Mahika Bhatt,2024,2,B.Tech,CSE,MH_B,Andhra Pradesh,South,Non_Veg,Alternate_Days,,None,Lunch_Dinner,3750,"July 15, 2024",,True,0.77,3.91,,0.383,False,129.0
S3679,Raghav Soman,2024,2,PhD,CSE,MH_A,Madhya Pradesh,Central,Non_Veg,Weekly_Once,,None,Full_Board,4107,2024-07-09,,True,0.737,2.97,,0.458,True,459.0
S3680,Falguni Seth,2024,2,B.Tech,ECE,MH_A,Gujarat,West,Eggetarian,Alternate_Days,,None,Lunch_Dinner,3857,2024-07-10,,True,0.733,2.38,North_Indian,0.477,,302.0
S3681,Girik Garg,2024,2,M.Tech,CSE,MH_A,West Bengal,East,Non_Veg,Alternate_Days,,,Full_Board,4006,2024-07-03,,True,0.645,3.61,No_Preference,0.412,True,216.0
S3682,Peter Balay,2024,2,PhD,Other,MH_A,Uttarakhand,North,Veg,,Indifferent,None,Lunch_Dinner,3918,08/07/2024,,True,0.727,4.16,No_Preference,0.555,True,695.0
S3683,Avi Grover,2024,2,M.Tech,ME,MH_A,Uttar Pradesh,North,Veg,,Strict,None,Full_Board,4296,19/07/2024,,True,0.902,3.63,,0.546,,1162.0
S3684,Ekaraj Raju,2024,2,B.Tech,ECE,MH_A,Punjab,North,Veg,,Strict,None,Lunch_Dinner,3967,08/07/2024,,True,0.821,1.96,,0.39,,261.0
S3685,Samesh Kaul,2024,2,B.Tech,BT,MH_B,Rajasthan,North,Veg,,Strict,,Custom,3559,11/07/2024,,True,0.748,2.83,North_Indian,0.572,True,632.0
S3686,Ekaraj Sha,2024,2,B.Tech,ECE,MH_B,Rajasthan,North,Veg,,Flexible,,Custom,4130,2024-07-16,,True,0.559,2.59,North_Indian,0.459,False,764.0
S3687,Jyoti Vasa,2024,2,B.Tech,CE,MH_A,Punjab,North,Veg,,Flexible,None,Full_Board,4141,19/07/2024,,True,0.54,4.24,Continental,0.261,False,697.0
S3688,Onveer Narain,2024,2,PhD,CSE,MH_G,Andhra Pradesh,South,Jain,,,None,Breakfast_Only,3841,"July 04, 2024",,True,0.728,3.15,North_Indian,0.615,,151.0
S3689,Mahika Dugar,2024,2,B.Tech,Other,MH_A,West Bengal,East,Non_Veg,Daily,,,Custom,3768,2024-07-02,,True,0.644,4.68,North_Indian,0.353,False,1853.0
S3690,Kai Yadav,2024,2,B.Tech,CSE,MH_A,Kerala,South,Non_Veg,Daily,,None,Full_Board,4020,09/07/2024,,True,0.824,3.85,No_Preference,0.118,,70.0
S3691,Vanya Biswas,2024,2,B.Tech,ME,MH_A,Gujarat,West,Veg,,Strict,,Full_Board,3769,"July 09, 2024",,True,0.663,3.95,South_Indian,0.826,False,117.0
S3692,Samuel De,2024,2,B.Tech,ECE,MH_B,Uttarakhand,North,Veg,,Strict,None,Full_Board,4140,2024-07-06,,True,0.624,4.12,South_Indian,0.196,,1049.0
S3693,Dayita Sankaran,2024,2,B.Tech,BT,MH_A,Maharashtra,West,Eggetarian,Weekly_Once,,,Full_Board,3958,"July 18, 2024",,True,0.761,3.5,Continental,0.464,False,188.0
S3694,Nathan Mukherjee,2024,2,B.Tech,CH,MH_B,Telangana,South,Non_Veg,Alternate_Days,,None,Full_Board,4003,18/07/2024,,True,0.678,2.28,,0.526,,961.0
S3695,Yadavi Shanker,2024,2,M.Tech,CSE,MH_B,Rajasthan,North,Veg,,Flexible,None,Full_Board,4035,"July 16, 2024",,True,0.764,3.33,North_Indian,0.199,True,1107.0
S3696,Saksham Amble,2024,2,B.Tech,CE,MH_G,Odisha,East,Veg,,Indifferent,None,Full_Board,4229,15/07/2024,,True,0.627,2.82,,0.572,,1468.0
S3697,Sanaya Bhatt,2024,2,M.Tech,CSE,MH_A,Tamil Nadu,South,Veg,,Flexible,None,Lunch_Dinner,4125,2024-07-07,,True,0.568,3.52,South_Indian,0.096,,2807.0
S3698,Yatin Vora,2024,2,M.Tech,EE,MH_A,Punjab,North,Veg,,Indifferent,Others,Full_Board,4447,2024-07-01,,True,0.581,3.65,South_Indian,0.333,False,486.0
S3699,Vritti Sharma,2024,2,B.Tech,ME,MH_A,Rajasthan,North,Jain,,,None,Full_Board,3711,2024-07-12,,True,0.536,2.58,No_Preference,0.515,False,388.0
S3700,Balveer Chand,2024,2,PhD,CSE,MH_A,Bihar,North,Veg,,Indifferent,None,Full_Board,4169,08/07/2024,,True,0.73,2.3,Continental,0.681,False,55.0
S3701,Tanmayi Palan,2024,2,B.Tech,ECE,MH_A,Odisha,East,Non_Veg,Weekly_Once,,,Full_Board,4097,2024-07-16,,True,0.618,3.33,North_Indian,0.573,True,758.0
S3702,Mahika Gill,2024,2,B.Tech,ECE,MH_G,Madhya Pradesh,Central,Veg,,Indifferent,Others,Custom,3819,2024-07-12,,True,0.578,3.28,South_Indian,0.778,False,1830.0
S3703,,2024,2,B.Tech,Other,MH_G,Andhra Pradesh,South,Veg,,Flexible,,Full_Board,4043,2024-07-11,,True,0.617,3.01,,0.321,True,344.0
S3704,Zaid Gola,2024,2,B.Tech,CE,MH_B,Gujarat,West,Veg,,Flexible,None,Full_Board,4110,"July 10, 2024",,True,0.721,2.78,South_Indian,0.352,False,158.0
S3705,Tanvi Rajagopalan,2024,2,M.Tech,BT,MH_B,Bihar,North,Veg,,Flexible,Lactose,Full_Board,3697,2024-07-03,,True,0.902,3.36,North_Indian,0.403,,545.0
S3706,Girish Ramaswamy,2024,2,B.Tech,CE,MH_G,Karnataka,South,Non_Veg,Weekly_Once,,Nut,Custom,4220,05/07/2024,,True,0.693,2.37,,0.764,,251.0
S3707,Wriddhish Dugar,2024,2,PhD,BT,MH_B,Punjab,North,Veg,,Strict,,Full_Board,3880,2024-07-03,,True,0.633,3.93,,0.787,False,580.0
S3708,Bishakha Bhavsar,2024,2,B.Tech,CSE,MH_B,TAMIL NADU,South,Non_Veg,Rarely,,None,Full_Board,3844,"July 16, 2024",,True,0.638,2.86,No_Preference,0.533,,596.0
S3709,,2024,2,B.Tech,ME,MH_B,West Bengal,East,Non_Veg,Alternate_Days,,None,Full_Board,4313,"July 12, 2024",,True,0.887,3.95,North_Indian,0.525,,493.0
S3710,Wakeeta Sabharwal,2024,2,B.Tech,CSE,MH_B,Chhattisgarh,Central,Veg,,Strict,None,Lunch_Dinner,4144,2024-07-04,,True,0.65,2.1,,0.229,,61.0
S3711,Jyoti Bose,2024,2,B.Tech,CH,MH_B,Kerala,South,non_veg,Rarely,,None,Full_Board,4074,"July 14, 2024",,True,0.774,4.04,,0.359,True,1704.0
S3712,Yamini Nanda,2024,2,B.Tech,ECE,MH_A,Rajasthan,North,Vegan,,,Gluten,Breakfast_Only,3957,2024-07-18,,True,1.133400109675918,2.56,North_Indian,0.53,True,324.0
S3713,Shravya Gala,2024,2,B.Tech,EE,MH_B,Bihar,North,Non_Veg,Weekly_Once,,,Custom,3889,2024-07-05,,True,0.662,2.45,No_Preference,0.418,False,161.0
S3714,Sarthak Toor,2024,2,B.Tech,CSE,MH_G,Telangana,South,Veg,,Strict,,Lunch_Dinner,4126,"July 01, 2024",,True,0.777,4.07,North_Indian,0.243,False,620.0
S3715,Turvi Bala,2024,2,B.Tech,CSE,MH_A,Tamil Nadu,South,Non_Veg,Rarely,,None,Lunch_Dinner,4259,"July 05, 2024",,True,0.602,2.78,South_Indian,0.818,False,1172.0
S3716,Triya Raj,2024,2,B.Tech,CE,MH_B,Maharashtra,West,Veg,,Strict,None,Full_Board,3950,15/07/2024,,True,0.715,3.24,South_Indian,0.328,True,534.0
S3717,Mohini Hayer,2024,2,M.Tech,CH,MH_A,Mizoram,Northeast,Non_Veg,Weekly_Once,,Nut,Lunch_Dinner,3976,2024-07-17,,True,0.722,4.3,South_Indian,0.331,True,471.0
S3718,Baljiwan Anne,2024,2,B.Tech,ECE,MH_A,Telangana,South,Veg,,Indifferent,,Full_Board,4124,2024-07-14,,True,0.68,3.56,No_Preference,0.237,True,841.0
S3719,Ishwar Deshpande,2024,2,B.Tech,CE,MH_G,Delhi,North,Veg,,Strict,None,Full_Board,3876,2024-07-19,,True,0.775,4.38,Continental,0.246,True,77.0
S3720,Ucchal Sundaram,2024,2,M.Tech,ME,MH_A,Telangana,South,Veg,,Strict,,Custom,4005,2024-07-02,,True,0.84,4.65,South_Indian,0.46,False,881.0
S3721,Ekansh Butala,2024,2,B.Tech,CE,MH_B,Uttar Pradesh,North,Veg,,Strict,None,Full_Board,3976,12/07/2024,,True,0.803,3.96,No_Preference,0.299,False,1620.0
S3722,Raksha Dey,2024,2,B.Tech,EE,MH_G,Uttar Pradesh,North,Veg,,Flexible,None,Lunch_Dinner,4246,2024-07-02,,True,0.719,2.54,No_Preference,0.679,True,206.0
S3723,Arya Edwin,2024,2,M.Tech,CSE,MH_A,Uttar Pradesh,North,Eggetarian,Alternate_Days,,None,Full_Board,4126,2024-07-13,,True,0.758,3.21,South_Indian,0.577,,1803.0
S3724,,2024,2,B.Tech,EE,MH_B,Kerala,South,Non_Veg,Alternate_Days,,Nut,Full_Board,4038,2024-07-08,,True,0.738,3.38,,0.127,,1029.0
S3725,,2024,2,B.Tech,BT,MH_B,Tripura,Northeast,Non_Veg,Rarely,,,Lunch_Dinner,3952,"July 04, 2024",,True,0.714,3.21,No_Preference,0.725,True,471.0
S3726,Andrew Chaudhry,2024,2,B.Tech,ECE,MH_G,Kerala,South,Veg,,Strict,None,Full_Board,3877,2024-07-05,,True,0.766,2.95,North_Indian,0.535,False,384.0
S3727,Chaitaly Dash,2024,2,B.Tech,CSE,MH_A,Maharashtra,West,Veg,,Strict,None,Full_Board,3802,2024-07-19,,True,0.757,1.44,No_Preference,0.309,False,316.0
S3728,Om Brahmbhatt,2024,2,B.Tech,Other,MH_B,Tripura,Northeast,Non_Veg,Rarely,,None,Lunch_Dinner,3970,2024-07-17,,True,0.662,4.11,North_Indian,0.768,,1131.0
S3729,Anjali Dube,2024,2,M.Tech,ME,MH_A,Uttar Pradesh,North,Veg,,Strict,None,Lunch_Dinner,4202,15/07/2024,,True,0.548,3.54,,0.324,,1122.0
S3730,Ishita Gokhale,2024,2,B.Tech,ECE,MH_A,Maharashtra,West,Veg,,Strict,,Full_Board,3870,2024-07-12,,True,0.602,3.42,North_Indian,0.714,False,2117.0
S3731,Bakhshi Walia,2024,2,B.Tech,ECE,MH_A,Bihar,North,Veg,,Flexible,Others,Full_Board,4119,02/07/2024,,True,0.805,3.88,South_Indian,0.674,,1124.0
S3732,Riya Batta,2024,2,B.Tech,EE,MH_A,Maharashtra,West,Veg,,Strict,Lactose,Breakfast_Only,3897,2024-07-07,,True,0.688,3.24,North_Indian,0.44,True,1288.0
S3733,Madhavi Morar,2024,2,B.Tech,Other,MH_B,Gujarat,West,Veg,,Strict,Lactose,Full_Board,4267,12/07/2024,,True,0.735,3.3,South_Indian,0.378,False,956.0
S3734,Charles Agrawal,2024,2,B.Tech,CE,MH_A,Kerala,South,Non_Veg,Weekly_Once,,None,Lunch_Dinner,4257,"July 11, 2024",,True,0.827,2.13,,0.548,True,612.0
S3735,Krishna Jaggi,2024,2,B.Tech,CE,MH_G,Bihar,North,Non_Veg,Daily,,None,Breakfast_Only,4129,2024-07-05,,True,0.712,3.74,North_Indian,0.135,,473.0
S3736,Kavya Khare,2024,2,B.Tech,ECE,MH_A,Tripura,Northeast,Non_Veg,Daily,,None,Full_Board,3926,2024-07-01,,True,0.668,3.77,North_Indian,0.647,True,108.0
S3737,Gavin Babu,2024,2,PhD,ECE,MH_A,Gujarat,West,Veg,,Flexible,None,Breakfast_Only,4067,13/07/2024,,True,0.542,2.07,North_Indian,0.219,False,184.0
S3738,Ayaan Atwal,2024,2,B.Tech,CE,MH_B,Uttar Pradesh,North,Veg,,Strict,None,Full_Board,4583,11/07/2024,,True,0.529,4.33,Continental,0.268,True,98.0
S3739,Rehaan Bhatnagar,2024,2,B.Tech,ECE,MH_B,West Bengal,East,Non_Veg,Alternate_Days,,None,Lunch_Dinner,4037,01/07/2024,,True,0.761,4.68,North_Indian,0.297,,1509.0
S3740,Gopal Ganesh,2024,2,B.Tech,BT,MH_A,Gujarat,West,Eggetarian,Weekly_Once,,Lactose,Full_Board,4057,2024-07-03,,True,0.777,2.82,North_Indian,0.47,False,223.0
S3741,Chaitanya Sagar,2024,2,B.Tech,ME,MH_A,tamilnadu,South,Non_Veg,Alternate_Days,,None,Full_Board,4116,19/07/2024,,True,0.8,3.9,North_Indian,0.29,,255.0
S3742,Eta Naidu,2024,2,B.Tech,CSE,MH_G,Andhra Pradesh,South,Veg,,Strict,,Full_Board,4197,08/07/2024,,True,0.598,1.74,Continental,0.433,True,257.0
S3743,Sarthak Rana,2024,2,B.Tech,ME,MH_A,Maharashtra,West,Veg,,Flexible,Nut,Custom,4118,"July 19, 2024",,True,0.502,3.49,South_Indian,0.454,,183.0
S3744,Jai Kata,2024,2,B.Tech,CSE,MH_A,Uttarakhand,North,Eggetarian,Alternate_Days,,None,Full_Board,4090,02/07/2024,,True,0.747,4.17,North_Indian,0.373,False,142.0
S3745,Hitesh Parikh,2024,2,B.Tech,CSE,MH_A,Bihar,North,Veg,,Flexible,None,Full_Board,3878,2024-07-03,,True,1.1677134228759367,4.0,,0.506,,562.0
S3746,Oscar Aurora,2024,2,B.Tech,CH,MH_A,Andhra Pradesh,South,Non_Veg,Daily,,None,Lunch_Dinner,4228,2024-07-07,,True,0.706,2.51,North_Indian,0.317,True,350.0
S3747,,2024,2,B.Tech,CSE,MH_B,Telangana,East,Veg,,Strict,None,Full_Board,4130,2024-07-14,,True,0.639,3.66,North_Indian,0.12,False,558.0
S3748,Diya Arora,2024,2,B.Tech,ECE,MH_B,Punjab,North,Veg,,Flexible,None,Full_Board,4543,"July 14, 2024",,True,0.672,3.47,Continental,0.539,False,1649.0
S3749,Simon Shanker,2024,2,B.Tech,CE,MH_A,West Bengal,East,Non_Veg,Weekly_Once,,Gluten,Lunch_Dinner,4210,2024-07-11,,True,0.68,2.86,South_Indian,0.247,False,383.0
S3750,Dominic Mallick,2024,2,B.Tech,Other,MH_A,West Bengal,East,Non_Veg,Rarely,,,Full_Board,3810,"July 19, 2024",,True,0.632,4.44,North_Indian,0.085,True,388.0
S3751,Caleb Bhavsar,2024,2,B.Tech,CH,MH_B,Andhra Pradesh,South,Veg,,Flexible,,Full_Board,4252,"July 12, 2024",,True,0.443,2.35,North_Indian,0.536,False,207.0
S3752,Nirja Mitra,2024,2,B.Tech,ECE,MH_B,Uttar Pradesh,North,Veg,,Indifferent,None,Lunch_Dinner,3845,2024-07-14,,True,0.867,4.0,North_Indian,0.241,,1065.0
S3753,Harsh Yadav,2024,2,B.Tech,Other,MH_A,Karnataka,North,Veg,,Flexible,Nut,Full_Board,4225,15/07/2024,,True,0.635,3.86,,0.245,True,592.0
S3754,Zayan Chandran,2024,2,B.Tech,EE,MH_A,Tamil Nadu,South,nonveg,Weekly_Once,,,Full_Board,3971,"July 04, 2024",,True,0.635,3.18,South_Indian,0.316,True,1139.0
S3755,Lipika Deol,2024,2,B.Tech,ECE,MH_B,Uttar Pradesh,North,Vegan,,,None,Full_Board,4115,2024-07-13,,True,0.636,2.95,North_Indian,0.379,,123.0
S3756,Parth Nadkarni,2024,2,B.Tech,CSE,MH_A,Tamil Nadu,South,Non_Veg,Weekly_Once,,None,Full_Board,4312,"July 12, 2024",,True,0.662,5.0,North_Indian,0.092,,3000.0
S3757,Ekansh Nayak,2024,2,B.Tech,BT,MH_G,Gujarat,West,Vegan,,,,Lunch_Dinner,4245,"July 14, 2024",,True,0.846,3.78,North_Indian,0.176,False,406.0
S3758,Saumya Raja,2024,2,B.Tech,ME,MH_G,Kerala,South,Veg,,Flexible,,Full_Board,4095,2024-07-06,,True,0.396,2.57,North_Indian,0.267,False,754.0
S3759,Yahvi Arya,2024,2,B.Tech,CH,MH_B,Madhya Pradesh,Central,Vegan,,,,Custom,3995,2024-07-14,,True,0.653,3.87,South_Indian,0.452,True,306.0
S3760,Ansh Dash,2024,2,B.Tech,Other,MH_B,Uttarakhand,North,Veg,,Strict,Gluten,Custom,3837,2024-07-18,,True,0.753,3.58,South_Indian,0.414,False,234.0
S3761,Warjas Sangha,2024,2,B.Tech,ME,MH_A,Manipur,Northeast,Non_Veg,Weekly_Once,,Gluten,Full_Board,4312,2024-07-18,,True,0.75,3.6,North_Indian,0.399,True,565.0
S3762,Fariq Bhasin,2024,2,M.Tech,Other,MH_A,Tripura,Northeast,Non_Veg,Daily,,,Lunch_Dinner,4260,2024-07-04,,True,0.655,3.79,North_Indian,0.439,False,629.0
S3763,Kavya Tara,2024,2,B.Tech,BT,MH_G,Jharkhand,East,Veg,,Strict,None,Custom,3965,05/07/2024,,True,1.0719588988289845,2.14,North_Indian,0.589,True,180.0
S3764,Saksham Doshi,2024,2,B.Tech,BT,MH_A,Uttar Pradesh,North,Non_Veg,Daily,,,Full_Board,3891,19/07/2024,,True,0.734,2.44,North_Indian,0.275,,358.0
S3765,Samarth Barad,2024,2,M.Tech,EE,MH_G,Telangana,South,Veg,,Flexible,None,Full_Board,4304,2024-07-16,,True,0.968,1.8,North_Indian,0.576,,224.0
S3766,Sachi Narasimhan,2024,2,B.Tech,EE,MH_G,West Bengal,East,Eggetarian,Daily,,,Full_Board,3997,04/07/2024,,True,0.754,2.52,South_Indian,0.76,False,177.0
S3767,Arunima Nadkarni,2024,2,B.Tech,CSE,MH_A,Kerala,South,Eggetarian,Rarely,,,Lunch_Dinner,4064,2024-07-09,,True,0.802,3.16,South_Indian,0.471,,787.0
S3768,Oeshi Mani,2024,2,B.Tech,EE,MH_A,Delhi,North,Eggetarian,Alternate_Days,,None,Breakfast_Only,4430,"July 06, 2024",,True,0.613,2.8,South_Indian,0.437,False,710.0
S3769,Veer Narula,2024,2,B.Tech,CSE,MH_B,Karnataka,South,Non_Veg,Weekly_Once,,None,Lunch_Dinner,4181,2024-07-01,,True,0.722,3.57,North_Indian,0.085,False,821.0
S3770,Xavier Jha,2024,2,B.Tech,BT,MH_G,Andhra Pradesh,South,Veg,,Flexible,,Custom,4277,"July 19, 2024",,True,0.667,3.51,No_Preference,0.078,False,1707.0
S3771,Yuvraj Kapadia,2024,2,M.Tech,ECE,MH_G,Jharkhand,East,Veg,,Indifferent,None,Full_Board,4092,2024-07-16,,True,0.641,3.46,No_Preference,0.269,False,427.0
S3772,Ekanta Goswami,2024,2,B.Tech,ECE,MH_A,Himachal Pradesh,North,Non_Veg,Rarely,,,Full_Board,4203,"July 17, 2024",,True,0.423,3.58,,0.398,True,1403.0
S3773,Abeer Bhattacharyya,2024,2,B.Tech,ECE,MH_B,West Bengal,East,Non_Veg,Daily,,None,Full_Board,4007,02/07/2024,,True,0.641,2.01,,0.472,False,337.0
S3774,Ekaraj Hans,2024,2,B.Tech,ECE,MH_A,Haryana,North,Non_Veg,Alternate_Days,,Lactose,Full_Board,4193,"July 16, 2024",,True,0.8,3.48,South_Indian,0.445,,399.0
S3775,Lohit Jayaraman,2024,2,B.Tech,ECE,MH_A,Maharashtra,West,Veg,,Strict,,Breakfast_Only,3764,14/07/2024,,True,0.576,2.51,South_Indian,0.51,False,176.0
S3776,Gavin Ghose,2024,2,B.Tech,EE,MH_A,Gujarat,West,Veg,,Strict,,Lunch_Dinner,4247,2024-07-03,,True,0.803,2.58,North_Indian,0.26,False,601.0
S3777,Warinder Tripathi,2024,2,B.Tech,ME,MH_B,Tamil Nadu,South,NV,Alternate_Days,,None,Full_Board,4014,2024-07-19,,True,0.687,4.33,South_Indian,0.06,,1323.0
S3778,Pooja Sibal,2024,2,B.Tech,CE,MH_B,Uttar Pradesh,North,Eggetarian,Alternate_Days,,,Lunch_Dinner,3882,2024-07-02,,True,0.743,1.93,North_Indian,0.839,,489.0
S3779,Nitesh Hora,2024,2,PhD,BT,MH_A,Madhya Pradesh,Central,Veg,,Flexible,None,Full_Board,3946,2024-07-07,,True,0.973,3.45,South_Indian,0.321,False,617.0
S3780,Panini Goda,2024,2,B.Tech,BT,MH_B,Uttar Pradesh,North,Vegetarian,,Flexible,None,Full_Board,3929,2024-07-11,,True,0.781,3.19,,0.162,,621.0
S3781,Chavvi Mangal,2024,2,PhD,CE,MH_A,Rajasthan,North,Veg,,Flexible,,Lunch_Dinner,4031,2024-07-11,,True,0.776,2.61,North_Indian,0.582,False,1713.0
S3782,Saksham Magar,2024,2,B.Tech,ME,MH_G,Uttar Pradesh,North,Veg,,Strict,None,Lunch_Dinner,4168,"July 01, 2024",,True,0.651,3.52,No_Preference,0.696,True,397.0
S3783,Fariq Parsa,2024,2,B.Tech,CH,MH_B,Goa,West,Veg,,Indifferent,Nut,Full_Board,4179,"July 17, 2024",,True,0.66,2.95,South_Indian,0.423,False,1039.0
S3784,Krishna Ganesh,2024,2,M.Tech,BT,MH_B,Bihar,North,Veg,,Indifferent,,Full_Board,3973,2024-07-14,,True,0.565,2.73,No_Preference,0.534,False,577.0
S3785,Ridhi Sami,2024,2,B.Tech,ECE,MH_A,Karnataka,South,Non_Veg,Weekly_Once,,None,Full_Board,3831,"July 10, 2024",,True,0.696,1.99,North_Indian,0.373,False,652.0
S3786,Nachiket Subramaniam,2024,2,B.Tech,ME,MH_B,Uttar Pradesh,North,Veg,,Flexible,None,Lunch_Dinner,4044,2024-07-18,,True,0.547,4.45,North_Indian,0.084,False,289.0
S3787,Lakshmi Sane,2024,2,PhD,CE,MH_A,West Bengal,East,Eggetarian,Daily,,,Full_Board,4194,"July 05, 2024",,True,0.477,2.88,North_Indian,0.417,False,393.0
S3788,Charita Yogi,2024,2,B.Tech,CH,MH_A,Tamil Nadu,East,Non_Veg,Daily,,,Full_Board,4217,2024-07-15,,True,0.723,3.58,,0.137,,1720.0
S3789,Parth Kurian,2024,2,B.Tech,CE,MH_A,Tamil Nadu,South,Veg,,Strict,Gluten,Full_Board,4270,2024-07-02,,True,0.846,2.93,South_Indian,0.455,False,806.0
S3790,Ubika Mohan,2024,2,B.Tech,Other,MH_A,Tamil Nadu,South,Veg,,Indifferent,None,Full_Board,4106,2024-07-16,,True,0.792,2.96,North_Indian,0.415,,1463.0
S3791,Bhanumati Prashad,2024,2,B.Tech,EE,MH_A,Uttar Pradesh,North,Veg,,Indifferent,None,Full_Board,3716,2024-07-19,,True,0.628,3.2,North_Indian,0.516,False,519.0
S3792,Ekbal Nath,2024,2,B.Tech,ECE,MH_A,Tamil Nadu,South,Non_Veg,Weekly_Once,,Others,Full_Board,3968,2024-07-15,,True,0.797,4.14,South_Indian,0.297,False,424.0
S3793,Upasna Hayre,2024,2,B.Tech,ME,MH_A,Rajasthan,North,Veg,,Flexible,,Full_Board,3681,2024-07-17,,True,0.662,3.0,North_Indian,0.635,False,761.0
S3794,Ranveer Agrawal,2024,2,M.Tech,EE,MH_B,Tamil Nadu,South,Non_Veg,Weekly_Once,,None,Full_Board,4061,2024-07-07,,True,0.89,4.01,No_Preference,0.159,,278.0
S3795,Xiti Prasad,2024,2,B.Tech,ECE,MH_A,Bihar,North,Veg,,Flexible,,Full_Board,4126,2024-07-19,,True,0.51,2.68,,0.36,False,2763.0
S3796,Nidhi Sagar,2024,2,B.Tech,ECE,MH_B,West Bengal,East,non_veg,Daily,,,Lunch_Dinner,4098,06/07/2024,,True,0.684,1.99,North_Indian,0.19,,125.0
S3797,Kashvi Rajagopalan,2024,2,M.Tech,Other,MH_B,Telangana,South,Non_Veg,Daily,,None,Lunch_Dinner,3720,02/07/2024,,True,0.739,3.98,North_Indian,0.439,True,673.0
S3798,Darika Bobal,2024,2,B.Tech,ECE,MH_A,Tamil Nadu,South,Eggetarian,Daily,,Lactose,Full_Board,3814,03/07/2024,,True,1.1428320832267302,3.59,South_Indian,0.312,True,1440.0
S3799,Balvan Dash,2024,2,M.Tech,ECE,MH_A,Maharashtra,West,Non_Veg,Alternate_Days,,,Full_Board,4344,17/07/2024,,True,0.756,3.18,North_Indian,0.687,,185.0
S3800,Nicholas Hari,2024,2,B.Tech,EE,MH_B,West Bengal,East,Non_Veg,Weekly_Once,,,Full_Board,4609,2024-07-05,,True,0.533,3.85,No_Preference,0.701,False,494.0
S3801,Aadhya Pall,2024,2,B.Tech,CE,MH_A,Uttar Pradesh,North,Veg,,Flexible,Nut,Lunch_Dinner,4174,2024-07-01,,True,0.707,3.76,No_Preference,0.529,True,487.0
S3802,Jyoti Bhardwaj,2024,2,B.Tech,CE,MH_A,West Bengal,East,Non_Veg,Daily,,,Full_Board,3961,2024-07-08,,True,0.767,3.36,North_Indian,0.105,False,56.0
S3803,Panini Koshy,2024,2,M.Tech,CSE,MH_B,Bihar,North,Veg,,Strict,,Custom,4154,2024-07-14,,True,0.57,3.76,North_Indian,0.525,True,774.0
S3804,Vanya Banerjee,2024,2,B.Tech,ECE,MH_B,Arunachal Pradesh,Northeast,Non_Veg,Weekly_Once,,None,Full_Board,4171,2024-07-09,,True,0.809,2.81,North_Indian,0.636,,221.0
S3805,Ayaan Divan,2024,2,B.Tech,ME,MH_G,Arunachal Pradesh,Northeast,Veg,,Strict,None,Full_Board,4207,"July 05, 2024",,True,0.847,3.58,North_Indian,0.879,,112.0
S3806,Tamanna Din,2024,2,B.Tech,CSE,MH_A,Karnataka,South,Eggetarian,Alternate_Days,,,Lunch_Dinner,3725,2024-07-09,,True,0.856,2.61,North_Indian,0.335,True,265.0
S3807,Yug Edwin,2024,2,M.Tech,CE,MH_B,Madhya Pradesh,Central,Non_Veg,Alternate_Days,,Lactose,Full_Board,3754,2024-07-03,,True,0.666,3.27,South_Indian,0.31,True,401.0
S3808,Jackson Chanda,2024,2,M.Tech,CSE,MH_G,Karnataka,South,Non_Veg,Daily,,,Lunch_Dinner,3764,2024-07-06,,True,0.782,2.5,No_Preference,0.162,False,90.0
S3809,Mitali Buch,2024,2,B.Tech,ME,MH_A,Maharashtra,West,Veg,,Flexible,None,Full_Board,4205,2024-07-11,,True,0.81,1.44,No_Preference,0.406,False,798.0
S3810,Pallavi Gandhi,2024,2,B.Tech,CH,MH_B,Gujarat,West,Jain,,,,Full_Board,4026,05/07/2024,,True,0.647,4.88,,0.161,,641.0
S3811,Zayyan Mittal,2024,2,M.Tech,BT,MH_B,Nagaland,Northeast,Non_Veg,Alternate_Days,,None,Custom,3917,2024-07-01,,True,0.869,3.25,North_Indian,0.169,False,1161.0
S3812,Darika Sabharwal,2024,2,M.Tech,ME,MH_B,West Bengal,East,Eggetarian,Weekly_Once,,None,Full_Board,3945,2024-07-16,,True,0.658,3.77,South_Indian,0.354,True,1928.0
S3813,Ikbal Padmanabhan,2024,2,B.Tech,Other,MH_A,Telangana,South,Veg,,Flexible,None,Lunch_Dinner,3970,"July 17, 2024",,True,0.68,4.32,North_Indian,0.809,True,331.0
S3814,Amruta Kadakia,2024,2,B.Tech,ECE,MH_A,Bihar,North,Eggetarian,Alternate_Days,,None,Full_Board,4034,"July 09, 2024",,True,0.637,2.75,No_Preference,0.483,,147.0
S3815,Darika Ahuja,2024,2,M.Tech,ECE,MH_B,Tamil Nadu,South,Non_Veg,Alternate_Days,,None,Full_Board,4287,2024-07-14,,True,0.584,2.76,No_Preference,0.116,,2800.0
S3816,Vyanjana Agarwal,2024,2,PhD,BT,MH_A,Assam,Northeast,Non_Veg,Alternate_Days,,Lactose,Custom,4527,2024-07-02,,True,1.1286631292926683,4.28,North_Indian,0.418,False,594.0
S3817,Ekaraj Sahni,2024,2,B.Tech,CE,MH_A,Kerala,South,Non_Veg,Alternate_Days,,,Lunch_Dinner,4079,07/07/2024,,True,0.901,3.84,North_Indian,0.268,True,302.0
S3818,Bhavya Sankar,2024,2,B.Tech,ECE,MH_A,Gujarat,West,Veg,,Flexible,Lactose,Full_Board,3690,2024-07-07,,True,0.466,2.23,North_Indian,0.409,False,1002.0
S3819,Patrick Prasad,2024,2,B.Tech,ECE,MH_G,Uttar Pradesh,North,Veg,,Flexible,,Full_Board,3788,"July 11, 2024",,True,0.607,3.46,Continental,0.201,False,572.0
S3820,Krish Hora,2024,2,B.Tech,EE,MH_A,Uttar Pradesh,North,Veg,,Strict,None,Full_Board,4176,2024-07-06,,True,0.911,3.75,No_Preference,0.695,False,308.0
S3821,Qabil Thakkar,2024,2,M.Tech,EE,MH_G,Tamil Nadu,South,Veg,,Indifferent,,Full_Board,3868,2024-07-13,,True,0.837,3.33,No_Preference,0.225,False,276.0
S3822,Shravya Kala,2024,2,B.Tech,ECE,MH_A,Goa,West,Veg,,Strict,,Full_Board,4051,2024-07-02,,True,0.756,3.37,North_Indian,0.722,,669.0
S3823,Sai Bhargava,2024,2,PhD,CSE,MH_G,Rajasthan,North,Veg,,Strict,Lactose,Breakfast_Only,4205,2024-07-19,,True,0.453,3.59,North_Indian,0.617,,193.0
S3824,Rehaan Lad,2024,2,B.Tech,CSE,MH_G,Uttar Pradesh,North,Eggetarian,Rarely,,None,Lunch_Dinner,4119,2024-07-17,,True,0.653,2.85,,0.247,False,255.0
S3825,Ridhi Chopra,2024,2,B.Tech,Other,MH_G,Delhi,North,Non_Veg,Weekly_Once,,,Full_Board,4177,2024-07-16,,True,0.738,3.29,North_Indian,0.21,False,1855.0
S3826,Fariq Memon,2024,2,B.Tech,CE,MH_A,Maharashtra,West,Non_Veg,Alternate_Days,,None,Full_Board,3855,05/07/2024,,True,0.773,3.51,,0.265,,311.0
S3827,Krishna Dash,2024,2,B.Tech,CE,MH_A,Uttar Pradesh,North,Veg,,Indifferent,,Full_Board,3821,2024-07-12,,True,0.693,4.21,,0.11,False,74.0
S3828,Devansh Oommen,2024,2,M.Tech,ME,MH_A,West Bengal,East,Non_Veg,Alternate_Days,,Nut,Full_Board,3548,2024-07-12,,True,0.82,2.08,,0.268,,462.0
S3829,Wahab Sridhar,2024,2,B.Tech,CH,MH_A,Tamil Nadu,South,Non_Veg,Daily,,None,Lunch_Dinner,3900,06/07/2024,,True,0.71,2.31,No_Preference,0.174,True,725.0
S3830,Harrison Andra,2024,2,B.Tech,BT,MH_G,Haryana,North,Non_Veg,Weekly_Once,,None,Full_Board,3891,2024-07-12,,True,0.734,2.07,South_Indian,0.579,False,627.0
S3831,Amaira Amble,2024,2,B.Tech,ECE,MH_A,Uttar Pradesh,North,Non_Veg,Alternate_Days,,None,Lunch_Dinner,4007,2024-07-15,,True,0.713,3.81,,0.39,False,381.0
S3832,Gunbir Kakar,2024,2,M.Tech,CE,MH_B,Tamil Nadu,South,Non_Veg,Weekly_Once,,,Custom,4076,2024-07-15,,True,0.729,2.07,No_Preference,0.341,,56.0
S3833,Keya Venkatesh,2024,2,B.Tech,ME,MH_A,Haryana,North,Veg,,Strict,,Full_Board,4257,2024-07-18,,True,0.759,2.31,North_Indian,0.483,,2245.0
S3834,Vedika Solanki,2024,2,B.Tech,BT,MH_G,Uttar Pradesh,North,Veg,,Flexible,,Full_Board,4207,2024-07-12,,True,0.794,3.3,No_Preference,0.128,,107.0
S3835,Pushti Nayar,2024,2,B.Tech,Other,MH_A,Rajasthan,North,Veg,,Strict,,Full_Board,4179,2024-07-09,,True,0.816,3.06,No_Preference,0.315,,692.0
S3836,Hemal Murty,2024,2,B.Tech,CSE,MH_B,Sikkim,Northeast,Non_Veg,Alternate_Days,,None,Lunch_Dinner,4053,"July 04, 2024",,True,0.85,2.76,Continental,0.219,False,1385.0
S3837,Jalsa Rastogi,2024,2,B.Tech,CSE,MH_A,Maharashtra,West,Non_Veg,Rarely,,None,Lunch_Dinner,3693,2024-07-12,,True,0.826,3.05,No_Preference,0.784,True,183.0
S3838,Dakshesh Parekh,2024,2,B.Tech,CSE,MH_A,Rajasthan,North,Veg,,Indifferent,None,Full_Board,3829,2024-07-05,,True,1.2484561851945917,3.06,No_Preference,0.373,True,235.0
S3839,Harish Aggarwal,2024,2,B.Tech,CH,MH_A,Sikkim,Northeast,Non_Veg,Alternate_Days,,,Lunch_Dinner,3880,"July 03, 2024",,True,0.533,3.41,,0.488,False,457.0
S3840,Neelima Dewan,2024,2,B.Tech,CH,MH_A,Kerala,South,Non_Veg,Rarely,,None,Lunch_Dinner,4180,"July 01, 2024",,True,0.633,4.65,No_Preference,0.257,False,1632.0
S3841,Jason Wali,2024,2,B.Tech,ME,MH_G,Kerala,South,Eggetarian,Alternate_Days,,,Breakfast_Only,3828,2024-07-14,,True,1.0998330222603365,5.0,No_Preference,0.647,False,480.0
S3842,Yuvraj Pillay,2024,2,B.Tech,CE,MH_A,Bihar,North,Eggetarian,Weekly_Once,,,Lunch_Dinner,3938,2024-07-19,,True,0.659,3.31,,0.588,,730.0
S3843,Vaishnavi Varma,2024,2,B.Tech,EE,MH_A,Andhra Pradesh,South,Non_Veg,Rarely,,None,Breakfast_Only,4038,11/07/2024,,True,0.765,3.83,No_Preference,0.557,False,514.0
S3844,Raghav Aggarwal,2024,2,B.Tech,ECE,MH_A,Gujarat,West,Veg,,Flexible,None,Full_Board,3803,"July 11, 2024",,True,0.752,3.13,South_Indian,0.35,False,211.0
S3845,Anay Parsa,2024,2,PhD,ECE,MH_B,Nagaland,Northeast,Veg,,Flexible,,Full_Board,3944,"July 12, 2024",,True,0.713,3.53,No_Preference,0.316,False,814.0
S3846,Eshana Sawhney,2024,2,B.Tech,CSE,MH_A,West Bengal,East,Non_Veg,Weekly_Once,,None,Breakfast_Only,4049,2024-07-05,,True,0.658,3.55,,0.147,False,1096.0
S3847,Vedhika Ratta,2024,2,M.Tech,CE,MH_B,Telangana,South,Non_Veg,Weekly_Once,,None,Full_Board,3872,2024-07-19,,True,0.705,3.72,South_Indian,0.578,False,1363.0
S3848,Ijaya Sangha,2024,2,PhD,Other,MH_B,Gujarat,West,Veg,,Indifferent,None,Full_Board,4167,2024-07-12,,True,0.561,2.88,South_Indian,0.436,False,543.0
S3849,Harish Rajan,2024,2,M.Tech,BT,MH_B,Karnataka,South,Veg,,Flexible,,Full_Board,4044,2024-07-01,,True,1.0,1.12,South_Indian,0.43,False,491.0
S3850,Robert Dhar,2024,2,M.Tech,CE,MH_A,West Bengal,East,Non_Veg,Daily,,,Custom,4189,"July 08, 2024",,True,0.3,3.47,No_Preference,0.657,,518.0
S3851,Joshua Tank,2024,2,M.Tech,Other,MH_G,Bihar,North,Vegan,,,,Full_Board,3939,"July 05, 2024",,True,0.51,3.36,North_Indian,0.551,False,1516.0
S3852,Charvi Sibal,2024,2,B.Tech,CSE,MH_G,Punjab,North,Eggetarian,Rarely,,None,Full_Board,4039,"July 10, 2024",,True,0.731,4.15,North_Indian,0.348,,317.0
S3853,Sanaya D’Alia,2024,2,B.Tech,ECE,MH_B,Rajasthan,North,Veg,,Flexible,None,Full_Board,4191,2024-07-06,,True,0.774,3.29,South_Indian,0.564,False,661.0
S3854,Wridesh Kohli,2024,2,B.Tech,CSE,MH_B,West Bengal,East,Vegan,,,,Lunch_Dinner,4399,14/07/2024,,True,0.679,3.36,South_Indian,0.264,False,293.0
S3855,Onkar Chakraborty,2024,2,M.Tech,EE,MH_A,Goa,West,NV,Weekly_Once,,None,Breakfast_Only,4243,2024-07-05,,True,0.712,4.82,No_Preference,0.637,True,789.0
S3856,Radhika Balakrishnan,2024,2,B.Tech,Other,MH_B,Uttar Pradesh,North,Veg,,Flexible,None,Lunch_Dinner,3793,04/07/2024,,True,0.866,2.87,,0.425,False,1252.0
S3857,Eta Rajagopal,2024,2,B.Tech,ME,MH_A,Gujarat,West,Eggetarian,Alternate_Days,,Gluten,Full_Board,4083,2024-07-15,,True,0.683,3.26,,0.696,,1011.0
S3858,Thomas Kurian,2024,2,B.Tech,ME,MH_G,West Bengal,East,Non_Veg,Weekly_Once,,,Full_Board,4094,"July 03, 2024",,True,0.66,3.37,No_Preference,0.514,False,696.0
S3859,Jatin Deshpande,2024,2,B.Tech,Other,MH_B,Haryana,North,Vegan,,,None,Full_Board,4006,2024-07-16,,True,0.523,3.54,North_Indian,0.466,,760.0
S3860,Gautam Natarajan,2024,2,B.Tech,ME,MH_A,Himachal Pradesh,North,Eggetarian,Alternate_Days,,,Custom,4248,2024-07-05,,True,0.683,3.29,,0.185,True,406.0
S3861,Dhruv Oza,2024,2,B.Tech,Other,MH_B,Gujarat,West,Veg,,Flexible,None,Full_Board,3918,10/07/2024,,True,0.895,2.83,South_Indian,0.497,False,471.0
S3862,,2024,2,M.Tech,ME,MH_B,Maharashtra,West,Veg,,Flexible,None,Full_Board,4162,2024-07-04,,True,0.616,3.54,,0.272,,174.0
S3863,Lakshmi Sarkar,2024,2,B.Tech,CSE,MH_B,Madhya Pradesh,Central,pure-veg,,Flexible,,Lunch_Dinner,4105,03/07/2024,,True,0.601,3.69,,0.71,False,251.0
S3864,Udant Lad,2024,2,B.Tech,CSE,MH_G,Uttar Pradesh,North,Non_Veg,Daily,,None,Full_Board,4231,2024-07-13,,True,0.6,4.03,North_Indian,0.348,False,1096.0
S3865,Bina Chahal,2024,2,M.Tech,CSE,MH_A,Punjab,North,Veg,,Flexible,None,Full_Board,4192,2024-07-06,,True,0.72,3.94,,0.136,False,143.0
S3866,Gaurav Oak,2024,2,B.Tech,ECE,MH_B,Jharkhand,East,Non_Veg,Alternate_Days,,,Custom,4035,2024-07-14,,True,1.2283786501293514,2.97,No_Preference,0.184,,1847.0
S3867,Jack Pillai,2024,2,B.Tech,BT,MH_B,Tripura,Northeast,Veg,,Strict,,Full_Board,4143,15/07/2024,,True,0.639,2.87,North_Indian,0.51,False,232.0
S3868,Dhriti Rai,2024,2,M.Tech,ME,MH_B,Madhya Pradesh,Central,Pure Veg,,Indifferent,None,Full_Board,4360,2024-07-11,,True,0.679,3.94,Continental,0.466,True,744.0
S3869,Deepa Bhatia,2024,2,B.Tech,Other,MH_A,Bihar,North,Veg,,Strict,None,Full_Board,4149,2024-07-13,,True,0.634,3.85,North_Indian,0.115,False,339.0
S3870,Lipika Sampath,2024,2,B.Tech,Other,MH_B,Uttar Pradesh,East,Veg,,Indifferent,None,Full_Board,3811,2024-07-08,,True,0.734,3.85,No_Preference,0.546,False,478.0
S3871,Janya Date,2024,2,B.Tech,ME,MH_A,Gujarat,West,Veg,,Flexible,None,Breakfast_Only,3993,"July 07, 2024",,True,0.551,3.75,North_Indian,0.201,,190.0
S3872,Hredhaan Rana,2024,2,M.Tech,CE,MH_A,Uttar Pradesh,North,Veg,,Indifferent,None,Lunch_Dinner,3731,2024-07-06,,True,0.804,2.14,North_Indian,0.32,,808.0
S3873,Triveni Mutti,2024,2,M.Tech,Other,MH_G,Telangana,South,Vegan,,,None,Full_Board,4615,"July 14, 2024",,True,0.657,3.32,No_Preference,0.336,False,2921.0
S3874,Chaman Kanda,2024,2,B.Tech,EE,MH_B,Bihar,North,Veg,,Indifferent,None,Full_Board,4106,"July 02, 2024",,True,0.737,4.15,No_Preference,0.422,False,445.0
S3875,Tamanna Din,2024,2,B.Tech,ME,MH_B,Tripura,Northeast,Non_Veg,Daily,,None,Full_Board,3926,"July 05, 2024",,True,0.768,2.05,South_Indian,0.596,False,87.0
S3876,Madhav Banerjee,2024,2,B.Tech,CSE,MH_A,Uttar Pradesh,North,Non_Veg,Alternate_Days,,,Lunch_Dinner,4043,"July 03, 2024",,True,0.826,3.24,,0.577,False,95.0
S3877,Dayamai Thakkar,2024,2,B.Tech,CSE,MH_A,Gujarat,West,Veg,,Strict,None,Full_Board,4302,17/07/2024,,True,1.0,2.7,North_Indian,0.087,,167.0
S3878,Anusha Sridhar,2024,2,B.Tech,CE,MH_B,Tamil Nadu,South,Non_Veg,Alternate_Days,,None,Full_Board,4170,2024-07-11,,True,0.631,2.95,North_Indian,0.479,False,55.0
S3879,Warda Manne,2024,2,B.Tech,ECE,MH_A,Uttarakhand,North,Veg,,Strict,,Lunch_Dinner,3840,"July 09, 2024",,True,0.748,1.71,South_Indian,0.32,,52.0
S3880,Daniel Nath,2024,2,B.Tech,ME,MH_A,Kerala,South,Non-Veg,Alternate_Days,,,Lunch_Dinner,4125,14/07/2024,,True,0.812,4.34,Continental,0.171,False,460.0
S3881,Shivansh Kar,2024,2,PhD,ECE,MH_A,Uttar Pradesh,North,Veg,,Strict,,Full_Board,3990,10/07/2024,,True,0.704,2.11,North_Indian,0.393,False,681.0
S3882,Praneel Sura,2024,2,PhD,ME,MH_G,Madhya Pradesh,Central,Veg,,Flexible,,Full_Board,4326,2024-07-19,,True,0.765,3.68,No_Preference,0.192,True,312.0
S3883,Chandani Dutta,2024,2,B.Tech,Other,MH_G,Kerala,South,Veg,,Indifferent,None,Custom,4336,2024-07-07,,True,0.632,3.33,South_Indian,0.558,False,287.0
S3884,,2024,2,PhD,ME,MH_A,Rajasthan,North,Veg,,Strict,None,Custom,4082,2024-07-13,,True,1.1665716097998233,2.71,Continental,0.275,,777.0
S3885,Manya Nazareth,2024,2,PhD,CE,MH_B,Maharashtra,West,Veg,,Indifferent,None,Full_Board,3751,2024-07-02,,True,0.428,2.65,South_Indian,0.441,True,958.0
S3886,Urvashi Pall,2024,2,M.Tech,EE,MH_A,Maharashtra,West,Non_Veg,Weekly_Once,,Nut,Breakfast_Only,3875,2024-07-06,,True,0.756,3.15,,0.3,,144.0
S3887,Mahika Bora,2024,2,B.Tech,EE,MH_B,Himachal Pradesh,North,Non_Veg,Alternate_Days,,,Full_Board,4131,2024-07-12,,True,0.662,3.55,No_Preference,0.677,False,276.0
S3888,Barkha Hayer,2024,2,M.Tech,CE,MH_A,Bihar,North,Veg,,Strict,,Custom,4153,2024-07-14,,True,0.851,2.31,North_Indian,0.835,False,1298.0
S3889,Gunbir Deep,2024,2,PhD,CSE,MH_A,Karnataka,South,Non_Veg,Alternate_Days,,,Lunch_Dinner,4368,"July 11, 2024",,True,0.674,3.8,,0.767,False,96.0
S3890,Chatura Modi,2024,2,B.Tech,CH,MH_B,Madhya Pradesh,Central,Veg,,Flexible,None,Custom,4061,05/07/2024,,True,0.439,2.69,North_Indian,0.349,False,1335.0
S3891,Nihal Devan,2024,2,B.Tech,BT,MH_B,Tamil Nadu,South,Non_Veg,Daily,,None,Full_Board,4073,13/07/2024,,True,0.586,3.56,North_Indian,0.411,False,155.0
S3892,Vasudha Manne,2024,2,M.Tech,CH,MH_B,Kerala,South,Veg,,Indifferent,None,Lunch_Dinner,3922,2024-07-05,,True,0.831,3.4,Continental,0.508,False,790.0
S3893,Shaurya Kamdar,2024,2,PhD,BT,MH_B,Kerala,South,Non_Veg,Weekly_Once,,None,Breakfast_Only,3671,2024-07-12,,True,0.614,3.52,North_Indian,0.456,False,253.0
S3894,Aditya Pathak,2024,2,B.Tech,ECE,MH_B,Madhya Pradesh,Central,Veg,,Strict,,Full_Board,4313,2024-07-05,,True,0.75,3.33,North_Indian,0.288,False,236.0
S3895,Manbir Puri,2024,2,B.Tech,CE,MH_A,Manipur,Northeast,Non_Veg,Alternate_Days,,None,Breakfast_Only,4198,2024-07-03,,True,0.739,4.83,,0.64,True,591.0
S3896,Om Bhalla,2024,2,M.Tech,BT,MH_B,Meghalaya,Northeast,Veg,,Flexible,,Lunch_Dinner,4438,2024-07-14,,True,0.601,2.47,South_Indian,0.647,False,104.0
S3897,Ishani Som,2024,2,B.Tech,ECE,MH_G,Gujarat,West,Veg,,Flexible,,Full_Board,4107,2024-07-03,,True,0.735,5.0,South_Indian,0.118,False,1197.0
S3898,Charles Dalal,2024,2,M.Tech,ME,MH_B,Chhattisgarh,Central,Non_Veg,Rarely,,,Full_Board,3829,2024-07-08,,True,0.764,3.79,No_Preference,0.259,,94.0
S3899,Radha Dixit,2024,2,B.Tech,EE,MH_G,Bihar,North,Veg,,Strict,,Lunch_Dinner,3805,"July 14, 2024",,True,0.673,2.44,South_Indian,0.061,False,188.0
S3900,Yash Bandi,2024,2,B.Tech,ME,MH_A,Himachal Pradesh,North,Non_Veg,Alternate_Days,,,Breakfast_Only,3571,2024-07-17,,True,0.723,2.55,North_Indian,0.308,False,631.0
S3901,Wridesh Ranganathan,2024,2,M.Tech,CSE,MH_B,Uttar Pradesh,North,Veg,,Strict,None,Full_Board,4170,2024-07-18,,True,0.724,4.1,South_Indian,0.224,True,209.0
S3902,Chasmum Gera,2024,2,B.Tech,Other,MH_A,Kerala,South,Non_Veg,Alternate_Days,,None,Full_Board,3846,09/07/2024,,True,0.714,2.65,South_Indian,0.323,False,118.0
S3903,Gaurav Sheth,2024,2,M.Tech,CE,MH_B,Nagaland,Northeast,Non_Veg,Alternate_Days,,None,Lunch_Dinner,3963,08/07/2024,,True,1.1094278817059646,4.21,South_Indian,0.318,True,324.0
S3904,Anvi Saxena,2024,2,M.Tech,CSE,MH_A,Punjab,North,Veg,,Flexible,,Full_Board,3922,18/07/2024,,True,0.624,2.92,North_Indian,0.411,False,607.0
S3905,Advay Dar,2024,2,B.Tech,CSE,MH_A,Uttar Pradesh,North,Veg,,Flexible,,Breakfast_Only,4151,2024-07-11,,True,0.754,2.38,North_Indian,0.127,False,1644.0
S3906,Fitan Dara,2024,2,B.Tech,ME,MH_B,Telangana,South,Veg,,Strict,None,Full_Board,4267,"July 05, 2024",,True,0.52,2.07,No_Preference,0.37,False,642.0
S3907,Yashodhara Kar,2024,2,B.Tech,CH,MH_B,Jharkhand,East,Non_Veg,Alternate_Days,,,Full_Board,4096,2024-07-12,,True,0.563,3.51,North_Indian,0.05,,659.0
S3908,Varsha Mahal,2024,2,B.Tech,CH,MH_A,Karnataka,South,Non_Veg,Weekly_Once,,None,Full_Board,3781,"July 06, 2024",,True,0.632,3.02,,0.4,False,1906.0
S3909,,2024,2,B.Tech,ME,MH_A,Uttar Pradesh,North,Veg,,Strict,,Breakfast_Only,4229,14/07/2024,,True,0.551,3.32,South_Indian,0.201,False,1397.0
S3910,Pratyush Rajagopalan,2024,2,B.Tech,CH,MH_A,Rajasthan,North,Veg,,Flexible,,Full_Board,4020,2024-07-02,,True,0.8,4.52,Continental,0.157,False,433.0
S3911,Radha Misra,2024,2,B.Tech,CSE,MH_A,Bihar,North,Non_Veg,Rarely,,None,Full_Board,3986,2024-07-18,,True,0.856,2.24,North_Indian,0.18,False,1499.0
S3912,Hardik Nanda,2024,2,B.Tech,CSE,MH_B,Uttar Pradesh,North,Eggetarian,Weekly_Once,,None,Lunch_Dinner,4175,"July 15, 2024",,True,0.776,4.25,South_Indian,0.415,False,108.0
S3913,Qasim Ravi,2024,2,B.Tech,ECE,MH_B,Telangana,South,Veg,,Strict,None,Full_Board,3823,2024-07-13,,True,0.551,3.35,No_Preference,0.496,False,479.0
S3914,Meera Yadav,2024,2,B.Tech,EE,MH_G,Kerala,South,Non-Veg,Alternate_Days,,,Custom,3598,2024-07-02,,True,0.584,2.74,South_Indian,0.531,False,229.0
S3915,Devansh Venkataraman,2024,2,B.Tech,CSE,MH_A,Rajasthan,North,Veg,,Strict,None,Breakfast_Only,4135,2024-07-12,,True,0.58,3.33,,0.266,False,199.0
S3916,Sarthak Dalal,2024,2,M.Tech,CH,MH_A,Uttar Pradesh,North,Veg,,Flexible,,Full_Board,3853,11/07/2024,,True,0.494,3.03,No_Preference,0.701,,553.0
S3917,Pranit Ahluwalia,2024,2,B.Tech,ME,MH_B,Maharashtra,West,Veg,,Flexible,Nut,Full_Board,4241,2024-07-01,,True,0.675,3.72,,0.12,,123.0
S3918,Dipta Das,2024,2,B.Tech,BT,MH_A,Haryana,North,Non_Veg,Alternate_Days,,None,Lunch_Dinner,3924,2024-07-18,,True,0.907,3.43,No_Preference,0.834,False,1824.0
S3919,Kabir Jhaveri,2024,2,B.Tech,CH,MH_G,Rajasthan,North,Veg,,Flexible,,Full_Board,3732,"July 05, 2024",,True,0.758,3.89,South_Indian,0.893,,438.0
S3920,Gagan Kunda,2024,2,B.Tech,CH,MH_G,Uttarakhand,North,Veg,,Strict,,Full_Board,4114,2024-07-08,,True,0.7,2.52,North_Indian,0.53,False,96.0
S3921,Frado Dash,2024,2,B.Tech,CH,MH_A,Tamil Nadu,South,Non_Veg,Weekly_Once,,,Full_Board,4122,2024-07-19,,True,0.76,3.98,North_Indian,0.338,False,563.0
S3922,Januja Garg,2024,2,M.Tech,EE,MH_A,TAMIL NADU,South,Veg,,Indifferent,None,Breakfast_Only,4091,2024-07-13,,True,0.534,2.18,South_Indian,0.613,False,1292.0
S3923,Aadi Kothari,2024,2,B.Tech,ME,MH_A,Uttar Pradesh,North,Veg,,Indifferent,,Full_Board,4317,06/07/2024,,True,0.662,4.08,South_Indian,0.125,,111.0
S3924,Chakradhar Venkataraman,2024,2,B.Tech,CSE,MH_A,Andhra Pradesh,South,Veg,,Strict,None,Full_Board,3877,08/07/2024,,True,0.437,3.38,,0.203,False,1188.0
S3925,Sai Dey,2024,2,B.Tech,ECE,MH_B,Kerala,South,Veg,,Indifferent,None,Full_Board,4104,2024-07-03,,True,0.667,2.27,Continental,0.484,False,530.0
S3926,Dhriti Virk,2024,2,B.Tech,ECE,MH_G,Rajasthan,North,Veg,,Strict,None,Lunch_Dinner,4302,14/07/2024,,True,0.742,2.61,No_Preference,0.194,False,111.0
S3927,Yashvi Kadakia,2024,2,B.Tech,ME,MH_B,Rajasthan,North,Veg,,Strict,None,Full_Board,3500,16/07/2024,,True,0.86,3.6,North_Indian,0.05,False,544.0
S3928,Chaitanya Khalsa,2024,2,PhD,ME,MH_G,Maharashtra,West,Veg,,Flexible,,Full_Board,3675,2024-07-08,,True,0.657,2.92,,0.294,False,99.0
S3929,Raghav Dhar,2024,2,B.Tech,CH,MH_A,Delhi,North,Veg,,Indifferent,Gluten,Full_Board,4008,2024-07-11,,True,0.579,3.04,No_Preference,0.105,False,379.0
S3930,Tanveer Desai,2024,2,M.Tech,ECE,MH_A,Maharashtra,West,Veg,,Strict,,Lunch_Dinner,4136,"July 06, 2024",,True,0.71,1.17,No_Preference,0.801,False,224.0
S3931,Jagrati Mall,2024,2,B.Tech,EE,MH_A,Telangana,South,Non_Veg,Alternate_Days,,Lactose,Custom,3709,"July 13, 2024",,True,0.681,2.57,North_Indian,0.064,,1134.0
S3932,,2024,2,M.Tech,CSE,MH_B,Maharashtra,West,Veg,,Flexible,,Full_Board,3909,2024-07-05,,True,0.837,3.69,No_Preference,0.075,,1093.0
S3933,Pahal Borde,2024,2,M.Tech,CH,MH_G,Madhya Pradesh,Central,Veg,,Strict,None,Full_Board,4103,"July 18, 2024",,True,0.597,3.99,North_Indian,0.182,False,2328.0
S3934,Abha Raj,2024,2,B.Tech,EE,MH_B,Madhya Pradesh,Central,veg,,Indifferent,,Full_Board,4140,"July 17, 2024",,True,0.514,3.9,No_Preference,0.743,False,128.0
S3935,Mugdha Shan,2024,2,PhD,BT,MH_B,Tamil Nadu,South,Veg,,Flexible,,Full_Board,4172,2024-07-17,,True,0.747,2.85,North_Indian,0.557,False,1203.0
S3936,Aachal Sandal,2024,2,B.Tech,ECE,MH_B,Telangana,South,Non-Veg,Weekly_Once,,None,Breakfast_Only,4120,10/07/2024,,True,0.731,2.6,South_Indian,0.378,False,1461.0
S3937,Samar Bobal,2024,2,B.Tech,CSE,MH_G,West Bengal,East,Non_Veg,Alternate_Days,,None,Full_Board,4123,10/07/2024,,True,0.62,2.51,North_Indian,0.197,False,795.0
S3938,Reyansh Pradhan,2024,2,B.Tech,CH,MH_G,Uttarakhand,North,Veg,,Strict,None,Full_Board,3895,16/07/2024,,True,0.605,2.92,South_Indian,0.256,False,74.0
S3939,Oni Dube,2024,2,B.Tech,CH,MH_A,Kerala,South,Non_Veg,Daily,,,Lunch_Dinner,3889,16/07/2024,,True,0.946,3.32,,0.124,True,172.0
S3940,Radha Raghavan,2024,2,M.Tech,EE,MH_G,Uttar Pradesh,North,Veg,,Strict,,Full_Board,4649,2024-07-04,,True,0.395,3.59,South_Indian,0.398,False,363.0
S3941,Yug Brahmbhatt,2024,2,M.Tech,Other,MH_A,Rajasthan,North,Veg,,Flexible,Lactose,Full_Board,4033,"July 15, 2024",,True,0.463,2.27,,0.203,False,366.0
S3942,Jeet Wali,2024,2,PhD,Other,MH_G,West Bengal,East,Veg,,Flexible,None,Breakfast_Only,3977,2024-07-05,,True,0.822,3.04,North_Indian,0.682,True,417.0
S3943,Niharika Bhatti,2024,2,B.Tech,ECE,MH_B,Jharkhand,East,Non_Veg,Alternate_Days,,None,Custom,3934,12/07/2024,,True,0.771,3.14,North_Indian,0.314,True,1415.0
S3944,Gaurav Patil,2024,2,B.Tech,CSE,MH_A,Bihar,North,Veg,,Flexible,None,Lunch_Dinner,4122,04/07/2024,,True,0.694,3.13,No_Preference,0.662,False,327.0
S3945,Anjali Dhingra,2024,2,B.Tech,EE,MH_G,Bihar,North,Veg,,Strict,,Custom,3909,"July 01, 2024",,True,0.574,1.67,North_Indian,0.533,False,839.0
S3946,,2024,2,B.Tech,EE,MH_G,Punjab,North,Veg,,Strict,,Full_Board,4494,2024-07-04,,True,0.769,4.17,North_Indian,0.41,,862.0
S3947,Anusha Anne,2024,2,M.Tech,CH,MH_G,Uttar Pradesh,North,Veg,,Flexible,,Lunch_Dinner,3658,2024-07-01,,True,0.929,2.81,No_Preference,0.262,False,90.0
S3948,Krishna Kapadia,2024,2,B.Tech,CSE,MH_A,West Bengal,East,Non_Veg,Weekly_Once,,,Full_Board,3803,2024-07-12,,True,0.699,2.4,No_Preference,0.358,False,417.0
S3949,Henry Dasgupta,2024,2,PhD,ME,MH_B,Andhra Pradesh,Northeast,Eggetarian,Alternate_Days,,Nut,Full_Board,4436,2024-07-19,,True,0.684,3.48,South_Indian,0.672,False,623.0
S3950,Damini Suri,2024,2,PhD,ECE,MH_A,Kerala,South,Non_Veg,Weekly_Once,,None,Full_Board,3989,"July 18, 2024",,True,0.739,3.88,North_Indian,0.209,,1108.0
S3951,Ikshita Manda,2024,2,M.Tech,CSE,MH_G,West Bengal,East,Eggetarian,Rarely,,None,Custom,3970,17/07/2024,,True,0.616,3.31,North_Indian,0.089,,975.0
S3952,Hardik Bava,2024,2,B.Tech,CH,MH_A,West Bengal,East,Veg,,Flexible,,Lunch_Dinner,3915,2024-07-07,,True,0.659,4.01,North_Indian,0.294,False,420.0
S3953,Eesha Ramachandran,2024,2,B.Tech,Other,MH_A,Bihar,North,Non_Veg,Alternate_Days,,None,Lunch_Dinner,3764,11/07/2024,,True,0.834,3.88,North_Indian,0.097,False,51.0
S3954,Hemani Wali,2024,2,B.Tech,ECE,MH_G,Manipur,Northeast,Non_Veg,Rarely,,,Lunch_Dinner,4190,08/07/2024,,True,0.461,2.15,,0.525,False,1070.0
S3955,Vansha Datta,2024,2,B.Tech,ECE,MH_A,Madhya Pradesh,Central,Veg,,Indifferent,,Custom,3914,"July 12, 2024",,True,0.649,2.71,North_Indian,0.06,,626.0
S3956,Aditya Varghese,2024,2,M.Tech,CE,MH_G,Delhi,North,Vegan,,,Gluten,Lunch_Dinner,4036,16/07/2024,,True,0.601,3.14,South_Indian,0.166,,581.0
S3957,Jonathan Dhar,2024,2,B.Tech,CE,MH_B,Andhra Pradesh,South,Non-Veg,Alternate_Days,,Lactose,Custom,4184,2024-07-06,,True,0.563,3.97,South_Indian,0.409,,342.0
S3958,Amara Bera,2024,2,M.Tech,CSE,MH_A,Kerala,South,Non_Veg,Alternate_Days,,None,Custom,3785,"July 14, 2024",,True,0.777,1.93,North_Indian,0.32,True,89.0
S3959,Zaid Sahota,2024,2,B.Tech,ME,MH_G,Maharashtra,West,Pure Veg,,Strict,None,Lunch_Dinner,3988,2024-07-07,,True,0.502,5.0,,0.168,False,526.0
S3960,Qadim Sarna,2024,2,B.Tech,EE,MH_A,Haryana,North,Non_Veg,Rarely,,None,Full_Board,4504,"July 14, 2024",,True,0.639,3.38,North_Indian,0.644,False,557.0
S3961,Upadhriti Thakkar,2024,2,PhD,BT,MH_G,Punjab,North,pure-veg,,Indifferent,None,Full_Board,4172,02/07/2024,,True,0.707,2.63,North_Indian,0.373,True,3000.0
S3962,Anya Sangha,2024,2,B.Tech,CH,MH_G,Odisha,East,Non_Veg,Rarely,,None,Full_Board,4231,"July 16, 2024",,True,0.719,3.0,South_Indian,0.286,False,239.0
S3963,Dalaja Chahal,2024,2,B.Tech,BT,MH_A,Uttar Pradesh,North,Veg,,Strict,,Full_Board,4027,2024-07-19,,True,0.634,1.98,,0.424,False,847.0
S3964,Niharika Munshi,2024,2,B.Tech,CE,MH_A,Maharashtra,West,Veg,,Strict,None,Lunch_Dinner,4175,01/07/2024,,True,0.577,3.57,South_Indian,0.29,False,114.0
S3965,Fariq Bose,2024,2,B.Tech,EE,MH_A,Uttar Pradesh,Central,Veg,,Strict,None,Full_Board,4395,2024-07-07,,True,0.908,2.79,North_Indian,0.445,False,1820.0
S3966,Girik Gandhi,2024,2,B.Tech,Other,MH_A,Kerala,South,Vegan,,,Others,Full_Board,3965,2024-07-06,,True,0.914,1.83,South_Indian,0.194,False,303.0
S3967,Frado Mangal,2024,2,B.Tech,ME,MH_B,Uttar Pradesh,North,Non_Veg,Alternate_Days,,None,Lunch_Dinner,3904,2024-07-14,,True,0.547,3.06,,0.244,,560.0
S3968,Advaith Samra,2024,2,B.Tech,ME,MH_A,Maharashtra,West,Veg,,Indifferent,,Custom,4046,2024-07-03,,True,0.88,3.73,,0.154,,284.0
S3969,Varsha Tank,2024,2,B.Tech,CH,MH_A,Tamil Nadu,South,Non_Veg,Rarely,,None,Lunch_Dinner,4141,2024-07-19,,True,1.2921126610327769,2.93,,0.427,True,261.0
S3970,Nidra Atwal,2024,2,B.Tech,ECE,MH_A,Gujarat,West,Veg,,Strict,,Full_Board,4007,11/07/2024,,True,0.68,2.83,No_Preference,0.644,False,55.0
S3971,Abhimanyu Sandal,2024,2,M.Tech,CE,MH_B,Rajasthan,North,Veg,,Flexible,,Lunch_Dinner,4294,"July 19, 2024",,True,0.817,2.4,No_Preference,0.408,False,224.0
S3972,Yash Wable,2024,2,M.Tech,ME,MH_A,Gujarat,Central,Veg,,Strict,None,Full_Board,4096,"July 08, 2024",,True,0.628,2.88,North_Indian,0.13,False,110.0
S3973,Saumya Ganguly,2024,2,PhD,Other,MH_A,Tripura,Northeast,Veg,,Strict,Gluten,Full_Board,4052,2024-07-15,,True,0.695,3.11,No_Preference,0.479,True,618.0
S3974,Parth Borde,2024,2,B.Tech,EE,MH_A,Tamil Nadu,South,Non_Veg,Alternate_Days,,None,Full_Board,4046,"July 15, 2024",,True,0.761,3.44,,0.378,True,454.0
S3975,Kiaan Varkey,2024,2,B.Tech,CSE,MH_B,Uttar Pradesh,North,Veg,,Indifferent,None,Breakfast_Only,4194,"July 11, 2024",,True,0.623,2.95,North_Indian,0.225,,292.0
S3976,Charan Sami,2024,2,B.Tech,ECE,MH_G,Rajasthan,North,Veg,,Strict,,Full_Board,4112,"July 01, 2024",,True,0.663,2.29,Continental,0.472,,579.0
S3977,Ladli Garde,2024,2,B.Tech,ME,MH_B,Gujarat,West,Veg,,Flexible,None,Custom,4292,2024-07-09,,True,0.745,4.27,,0.377,False,1774.0
S3978,Isaiah Nigam,2024,2,PhD,ECE,MH_A,Maharashtra,West,Non_Veg,Alternate_Days,,Lactose,Custom,4296,2024-07-16,,True,0.631,3.71,No_Preference,0.699,False,441.0
S3979,Jacob Mannan,2024,2,B.Tech,CSE,MH_A,Maharashtra,West,Veg,,Flexible,,Breakfast_Only,4214,04/07/2024,,True,0.707,3.58,North_Indian,0.711,True,55.0
S3980,Vasudha Memon,2024,2,PhD,CE,MH_G,Gujarat,West,Veg,,Indifferent,Gluten,Breakfast_Only,4130,2024-07-16,,True,0.922,3.03,No_Preference,0.089,False,347.0
S3981,Tanay Agate,2024,2,B.Tech,BT,MH_A,Kerala,South,Jain,,,Others,Lunch_Dinner,4100,2024-07-16,,True,0.806,3.02,No_Preference,0.739,True,105.0
S3982,Teerth Mody,2024,2,B.Tech,CE,MH_G,Rajasthan,North,Veg,,Strict,,Full_Board,3696,"July 16, 2024",,True,0.754,3.38,No_Preference,0.112,False,3000.0
S3983,Ubika Sura,2024,2,B.Tech,CH,MH_A,Uttar Pradesh,North,Veg,,Strict,None,Lunch_Dinner,4139,2024-07-09,,True,0.635,1.83,South_Indian,0.459,False,1572.0
S3984,Ishani Ahuja,2024,2,M.Tech,CSE,MH_A,Telangana,South,Eggetarian,Daily,,,Full_Board,4106,2024-07-05,,True,0.942,4.3,,0.386,False,227.0
S3985,Falguni Misra,2024,2,B.Tech,ME,MH_G,Goa,West,Veg,,Flexible,,Full_Board,4122,2024-07-17,,True,0.824,3.75,,0.621,True,836.0
S3986,Hredhaan Ahluwalia,2024,2,M.Tech,CSE,MH_G,Gujarat,West,Veg,,Strict,None,Full_Board,4196,11/07/2024,,True,0.872,3.04,South_Indian,0.324,False,145.0
S3987,Quincy Ratti,2024,2,M.Tech,Other,MH_B,Jharkhand,East,Veg,,Flexible,,Full_Board,4000,2024-07-17,,True,0.525,2.98,South_Indian,0.663,False,81.0
S3988,Aditya Chaudhuri,2024,2,B.Tech,CE,MH_G,Tripura,Northeast,Pure Veg,,Strict,None,Full_Board,4535,2024-07-08,,True,0.704,2.87,,0.353,,432.0
S3989,Vyanjana Hora,2024,2,B.Tech,CE,MH_B,Rajasthan,North,Veg,,Flexible,,Lunch_Dinner,4108,2024-07-05,,True,0.755,2.48,South_Indian,0.248,False,129.0
S3990,Yoshita Dube,2024,2,M.Tech,EE,MH_B,Andhra Pradesh,South,Eggetarian,Alternate_Days,,,Full_Board,4012,2024-07-05,,True,0.722,3.08,South_Indian,0.548,False,914.0
S3991,,2024,2,M.Tech,ECE,MH_B,Gujarat,West,Veg,,Strict,,Full_Board,4086,2024-07-19,,True,0.788,3.37,North_Indian,0.088,False,62.0
S3992,Jatin Sura,2024,2,B.Tech,BT,MH_A,Tamil Nadu,South,Non_Veg,Weekly_Once,,None,Lunch_Dinner,4129,2024-07-04,,True,0.643,2.61,North_Indian,0.619,False,2963.0
S3993,Nachiket Krishna,2024,2,PhD,CSE,MH_A,Kerala,South,nonveg,Alternate_Days,,,Lunch_Dinner,4109,04/07/2024,,True,0.679,3.86,North_Indian,0.443,True,1276.0
S3994,Upma Rana,2024,2,PhD,CE,MH_A,Maharashtra,West,Veg,,Strict,None,Full_Board,3797,2024-07-10,,True,0.971,2.6,No_Preference,0.159,True,134.0
S3995,Chandani Patla,2024,2,B.Tech,CSE,MH_G,Rajasthan,North,Vegan,,,,Full_Board,4062,"July 03, 2024",,True,0.94,3.33,,0.501,,619.0
S3996,Qabil Yadav,2024,2,B.Tech,CSE,MH_G,Maharashtra,West,Non_Veg,Daily,,,Lunch_Dinner,4058,"July 04, 2024",,True,0.723,1.79,No_Preference,0.645,False,365.0
S3997,Ikbal Sarna,2024,2,B.Tech,BT,MH_B,Uttar Pradesh,North,Non_Veg,Daily,,Others,Breakfast_Only,3950,"July 05, 2024",,True,1.1060358517562505,4.78,No_Preference,0.251,False,732.0
S3998,Neel Dey,2024,2,B.Tech,BT,MH_G,Tamil Nadu,South,Eggetarian,Weekly_Once,,None,Custom,3824,2024-07-17,,True,0.616,3.98,South_Indian,0.547,False,207.0
S3999,Radha Ahluwalia,2024,2,B.Tech,CSE,MH_G,Bihar,North,Veg,,Indifferent,,Lunch_Dinner,4038,2024-07-06,,True,0.667,2.43,Continental,0.418,False,663.0
S4000,Rushil Choudhry,2024,2,B.Tech,ECE,MH_A,Uttar Pradesh,North,Veg,,Strict,,Custom,3568,2024-07-17,,True,0.819,3.62,,0.432,True,199.0
