Date,Temperature_C,Temperature_Min_C,Feels_Like_C,Rainfall_mm,Humidity_Percent,Weather_Condition,Season,UV_Index,Wind_Speed_kmph,Air_Quality_Index,Dew_Point_C,Visibility_km
01/01/2021,23.6,1.9,21.9,0.0,28.6,Clear,Winter,,6.4,50,-2.7,14.1
02/01/2021,17.0,10.7,13.5,0.0,42.1,Clear,Winter,9.1,29.8,95,9.6,14.4
"January 03, 2021",15.7,6.7,13.8,0.0,30.2,Clear,Winter,7.2,7.7,105,,13.6
04/01/2021,19.2,6.5,18.6,0.0,33.4,Clear,Winter,9.5,13.0,113,3.2,14.8
2021-01-05,15.1,10.7,12.5,0.0,28.9,Clear,Winter,4.8,10.2,127,6.3,14.6
"January 06, 2021",24.1,8.2,23.7,0.0,25.0,Clear,Winter,7.8,9.7,86,5.4,15.0
2021-01-07,17.7,9.6,21.5,0.0,48.7,Clear,Winter,4.6,19.6,62,8.2,14.3
2021-01-08,15.8,10.7,14.1,0.0,26.0,Clear,Winter,4.8,11.1,56,8.1,15.0
2021-01-09,19.2,10.3,18.1,14.3,38.3,Rain,Winter,5.9,10.2,50,5.8,9.8
2021-01-10,19.4,9.6,18.3,0.0,36.6,Clear,Winter,3.9,40.0,131,6.1,14.9
11/01/2021,17.3,3.9,14.8,0.0,25.0,Clear,Winter,5.8,17.4,87,0.0,14.4
"January 12, 2021",13.8,11.2,10.4,0.0,25.5,Fog,Winter,,9.8,50,,0.8
2021-01-13,16.4,3.8,17.6,9.8,32.3,Rain,Summer,5.3,20.0,177,0.7,11.6
14/01/2021,23.2,7.4,22.2,0.0,25.0,Clear,Winter,4.3,6.7,59,5.1,14.7
2021-01-15,19.5,9.6,19.0,0.0,45.5,Clear,Winter,3.9,11.3,83,7.0,13.7
16/01/2021,21.5,9.2,17.8,0.0,26.9,Clear,Winter,4.2,72.2,50,7.8,14.6
2021-01-17,19.1,9.1,18.1,0.0,25.0,Clear,Winter,6.8,6.5,77,7.4,14.3
2021-01-18,16.1,8.1,18.8,0.0,42.9,Clear,Winter,5.9,15.6,124,7.0,14.3
2021-01-19,15.4,6.8,19.5,0.0,34.4,Clear,Winter,6.4,8.9,127,3.8,13.4
2021-01-20,20.5,6.4,20.8,0.0,27.8,Clear,Winter,10.0,56.9,77,2.8,14.6
21/01/2021,13.3,9.8,12.7,0.0,25.0,Cloudy,Winter,5.7,7.4,83,6.9,13.4
"January 22, 2021",16.8,11.6,13.8,0.0,37.4,Clear,Winter,5.6,34.5,92,8.4,15.0
2021-01-23,19.1,7.0,17.9,0.0,31.1,Clear,Winter,9.1,98.4,50,3.7,13.2
2021-01-24,21.5,7.3,20.7,0.0,31.2,Clear,Winter,,15.5,71,5.8,12.7
"January 25, 2021",17.7,-1.6,18.4,0.0,32.3,Clear,Winter,10.0,5.2,103,,14.8
2021-01-26,10.4,8.4,7.5,0.0,37.4,Fog,Winter,4.0,13.9,77,5.8,1.7
2021-01-27,10.1,6.8,5.0,0.0,29.0,Cloudy,Winter,5.3,29.1,50,2.6,14.1
2021-01-28,19.4,10.0,19.4,0.0,38.8,Clear,Winter,9.2,9.8,50,7.8,14.3
29/01/2021,20.7,11.6,20.6,0.0,29.8,Clear,Winter,,11.3,81,8.2,14.7
"January 30, 2021",21.0,4.7,18.7,0.0,31.1,Clear,Winter,11.0,26.7,126,0.8,12.2
2021-01-31,20.5,8.6,16.3,0.0,25.0,Clear,Winter,4.9,20.6,122,,14.4
2021-02-01,15.9,8.0,17.7,0.0,25.0,Clear,Winter,9.9,143.26109022370457,139,5.2,14.4
02/02/2021,15.4,9.2,12.6,0.0,25.4,Clear,Winter,,41.5,50,,13.9
2021-02-03,16.0,5.0,15.9,2.3,37.4,Clear,Winter,,10.3,50,3.4,13.4
2021-02-04,18.6,11.1,15.1,0.0,41.0,Clear,Winter,6.2,17.6,55,8.7,13.4
"February 05, 2021",14.0,9.8,12.5,0.0,25.0,Clear,Winter,5.5,21.6,136,8.8,14.5
2021-02-06,19.6,6.5,18.2,0.0,36.7,Clear,Winter,7.1,12.8,68,4.7,14.9
2021-02-07,18.3,9.1,15.9,0.0,31.8,Clear,Winter,3.8,10.5,80,6.2,14.8
2021-02-08,17.6,8.4,15.9,0.0,29.9,Clear,Winter,9.4,32.9,111,4.9,14.2
2021-02-09,16.0,9.3,14.1,0.0,25.0,Clear,Winter,9.7,59.8,103,8.3,14.8
2021-02-10,22.2,16.3,19.4,0.0,25.0,Clear,Winter,9.0,36.1,82,12.9,14.4
"February 11, 2021",21.7,10.1,21.0,0.0,29.4,Clear,Winter,8.1,8.3,65,,13.7
2021-02-12,16.9,6.5,14.9,0.0,39.2,Clear,Winter,7.2,5.4,82,3.5,11.7
2021-02-13,20.0,8.4,18.1,0.0,25.8,Clear,Winter,,12.3,137,4.0,14.0
2021-02-14,18.4,8.1,18.0,0.0,48.5,Clear,Winter,2.2,8.9,55,5.0,13.7
15/02/2021,21.3,8.9,23.2,0.0,36.3,Clear,Winter,7.1,6.1,105,,9.9
2021-02-16,11.1,9.1,7.7,0.0,25.0,Clear,Winter,8.3,21.0,72,7.3,14.7
2021-02-17,20.1,6.4,16.8,0.0,35.7,Clear,Winter,5.0,29.6,65,3.6,14.3
2021-02-18,14.3,9.7,13.3,0.0,36.7,Clear,Winter,,11.9,53,7.3,15.0
2021-02-19,18.5,10.3,19.3,0.0,25.0,Clear,Winter,,21.0,50,8.1,13.3
2021-02-20,14.2,6.5,15.5,0.0,26.0,Clear,Winter,7.3,6.3,64,2.6,13.7
"February 21, 2021",19.6,3.2,22.7,0.0,41.8,Clear,Winter,4.4,12.3,99,-1.3,13.9
2021-02-22,16.4,7.1,14.9,-1.0,26.9,Clear,Winter,,47.0,50,,12.6
2021-02-23,13.8,9.4,14.6,0.0,31.6,Clear,Winter,,13.8,68,7.1,14.8
24/02/2021,25.7,4.9,23.7,0.0,25.0,Clear,Winter,7.7,14.1,80,0.6,12.5
2021-02-25,17.1,11.4,15.3,0.0,25.0,Clear,Winter,2.2,32.9,98,,13.3
2021-02-26,29.7,5.3,29.6,0.0,32.5,Clear,Winter,2.9,39.6,64,3.3,13.9
2021-02-27,17.4,8.0,18.2,0.0,29.0,Clear,Winter,10.5,41.9,51,4.6,13.4
2021-02-28,23.1,12.5,21.6,0.0,36.4,Clear,Winter,2.8,8.9,101,9.2,14.0
01/03/2021,39.9,28.4,39.8,0.0,29.1,Clear,Summer,5.6,16.4,88,26.8,14.8
2021-03-02,33.8,20.4,32.4,0.0,37.3,Clear,Summer,7.7,40.8,76,17.3,14.9
2021-03-03,37.4,23.6,30.9,0.6,25.0,Clear,Summer,,14.1,50,20.7,12.8
2021-03-04,38.3,26.6,38.5,0.0,31.6,Clear,Summer,9.6,10.4,50,23.4,13.0
05/03/2021,44.9,26.5,41.6,0.0,25.5,Heatwave,Summer,8.5,9.7,174,,14.7
06/03/2021,34.1,26.3,31.8,0.0,36.1,Clear,Summer,2.7,15.8,114,22.2,13.3
"March 07, 2021",40.3,24.1,38.9,8.3,32.6,Rain,Summer,4.5,32.5,116,21.0,11.4
2021-03-08,37.9,23.6,37.0,0.0,25.0,Clear,Summer,,9.6,50,19.7,11.2
09/03/2021,31.0,22.6,30.9,0.0,37.7,Clear,Summer,8.1,38.5,97,21.5,14.7
2021-03-10,42.1,23.5,35.3,0.0,25.0,Heatwave,Summer,,37.6,116,20.1,13.4
11/03/2021,37.0,23.0,34.6,0.0,42.6,Clear,Summer,6.0,36.9,150,20.4,13.9
12/03/2021,35.1,22.3,32.2,0.0,25.0,Clear,Summer,8.3,142.75497229922797,94,19.3,14.3
2021-03-13,35.0,17.0,35.2,0.0,25.0,Clear,Post_Monsoon,6.1,18.6,101,12.7,13.8
14/03/2021,38.6,24.7,39.7,0.0,34.3,Clear,Summer,5.8,66.8,111,21.6,12.3
15/03/2021,42.8,21.3,41.3,0.0,34.9,Heatwave,Summer,6.7,14.6,77,16.9,14.9
2021-03-16,34.9,23.3,34.1,0.0,25.0,Clear,Summer,9.6,14.1,108,20.0,14.6
2021-03-17,35.2,21.1,32.7,0.0,36.4,Clear,Summer,,42.7,122,16.5,14.1
"March 18, 2021",37.0,23.5,36.0,0.0,25.0,Clear,Summer,3.9,42.1,78,20.0,13.8
19/03/2021,34.4,18.6,30.3,0.0,33.9,Clear,Summer,9.2,37.2,121,,14.2
2021-03-20,35.9,23.9,31.8,0.0,40.7,Clear,Summer,6.3,24.5,66,22.8,14.1
2021-03-21,36.3,24.2,39.6,0.0,25.0,Clear,Summer,4.7,63.9,107,21.2,13.9
2021-03-22,32.9,20.5,30.8,0.0,33.3,Clear,Summer,6.4,26.7,69,17.4,14.6
23/03/2021,40.3,25.1,42.5,0.0,38.7,Heatwave,Summer,7.3,9.2,86,21.1,14.7
2021-03-24,37.5,18.5,38.4,0.0,34.1,Clear,Summer,4.8,10.5,50,14.2,14.9
2021-03-25,38.8,25.7,38.4,0.0,34.3,Clear,Summer,8.4,27.4,115,21.8,14.9
"March 26, 2021",36.5,17.8,33.9,1.4,25.0,Clear,Summer,9.3,10.4,57,13.8,14.0
2021-03-27,41.0,23.3,40.6,0.0,36.9,Heatwave,Summer,9.8,11.8,109,19.6,14.9
28/03/2021,35.3,21.5,34.6,0.0,42.0,Clear,Summer,9.6,7.2,108,18.6,14.5
29/03/2021,35.4,37.46154602293005,33.7,0.0,25.0,Clear,Summer,10.5,10.2,50,17.3,14.0
2021-03-30,40.6,19.4,36.6,0.0,26.0,Heatwave,Summer,7.1,18.1,135,17.2,13.1
2021-03-31,31.5,21.8,27.8,0.0,25.7,Clear,Summer,,8.4,86,19.9,14.9
2021-04-01,37.8,22.8,40.2,0.0,31.8,Clear,Summer,2.1,14.0,63,18.6,15.0
2021-04-02,39.8,19.9,36.9,0.0,31.3,Clear,Summer,9.6,16.6,147,18.3,14.6
2021-04-03,39.0,21.0,38.2,0.0,29.9,Clear,Summer,9.6,9.2,74,16.8,10.7
2021-04-04,38.2,16.3,36.8,0.0,31.1,Clear,Summer,,72.9,50,14.9,14.3
05/04/2021,33.3,25.7,28.8,0.0,25.0,Clear,Summer,10.6,50.1,74,22.2,14.5
2021-04-06,35.9,25.4,34.4,0.0,35.3,Clear,Summer,7.3,17.1,58,23.5,14.7
07/04/2021,41.4,20.5,42.7,0.0,44.4,Heatwave,Summer,9.2,6.5,155,19.0,14.7
2021-04-08,32.1,29.0,34.7,0.0,30.4,Clear,Summer,6.2,13.0,91,26.8,14.4
09/04/2021,39.4,27.2,39.4,0.0,35.0,Clear,Summer,2.6,36.1,50,23.6,14.3
2021-04-10,32.1,24.2,33.1,0.0,25.0,Clear,Summer,2.1,6.4,62,21.9,15.0
2021-04-11,32.1,23.0,34.9,0.0,31.6,Clear,Summer,7.7,31.1,107,19.8,14.4
"April 12, 2021",36.6,27.7,36.3,0.0,45.8,Clear,Summer,6.6,48.1,139,,12.1
2021-04-13,37.2,22.1,32.7,0.0,28.4,Clear,Summer,9.4,27.2,129,18.2,14.5
14/04/2021,38.0,29.5,37.3,0.0,28.1,Clear,Summer,9.1,22.7,97,24.7,14.2
15/04/2021,37.1,22.7,37.2,0.0,25.0,Clear,Summer,4.1,43.6,59,,14.6
"April 16, 2021",36.1,24.5,33.7,0.0,25.0,Clear,Summer,3.7,30.0,63,21.4,14.8
2021-04-17,37.7,22.6,37.6,0.0,27.1,Clear,Summer,7.9,13.9,64,21.1,14.1
"April 18, 2021",35.2,26.4,34.3,0.0,53.2,Clear,Summer,10.0,8.2,50,25.0,14.9
2021-04-19,38.2,22.2,41.0,14.8,42.5,Rain,Summer,7.8,32.8,65,,11.4
20/04/2021,40.1,28.8,35.8,0.0,25.0,Heatwave,Summer,10.4,25.3,126,27.4,14.7
2021-04-21,39.7,21.6,38.2,0.0,30.0,Clear,Summer,9.8,14.8,50,19.5,13.7
2021-04-22,35.5,24.7,33.2,5.2,31.2,Rain,Summer,7.7,94.2,108,21.9,13.8
2021-04-23,37.8,24.9,42.3,0.0,39.1,Clear,Summer,5.9,20.2,151,21.0,14.8
2021-04-24,37.4,23.9,36.1,0.0,26.4,Clear,Summer,,24.0,54,21.1,14.2
2021-04-25,39.8,19.5,40.5,0.0,32.0,Clear,Summer,,17.5,50,15.2,13.4
2021-04-26,39.6,24.0,39.4,0.0,38.9,Clear,Summer,11.0,9.5,50,20.3,14.3
2021-04-27,36.6,26.5,38.5,0.0,36.2,Clear,Summer,4.0,15.6,126,23.5,11.5
28/04/2021,35.8,23.3,31.1,0.0,25.0,Clear,Monsoon,7.9,118.8,50,,15.0
29/04/2021,37.1,27.1,34.9,0.0,36.7,Clear,Summer,3.9,6.8,85,24.2,13.3
2021-04-30,35.0,26.0,35.6,0.0,28.7,Clear,Summer,8.0,35.6,121,,14.6
01/05/2021,34.9,37.782328562408075,34.7,0.8,30.6,Clear,Summer,6.5,20.3,50,22.9,13.7
2021-05-02,30.9,28.9,31.3,0.0,32.6,Clear,Summer,8.2,30.2,95,24.1,14.8
2021-05-03,37.2,20.8,36.6,0.0,25.0,Clear,Summer,6.0,10.4,100,17.0,13.8
2021-05-04,39.4,20.7,36.3,0.0,38.8,Clear,Summer,,17.9,50,16.6,14.1
2021-05-05,40.2,25.7,39.5,0.0,35.2,Heatwave,Summer,,15.2,155,22.2,13.5
2021-05-06,35.1,23.0,35.0,0.0,29.9,Clear,Summer,12.570617944718721,30.2,68,18.7,14.1
2021-05-07,32.0,23.1,28.7,0.0,33.9,Clear,Summer,8.2,8.8,50,20.8,14.9
2021-05-08,42.4,31.2,40.8,0.0,51.4,Heatwave,Summer,8.6,38.0,133,29.7,14.7
2021-05-09,34.9,21.9,31.3,0.0,27.9,Clear,Summer,,15.0,50,18.2,15.0
"May 10, 2021",35.4,21.3,34.4,0.0,25.0,Clear,Summer,6.4,9.4,50,16.5,14.9
"May 11, 2021",38.9,20.0,39.0,0.0,27.0,Thunderstorm,Summer,5.1,11.8,105,18.6,14.6
12/05/2021,40.1,23.5,39.0,4.3,35.0,Heatwave,Summer,2.1,34.5,100,22.2,13.0
2021-05-13,35.5,23.5,34.5,0.0,25.0,Clear,Summer,4.3,6.7,50,18.9,14.3
2021-05-14,31.6,25.2,30.7,0.0,25.0,Clear,Summer,4.8,16.9,55,21.2,10.9
15/05/2021,37.7,20.9,36.1,0.0,30.8,Clear,Summer,5.5,44.9,103,19.3,14.7
16/05/2021,39.6,24.2,39.7,0.0,28.1,Clear,Summer,3.6,22.5,50,23.1,13.9
2021-05-17,37.5,25.6,36.5,0.0,25.0,Clear,Summer,3.3,42.9,50,24.3,14.6
"May 18, 2021",35.7,28.5,35.2,3.9,38.0,Clear,Summer,2.5,48.7,156,26.3,13.6
2021-05-19,41.7,26.0,39.9,0.0,35.5,Heatwave,Summer,10.4,23.2,125,23.2,14.8
20/05/2021,39.8,23.2,38.1,0.0,29.1,Clear,Monsoon,10.4,7.4,76,19.7,13.1
"May 21, 2021",31.7,22.1,30.8,0.0,33.7,Thunderstorm,Summer,2.9,139.3046296983936,77,17.1,14.8
"May 22, 2021",36.0,25.2,33.3,1.2,39.1,Clear,Monsoon,2.9,26.8,50,22.6,8.6
2021-05-23,40.8,26.4,40.7,0.6,36.8,Heatwave,Summer,,7.2,126,,14.1
"May 24, 2021",37.2,27.6,32.7,0.0,38.8,Clear,Summer,4.0,19.1,123,25.0,11.6
2021-05-25,37.7,33.7,35.6,0.0,31.0,Clear,Summer,10.1,27.5,101,31.9,14.9
2021-05-26,40.1,24.5,40.6,0.0,40.6,Heatwave,Summer,2.8,23.5,188,,14.7
27/05/2021,38.8,24.5,38.9,0.0,35.0,Clear,Summer,9.3,10.4,74,23.4,14.4
2021-05-28,37.2,22.2,35.2,0.0,32.3,Clear,Summer,9.2,13.8,76,20.7,14.7
2021-05-29,37.8,27.3,34.0,0.0,29.1,Clear,Summer,6.8,20.8,56,26.1,13.4
2021-05-30,40.3,26.0,40.1,0.0,31.1,Heatwave,Monsoon,7.4,18.5,131,21.9,13.5
2021-05-31,32.7,23.2,32.9,0.0,27.0,Clear,Summer,8.1,12.2,50,19.3,14.3
2021-06-01,31.2,22.7,33.5,8.4,42.6,Rain,Monsoon,10.3,20.8,73,18.4,12.2
02/06/2021,31.2,23.3,30.1,18.3,40.9,Rainy,Monsoon,8.6,12.0,79,,10.7
2021-06-03,35.6,22.1,35.6,12.1,40.8,Rain,Monsoon,7.4,28.4,50,17.6,11.5
2021-06-04,35.9,22.0,35.3,0.0,25.0,Clear,Monsoon,6.2,76.4,58,,13.6
2021-06-05,34.0,26.0,35.5,32.3,48.0,Heavy_Rain,Monsoon,3.8,29.6,79,21.4,8.5
2021-06-06,28.8,24.5,29.6,0.0,25.0,Clear,Post_Monsoon,5.3,8.1,87,21.5,14.6
2021-06-07,36.0,24.5,34.9,-1.0,25.0,Clear,Monsoon,,10.3,118,19.8,14.6
2021-06-08,36.1,23.7,36.6,0.0,32.7,Clear,Monsoon,2.9,10.6,187,21.3,15.0
"June 09, 2021",35.5,24.1,27.8,4.9,43.5,Clear,Monsoon,,12.9,150,21.6,14.0
2021-06-10,31.7,23.0,32.1,12.4,31.0,Rain,Monsoon,6.5,14.7,63,,12.5
"June 11, 2021",31.7,24.4,30.9,3.1,37.2,Clear,Monsoon,,49.9,121,21.6,13.6
2021-06-12,35.2,24.4,37.2,0.0,39.6,Clear,Monsoon,10.7,31.9,135,20.2,13.1
2021-06-13,37.8,24.7,34.6,3.8,28.2,Clear,Monsoon,2.8,11.5,121,22.2,13.1
2021-06-14,29.8,25.8,28.7,0.0,27.4,Clear,Monsoon,9.6,44.5,150,24.0,14.6
2021-06-15,32.6,23.9,35.3,0.0,28.0,Clear,Monsoon,2.7,15.0,53,19.4,14.6
16/06/2021,32.8,25.5,32.0,13.7,52.7,Rain,Summer,2.9,141.62742333856886,126,22.8,10.5
2021-06-17,34.5,25.8,38.2,14.8,37.6,Rain,Monsoon,4.8,9.2,107,22.3,11.7
"June 18, 2021",29.4,25.9,32.5,0.0,32.3,Clear,Monsoon,10.5,6.0,121,22.9,12.8
2021-06-19,37.1,26.5,39.3,26.2,46.8,rain,Monsoon,3.3,15.5,88,23.7,9.2
"June 20, 2021",34.1,27.7,37.4,0.0,32.4,Clear,Monsoon,4.7,143.69087599112214,55,25.5,14.8
2021-06-21,31.2,26.5,28.8,0.0,36.9,Clear,Monsoon,3.2,12.4,87,22.4,13.7
2021-06-22,34.7,23.4,33.1,16.9,45.0,raining,Monsoon,10.6,42.3,121,21.6,11.3
23/06/2021,36.0,21.6,39.8,0.0,25.5,Clear,Monsoon,,5.6,79,19.7,14.9
2021-06-24,38.7,24.8,35.9,0.0,25.0,Clear,Monsoon,4.0,15.7,88,21.3,14.0
2021-06-25,37.2,26.7,36.5,0.0,37.4,Clear,Monsoon,10.7,7.1,50,24.6,13.2
2021-06-26,30.0,26.6,31.3,14.7,40.1,rain,Monsoon,10.7,21.8,83,24.5,11.7
2021-06-27,32.2,27.7,33.5,19.3,51.1,Rain,Monsoon,6.2,62.8,90,26.4,9.8
28/06/2021,31.8,26.1,33.4,9.9,37.9,Rain,Monsoon,7.6,68.5,50,22.3,12.3
29/06/2021,35.1,26.6,35.1,0.0,25.0,Clear,Monsoon,4.7,10.4,65,24.0,14.1
"June 30, 2021",34.5,24.0,33.5,26.7,61.2,Rain,Monsoon,3.5,23.2,73,20.4,7.1
"July 01, 2021",31.3,25.0,32.2,10.4,46.9,Rain,Monsoon,4.2,12.9,50,22.4,12.0
2021-07-02,32.6,26.8,35.5,0.0,25.0,Clear,Monsoon,10.1,32.4,56,23.1,13.9
"July 03, 2021",33.4,22.3,32.3,18.6,42.1,Rain,Monsoon,8.9,69.8,72,19.5,10.9
2021-07-04,35.3,25.2,32.8,0.0,29.4,Clear,Monsoon,5.7,25.4,100,,13.8
05/07/2021,28.9,26.8,33.5,55.7,67.0,Heavy_Rain,Monsoon,5.9,14.5,50,25.5,3.1
2021-07-06,27.0,25.0,25.5,0.0,40.1,Clear,Monsoon,,53.6,131,20.5,14.7
2021-07-07,31.6,25.5,31.8,0.0,39.8,Clear,Monsoon,2.4,10.4,100,22.4,15.0
2021-07-08,36.1,22.7,39.2,40.1,59.1,Heavy_Rain,Monsoon,6.3,27.9,129,21.6,6.5
2021-07-09,28.2,24.0,26.9,0.0,25.0,Clear,Monsoon,4.2,9.6,50,22.5,14.4
2021-07-10,34.4,35.80452801871978,34.8,15.8,50.1,raining,Monsoon,2.3,20.4,125,,11.2
11/07/2021,33.5,22.7,33.2,0.0,27.8,Clear,Monsoon,10.0,15.5,57,18.3,13.4
"July 12, 2021",32.5,27.0,29.5,0.0,30.4,Clear,Monsoon,10.7,8.5,51,25.7,14.1
2021-07-13,32.8,29.4,33.7,23.6,62.0,Rain,Monsoon,6.6,34.6,58,28.3,8.6
14/07/2021,29.8,25.5,30.3,20.1,33.7,rain,Monsoon,10.5,40.6,50,24.1,10.6
"July 15, 2021",37.3,23.2,39.8,0.0,25.0,Clear,Monsoon,,6.9,126,19.0,14.5
16/07/2021,29.2,25.5,29.8,1.4,39.5,Clear,Monsoon,,18.8,85,20.8,13.1
2021-07-17,35.0,23.3,31.9,18.2,50.7,Rain,Monsoon,4.6,39.5,50,20.7,8.6
2021-07-18,29.4,27.0,30.4,0.0,42.7,Clear,Monsoon,5.0,37.7,83,24.3,14.5
19/07/2021,27.1,25.1,28.4,17.7,57.1,Rain,Monsoon,7.7,13.3,66,23.3,9.8
2021-07-20,29.6,22.8,28.5,7.7,49.1,Rain,Monsoon,4.6,16.7,77,,12.2
21/07/2021,29.0,25.1,32.0,0.0,25.0,Thunderstorm,Monsoon,3.0,38.2,70,20.8,14.3
"July 22, 2021",30.0,24.9,35.5,40.4,48.4,Heavy_Rain,Monsoon,7.7,30.9,52,22.4,6.6
23/07/2021,36.7,25.4,37.0,35.2,63.0,Heavy_Rain,Monsoon,2.9,35.1,87,22.2,6.1
2021-07-24,28.6,23.4,29.6,0.0,33.1,Clear,Monsoon,2.5,15.6,83,21.2,14.5
25/07/2021,31.2,24.7,31.2,8.6,37.0,Rain,Monsoon,,27.3,71,20.1,13.2
2021-07-26,28.0,23.6,27.0,17.8,58.2,Rain,Monsoon,5.7,7.1,85,21.4,10.4
"July 27, 2021",30.7,22.0,32.4,27.9,42.3,Rain,Monsoon,5.2,12.1,76,19.5,9.4
"July 28, 2021",31.3,27.2,25.5,0.0,25.0,Clear,Monsoon,4.1,24.5,50,24.8,13.8
2021-07-29,29.0,25.6,29.3,0.4,25.0,Clear,Monsoon,8.4,5.4,50,21.8,14.5
"July 30, 2021",33.5,24.4,33.8,0.0,25.1,Clear,Monsoon,9.8,49.8,63,23.3,14.1
"July 31, 2021",34.9,25.5,32.6,0.0,25.9,Clear,Monsoon,,15.7,115,22.6,14.4
"August 01, 2021",39.5,21.5,38.0,15.4,58.3,Rain,Monsoon,5.5,10.0,81,,11.9
2021-08-02,35.4,26.3,34.7,63.5,76.1,Heavy_Rain,Monsoon,2.1,10.4,50,,1.9
2021-08-03,27.6,25.4,29.8,130.5,98.0,Heavy_Rain,Monsoon,,11.7,116,20.5,0.5
2021-08-04,31.5,23.8,31.8,27.3,44.0,Rain,Monsoon,8.5,9.3,53,21.6,9.4
05/08/2021,33.8,24.2,34.3,38.3,54.4,Heavy_Rain,Monsoon,,16.7,101,21.1,4.9
2021-08-06,30.9,26.7,31.9,0.0,35.9,Clear,Monsoon,2.4,22.6,90,,14.3
07/08/2021,29.4,26.4,35.5,42.9,66.5,Heavy_Rain,Monsoon,4.6,29.0,50,24.9,5.5
"August 08, 2021",32.9,26.0,32.0,0.0,27.8,Clear,Monsoon,5.2,6.9,92,23.7,14.4
2021-08-09,31.8,23.4,30.7,16.3,32.6,raining,Monsoon,10.2,7.2,111,21.3,10.1
"August 10, 2021",35.4,21.6,34.1,0.0,28.0,Clear,Monsoon,2.7,49.4,50,18.9,14.4
2021-08-11,32.2,25.4,30.8,2.7,32.4,Clear,Monsoon,6.9,66.9,104,23.0,13.7
2021-08-12,31.7,26.2,34.0,3.9,30.4,Clear,Monsoon,8.8,67.0,113,,12.5
13/08/2021,29.2,25.3,31.5,14.5,31.0,Rain,Monsoon,10.8,51.6,53,23.0,10.4
2021-08-14,36.2,21.0,33.3,0.0,25.0,Clear,Monsoon,,7.9,155,17.4,13.6
"August 15, 2021",36.9,25.2,37.0,0.0,25.0,Clear,Monsoon,2.6,23.5,115,20.3,13.9
2021-08-16,33.6,22.1,31.9,27.7,59.4,Rain,Monsoon,8.4,16.8,67,20.0,8.9
2021-08-17,30.2,25.5,28.7,50.6,74.9,Heavy_Rain,Monsoon,9.3,29.4,50,22.3,4.8
2021-08-18,35.2,27.6,37.0,13.8,41.3,Rain,Monsoon,,122.02117317869316,107,26.5,11.4
19/08/2021,30.1,26.1,30.4,0.0,25.0,Clear,Monsoon,5.5,8.9,51,24.7,13.1
2021-08-20,34.4,35.53304005910582,36.1,8.9,38.6,Rain,Monsoon,5.3,10.2,125,16.8,12.5
2021-08-21,28.6,26.6,27.4,0.0,29.8,Clear,Monsoon,,8.6,135,25.1,13.7
2021-08-22,39.2,22.8,36.3,0.0,38.6,Clear,Monsoon,6.5,20.8,223,,14.6
2021-08-23,27.2,23.2,27.7,9.1,43.6,Rain,Monsoon,3.0,22.2,50,20.0,12.1
"August 24, 2021",32.3,25.7,31.2,5.1,39.2,Rain,Monsoon,9.6,18.2,140,21.6,12.6
2021-08-25,31.1,26.0,30.0,0.0,31.0,Clear,Winter,6.5,6.8,76,22.6,9.4
"August 26, 2021",33.6,25.3,30.4,0.0,37.2,Clear,Monsoon,8.3,11.2,50,21.5,15.0
27/08/2021,33.4,22.7,32.4,2.5,32.2,Clear,Monsoon,4.2,42.8,97,20.8,14.3
2021-08-28,35.4,27.2,33.1,0.0,30.1,Clear,Monsoon,10.7,10.8,107,22.7,13.9
29/08/2021,31.3,23.7,36.7,-1.0,94.7,Heavy_Rain,Monsoon,8.7,32.6,127,19.0,0.5
2021-08-30,30.2,23.1,29.3,0.0,37.6,Clear,Monsoon,5.5,37.5,50,,14.3
"August 31, 2021",34.2,25.8,38.0,52.0,68.1,Heavy_Rain,Monsoon,6.1,9.9,85,22.8,4.5
2021-09-01,34.8,21.7,34.0,0.0,31.7,Clear,Monsoon,7.2,36.0,68,19.1,14.6
02/09/2021,31.4,26.6,32.7,0.0,41.8,Clear,Monsoon,4.0,53.5,172,22.7,13.7
2021-09-03,32.4,24.8,31.5,6.3,50.1,Rain,Monsoon,6.0,56.9,126,22.6,13.5
04/09/2021,31.0,27.1,30.6,0.0,31.9,Clear,Monsoon,9.3,21.6,105,25.9,13.2
2021-09-05,32.0,23.7,29.3,0.0,32.2,Clear,Monsoon,5.4,7.8,71,,14.1
"September 06, 2021",35.8,25.3,33.9,0.0,28.9,Clear,Monsoon,7.8,7.3,159,,13.5
2021-09-07,32.5,27.6,32.0,0.0,32.3,Clear,Monsoon,,28.0,72,25.4,13.7
2021-09-08,32.7,25.1,33.9,0.0,27.6,Clear,Monsoon,4.9,70.9,80,22.9,12.3
2021-09-09,34.0,27.9,34.9,0.0,46.8,Clear,Monsoon,3.5,22.5,147,23.4,13.7
2021-09-10,32.7,22.9,32.6,0.0,27.7,Clear,Monsoon,,5.6,152,21.9,13.4
2021-09-11,34.7,23.6,34.6,21.8,32.4,Rain,Monsoon,,26.4,50,21.9,10.6
2021-09-12,35.2,25.2,38.3,13.7,38.3,Rain,Monsoon,10.6,13.8,113,21.3,11.4
2021-09-13,31.9,26.0,31.9,41.0,55.3,Heavy_Rain,Monsoon,6.0,5.9,50,22.9,5.1
2021-09-14,33.7,25.2,32.7,0.0,27.6,Clear,Monsoon,10.4,41.3,80,21.6,13.4
2021-09-15,34.1,27.3,37.1,64.3,80.7,Heavy_Rain,Monsoon,7.7,29.9,75,23.7,1.1
16/09/2021,30.7,34.505544194964536,30.5,0.0,46.2,Clear,Monsoon,10.6,21.7,50,19.0,14.7
2021-09-17,34.7,23.0,37.1,0.0,25.0,Clear,Monsoon,9.6,9.9,50,20.5,14.3
"September 18, 2021",37.5,27.4,38.7,24.9,50.4,Rain,Monsoon,14.046390400455337,52.8,69,25.9,9.5
"September 19, 2021",29.1,25.1,25.0,0.0,25.7,Clear,Monsoon,9.5,16.5,60,21.4,13.7
2021-09-20,34.5,24.3,34.4,61.0,81.4,Heavy_Rain,Monsoon,6.6,7.6,50,21.7,1.7
"September 21, 2021",37.4,25.1,39.5,11.7,37.3,Rain,Monsoon,10.9,11.4,99,21.7,11.3
"September 22, 2021",32.9,24.4,32.0,12.3,52.1,Rain,Monsoon,7.1,17.3,50,21.1,9.6
2021-09-23,37.3,24.3,32.8,0.0,28.5,Clear,Monsoon,10.8,14.2,50,20.3,14.6
"September 24, 2021",32.7,24.6,35.6,41.7,73.0,Heavy_Rain,Monsoon,7.5,31.4,50,21.9,5.6
2021-09-25,25.2,23.2,23.3,25.1,49.1,Rain,Monsoon,2.9,6.8,127,,6.2
26/09/2021,32.1,23.4,33.6,0.0,45.7,Clear,Monsoon,,47.3,105,22.1,14.6
2021-09-27,36.3,26.1,32.4,0.0,34.0,Clear,Winter,4.2,30.9,102,24.6,11.0
2021-09-28,35.7,28.2,34.4,0.0,28.5,Clear,Monsoon,,5.7,70,,14.5
"September 29, 2021",35.0,25.9,33.5,0.0,39.8,Clear,Monsoon,6.3,12.0,113,22.2,13.9
30/09/2021,36.4,29.1,36.6,0.0,25.0,Clear,Monsoon,8.6,11.5,71,27.7,14.9
2021-10-01,27.4,18.5,25.0,0.0,26.7,Clear,Post_Monsoon,5.6,11.4,113,16.5,13.7
2021-10-02,26.5,24.5,26.8,0.0,34.9,Clear,Post_Monsoon,5.4,33.4,50,23.3,13.3
2021-10-03,32.6,18.8,32.1,0.0,26.4,Clear,Post_Monsoon,8.4,15.4,54,14.7,12.6
2021-10-04,31.5,14.7,27.7,0.0,25.0,Clear,Post_Monsoon,2.1,9.9,59,10.8,14.7
2021-10-05,31.7,14.3,32.9,0.0,25.0,Clear,Post_Monsoon,10.4,59.5,55,11.5,13.7
"October 06, 2021",33.3,17.2,29.4,0.0,25.0,Clear,Post_Monsoon,3.2,11.9,72,15.2,13.6
2021-10-07,32.4,16.2,34.9,0.0,41.0,Clear,Post_Monsoon,5.9,9.0,120,15.1,14.9
2021-10-08,33.6,15.5,35.1,0.0,32.8,Clear,Post_Monsoon,8.1,80.5,78,11.1,14.9
2021-10-09,29.7,26.1,32.1,0.0,36.5,Clear,Post_Monsoon,3.2,11.7,117,23.4,14.5
"October 10, 2021",30.2,16.4,27.7,0.0,27.2,Clear,Post_Monsoon,4.2,25.1,83,13.4,14.9
2021-10-11,29.8,19.1,28.3,0.0,25.0,Clear,Post_Monsoon,8.5,55.0,83,15.5,10.7
2021-10-12,32.2,14.4,32.5,0.0,26.8,Thunderstorm,Post_Monsoon,5.1,89.8,50,13.3,14.6
2021-10-13,30.3,15.9,33.1,0.0,32.9,Clear,Post_Monsoon,7.2,26.0,106,14.5,15.0
14/10/2021,28.9,22.5,28.1,0.0,38.5,Clear,Post_Monsoon,10.3,46.1,50,17.6,14.9
2021-10-15,34.1,16.5,33.4,0.0,25.0,Clear,Post_Monsoon,10.8,30.8,50,13.7,14.6
"October 16, 2021",33.6,14.2,32.4,0.0,45.2,Clear,Post_Monsoon,2.4,13.9,104,12.2,13.7
2021-10-17,31.7,16.9,32.2,0.0,25.0,Clear,Post_Monsoon,10.1,5.6,50,12.6,14.1
18/10/2021,29.9,22.1,30.3,21.7,39.3,Rain,Post_Monsoon,,21.9,58,17.9,10.6
2021-10-19,28.1,20.1,27.9,0.0,32.4,Clear,Post_Monsoon,2.8,18.2,93,18.3,11.9
"October 20, 2021",35.8,9.3,32.9,0.0,31.8,Clear,Post_Monsoon,8.8,33.4,81,4.5,14.0
21/10/2021,30.0,15.9,30.0,0.0,28.4,Clear,Post_Monsoon,,8.7,50,12.2,13.8
2021-10-22,32.7,18.4,31.1,1.9,25.0,Clear,Post_Monsoon,4.6,8.4,122,16.9,13.8
2021-10-23,25.2,19.6,24.0,0.0,29.4,Clear,Post_Monsoon,9.5,12.7,119,15.2,14.2
2021-10-24,32.9,22.0,34.0,0.0,28.8,Clear,Post_Monsoon,8.2,21.8,50,19.0,14.7
"October 25, 2021",37.1,14.2,33.7,0.0,25.0,Clear,Post_Monsoon,7.1,25.0,121,10.1,14.4
2021-10-26,27.8,19.6,24.9,8.6,26.1,Rain,Post_Monsoon,4.9,39.1,63,16.9,11.5
2021-10-27,33.0,18.0,31.3,0.0,29.3,Clear,Post_Monsoon,8.9,60.9,108,15.5,14.8
28/10/2021,32.2,18.7,32.7,0.0,25.0,Clear,Post_Monsoon,,41.9,50,14.8,14.8
29/10/2021,29.7,18.3,26.8,-1.0,34.8,Rain,Post_Monsoon,4.4,80.5,50,14.8,13.1
2021-10-30,27.6,19.9,25.3,0.0,35.2,Clear,Post_Monsoon,6.8,23.3,356,,11.7
2021-10-31,25.3,18.8,22.5,0.0,33.8,Clear,Post_Monsoon,3.4,14.0,318,17.7,14.5
01/11/2021,30.3,18.2,30.5,0.0,26.8,Clear,Post_Monsoon,3.3,5.4,326,14.5,14.1
2021-11-02,33.2,17.0,31.8,0.0,32.0,Clear,Post_Monsoon,10.0,15.8,275,14.6,14.3
2021-11-03,34.4,17.8,31.4,0.0,29.8,Clear,Post_Monsoon,5.5,22.5,262,16.1,14.1
2021-11-04,24.9,21.1,23.8,19.6,49.9,Rain,Post_Monsoon,9.3,34.2,312,17.8,10.9
2021-11-05,27.0,15.4,26.0,0.0,33.8,Clear,Post_Monsoon,4.6,6.5,240,12.6,14.8
"November 06, 2021",29.6,16.1,27.3,0.0,25.0,Clear,Post_Monsoon,7.9,11.3,302,15.0,14.6
2021-11-07,31.1,16.5,30.6,0.0,25.0,Clear,Post_Monsoon,7.4,24.2,312,,14.5
"November 08, 2021",28.2,20.1,26.6,0.0,34.4,Clear,Post_Monsoon,2.7,17.1,278,16.8,14.6
2021-11-09,30.7,17.8,30.9,0.0,47.8,Clear,Post_Monsoon,7.2,81.9,362,15.8,13.4
2021-11-10,31.3,13.2,30.2,0.0,28.4,Clear,Post_Monsoon,9.3,19.6,106,10.7,12.8
"November 11, 2021",36.3,23.5,35.1,0.0,33.7,Clear,Post_Monsoon,7.9,31.3,79,20.6,14.9
2021-11-12,31.7,19.6,30.5,0.0,29.0,Clear,Post_Monsoon,,46.2,81,16.6,14.9
2021-11-13,37.8,18.0,35.8,5.1,46.9,Rain,Post_Monsoon,4.8,21.8,62,,12.4
"November 14, 2021",30.1,14.6,26.7,0.0,25.0,Clear,Post_Monsoon,7.8,29.8,106,10.7,14.0
2021-11-15,32.0,19.4,30.7,0.3,33.8,Clear,Post_Monsoon,8.3,28.3,140,16.7,14.7
16/11/2021,33.4,18.1,29.6,0.0,41.2,Clear,Post_Monsoon,6.0,7.3,56,16.2,14.8
2021-11-17,30.3,16.9,29.5,0.0,36.1,Clear,Post_Monsoon,3.8,32.0,62,12.9,14.8
2021-11-18,33.2,16.4,34.1,0.0,32.6,Clear,Post_Monsoon,7.3,6.3,83,15.3,13.1
2021-11-19,27.0,21.8,28.3,3.3,27.3,Clear,Post_Monsoon,3.5,15.3,66,20.3,14.2
2021-11-20,29.9,18.0,26.7,0.0,34.3,Clear,Post_Monsoon,2.2,17.5,77,15.6,13.6
21/11/2021,34.8,19.0,30.8,0.0,30.9,Clear,Post_Monsoon,7.4,6.6,84,,14.7
2021-11-22,28.8,32.3340749025464,27.1,0.0,25.0,Clear,Post_Monsoon,10.7,26.8,50,12.3,14.5
2021-11-23,30.5,16.5,31.8,15.1,32.1,Rain,Post_Monsoon,9.1,12.8,101,,12.0
2021-11-24,24.6,18.2,21.0,0.0,25.0,Clear,Post_Monsoon,,18.4,79,13.2,12.5
2021-11-25,27.4,18.7,25.7,0.0,35.1,Clear,Post_Monsoon,8.5,37.2,71,14.8,13.8
2021-11-26,25.8,14.5,20.7,0.0,31.6,Clear,Post_Monsoon,9.4,53.7,106,,15.0
2021-11-27,26.3,16.8,24.8,0.0,32.5,Clear,Post_Monsoon,6.5,6.0,81,14.4,14.6
"November 28, 2021",32.1,19.5,28.2,0.0,25.0,Clear,Post_Monsoon,,7.9,67,18.4,15.0
2021-11-29,34.5,20.0,36.5,19.8,49.4,Rain,Post_Monsoon,2.1,21.2,63,16.1,10.9
"November 30, 2021",33.0,16.7,33.8,0.0,27.0,Clear,Post_Monsoon,5.3,30.4,56,12.4,14.7
01/12/2021,11.2,9.2,9.1,0.0,34.1,Cloudy,Winter,,19.9,54,5.6,13.5
2021-12-02,13.4,8.4,11.5,0.0,41.2,Cloudy,Winter,7.5,14.0,58,4.7,13.8
03/12/2021,21.5,5.6,19.6,0.0,47.7,Clear,Winter,9.5,26.0,50,2.4,14.0
2021-12-04,21.6,6.4,22.8,0.0,39.9,Clear,Winter,,10.2,97,3.8,14.2
2021-12-05,19.3,6.6,18.0,0.0,46.3,Clear,Winter,,31.5,136,2.4,14.7
2021-12-06,24.7,5.2,24.5,0.0,30.6,Clear,Winter,5.3,7.4,50,2.6,15.0
2021-12-07,21.8,12.3,18.5,0.0,28.3,Clear,Winter,8.0,17.1,50,10.1,10.2
2021-12-08,20.8,25.067050741645552,20.7,0.0,25.0,Clear,Winter,7.2,57.0,110,0.9,13.7
09/12/2021,17.2,9.8,12.8,0.0,30.9,Clear,Winter,9.5,27.8,55,5.8,12.3
2021-12-10,18.1,6.9,17.0,0.0,42.8,Clear,Winter,9.2,5.8,76,2.4,14.9
2021-12-11,21.5,7.7,21.3,-1.0,42.4,Clear,Winter,3.1,8.8,103,4.7,13.4
"December 12, 2021",17.2,10.8,17.9,0.0,35.0,Clear,Winter,7.1,14.3,162,8.1,14.7
2021-12-13,20.5,12.9,21.0,0.0,45.4,Clear,Post_Monsoon,7.3,33.6,138,9.8,14.6
2021-12-14,17.5,4.6,19.5,0.0,44.8,Clear,Winter,9.1,8.7,98,1.0,14.0
15/12/2021,13.6,5.7,11.0,0.0,25.0,Cloudy,Winter,5.1,7.5,62,2.2,15.0
"December 16, 2021",11.4,9.4,9.9,0.0,39.2,Fog,Winter,3.5,8.6,159,4.5,0.7
2021-12-17,28.1,3.8,26.7,0.0,25.0,Clear,Winter,3.4,17.7,119,0.8,14.9
18/12/2021,17.1,20.671015597854392,12.5,0.0,25.0,Clear,Winter,7.0,33.6,115,5.3,14.4
19/12/2021,8.6,6.6,10.1,0.0,28.4,Cloudy,Winter,4.3,7.3,89,,14.7
2021-12-20,16.5,9.1,13.0,0.0,25.0,Clear,Winter,2.1,38.1,81,7.3,14.7
21/12/2021,23.0,8.4,23.0,0.0,35.2,Clear,Winter,8.8,12.9,113,6.7,14.4
"December 22, 2021",15.0,9.0,11.9,0.0,41.4,Clear,Winter,8.1,30.6,114,5.9,9.3
2021-12-23,19.7,11.0,18.4,0.0,47.9,Clear,Winter,6.2,20.3,157,,14.0
2021-12-24,15.5,6.0,14.3,0.0,36.5,Clear,Winter,8.9,17.2,117,2.1,14.7
"December 25, 2021",18.8,10.5,16.1,0.0,25.0,Clear,Winter,10.9,16.2,66,8.0,12.7
2021-12-26,19.4,4.6,21.0,0.0,30.7,Clear,Winter,7.3,26.4,50,2.1,12.8
2021-12-27,21.8,8.8,17.2,0.0,25.0,Clear,Winter,9.4,11.3,84,4.9,14.1
"December 28, 2021",25.5,8.4,23.1,0.0,25.0,Clear,Winter,,34.2,109,4.9,14.0
29/12/2021,29.4,7.1,28.5,0.0,26.0,Clear,Winter,8.0,12.5,85,,13.7
30/12/2021,15.1,10.9,13.3,0.0,25.0,Clear,Winter,5.6,8.6,57,9.6,14.9
"December 31, 2021",20.5,7.1,20.1,0.0,25.8,Clear,Winter,,9.3,50,,10.9
2022-01-01,24.0,11.2,27.3,0.0,46.5,Clear,Winter,5.2,24.5,106,8.4,14.8
2022-01-02,16.9,8.8,15.6,0.0,30.3,Clear,Winter,,7.9,90,6.4,14.7
03/01/2022,19.1,11.2,14.3,0.0,34.2,Clear,Winter,,24.5,50,7.3,14.4
2022-01-04,21.5,6.8,21.0,0.0,25.1,Clear,Winter,7.3,23.7,50,3.1,14.5
2022-01-05,17.6,15.1,13.9,0.0,30.4,Clear,Winter,9.5,20.3,95,11.6,14.9
2022-01-06,20.8,8.5,19.8,0.0,25.0,Clear,Winter,,11.5,59,6.4,14.7
2022-01-07,20.7,8.1,22.1,0.0,25.0,Clear,Winter,5.3,16.2,50,6.2,11.7
08/01/2022,18.5,7.5,17.6,0.0,25.0,Clear,Winter,4.6,32.8,50,6.1,14.4
2022-01-09,11.1,4.5,6.8,0.0,25.0,Fog,Winter,6.6,32.8,99,,1.5
2022-01-10,18.2,12.0,15.4,0.0,35.2,Clear,Winter,3.4,10.2,50,9.3,15.0
"January 11, 2022",14.3,-0.7,16.5,0.0,35.7,Cloudy,Winter,8.5,27.1,84,-3.1,14.7
2022-01-12,18.4,8.2,12.8,0.0,25.0,Clear,Winter,8.4,11.2,50,5.7,14.4
13/01/2022,16.0,7.3,16.5,0.0,40.7,Clear,Winter,9.6,26.0,69,2.6,14.7
"January 14, 2022",20.6,10.1,19.9,0.0,25.0,Clear,Winter,5.7,37.2,123,6.3,11.9
2022-01-15,30.7,10.7,32.0,0.0,28.0,Clear,Winter,5.6,41.8,50,,14.9
"January 16, 2022",10.9,8.9,11.0,0.0,45.8,Cloudy,Winter,3.3,18.0,52,7.6,14.6
2022-01-17,28.4,1.2,29.3,0.0,25.0,Clear,Winter,3.0,24.4,50,-1.9,14.8
2022-01-18,13.1,7.0,13.1,0.0,46.5,Cloudy,Winter,10.5,41.1,50,4.3,14.8
2022-01-19,18.3,7.2,20.3,0.0,29.9,Clear,Winter,9.1,7.6,84,4.9,14.7
"January 20, 2022",14.1,8.9,12.4,0.0,35.8,Fog,Winter,8.5,17.8,50,5.8,1.0
2022-01-21,24.8,4.6,26.6,0.0,40.5,Clear,Summer,9.6,23.8,53,2.6,14.1
22/01/2022,19.1,22.269520141266938,20.3,0.0,40.1,Clear,Winter,2.4,30.3,73,4.8,13.3
2022-01-23,11.4,9.4,11.4,0.0,53.8,Fog,Winter,,47.6,58,5.8,0.5
2022-01-24,20.2,12.7,20.4,3.3,38.2,Clear,Winter,3.2,9.9,50,10.7,13.8
2022-01-25,17.0,7.7,12.5,0.0,30.5,Clear,Winter,8.9,5.4,80,3.2,14.0
2022-01-26,19.1,11.2,16.5,0.0,36.7,Clear,Winter,2.5,8.0,56,7.1,14.9
"January 27, 2022",23.1,9.9,22.6,0.0,37.7,Clear,Winter,,22.6,116,5.1,13.7
28/01/2022,9.9,7.7,6.1,0.0,25.0,Cloudy,Winter,8.6,23.6,71,5.9,14.7
29/01/2022,18.0,4.6,19.6,0.0,32.4,Clear,Winter,9.0,28.9,91,2.7,14.2
2022-01-30,12.7,5.8,12.0,0.0,25.0,Fog,Winter,8.7,33.4,82,3.1,1.8
2022-01-31,20.1,10.4,18.9,0.0,28.8,Clear,Winter,7.7,20.6,79,7.5,14.9
"February 01, 2022",21.3,7.6,20.2,0.0,26.9,Clear,Winter,4.1,20.6,134,4.3,13.5
"February 02, 2022",22.6,12.2,19.3,0.0,25.9,Clear,Winter,8.1,9.0,71,8.9,12.6
2022-02-03,9.7,7.7,7.3,0.0,25.0,Clear,Winter,9.1,73.4,106,,13.1
2022-02-04,21.1,10.2,20.8,0.0,42.0,Clear,Winter,7.1,37.1,81,7.6,13.1
2022-02-05,14.6,9.2,17.2,0.0,25.0,Clear,Winter,4.0,16.7,50,4.4,14.9
2022-02-06,23.0,9.7,22.1,0.0,25.0,Clear,Winter,8.7,8.6,92,4.9,12.3
2022-02-07,21.4,13.1,19.7,0.0,30.7,Clear,Winter,5.9,65.9,137,12.1,12.2
08/02/2022,20.7,5.1,21.3,0.0,37.7,Clear,Winter,6.5,71.8,86,2.9,11.8
2022-02-09,18.5,11.6,21.8,0.0,25.5,Clear,Winter,2.2,23.5,67,9.2,14.3
2022-02-10,25.8,13.5,25.6,0.0,32.3,Clear,Winter,6.1,10.0,102,8.5,12.7
11/02/2022,17.3,6.4,18.0,0.0,48.0,Clear,Winter,10.2,5.4,132,5.3,13.5
2022-02-12,14.7,4.3,12.3,0.0,38.6,Clear,Winter,10.7,14.7,50,0.9,14.7
"February 13, 2022",12.9,7.0,8.0,0.0,34.3,Clear,Winter,6.2,19.6,50,2.3,13.9
2022-02-14,21.1,11.5,18.3,9.9,48.9,Rain,Winter,2.1,124.55873219843987,68,10.0,12.9
2022-02-15,22.8,9.6,20.9,0.0,28.5,Clear,Winter,9.8,13.3,77,6.6,14.8
16/02/2022,23.2,3.3,23.2,0.0,32.1,Clear,Winter,,15.9,97,2.2,14.5
2022-02-17,13.4,1.9,12.2,0.0,26.8,Clear,Winter,5.8,40.4,155,-0.9,14.4
2022-02-18,20.0,3.4,19.0,0.0,32.0,Clear,Winter,,6.8,70,,14.8
2022-02-19,16.0,9.1,16.3,0.0,25.0,Clear,Winter,3.9,39.3,100,5.2,13.7
2022-02-20,18.0,11.9,14.5,0.0,30.1,Clear,Winter,10.8,26.7,80,9.8,13.8
2022-02-21,16.4,14.4,18.7,0.0,25.0,Clear,Winter,7.3,23.8,99,11.7,14.9
"February 22, 2022",18.1,4.2,16.0,0.0,25.0,Clear,Winter,6.6,7.5,90,1.9,13.2
23/02/2022,13.7,10.5,11.3,0.0,25.7,Clear,Winter,6.6,27.5,73,6.4,13.3
24/02/2022,16.3,6.5,15.3,0.0,30.0,Clear,Winter,9.2,20.8,83,1.5,13.6
2022-02-25,16.5,8.8,17.5,0.0,31.6,Clear,Winter,9.0,19.1,61,6.7,13.7
26/02/2022,15.7,8.9,15.7,0.2,26.8,Thunderstorm,Winter,5.8,11.4,73,7.6,14.4
2022-02-27,23.7,7.3,22.5,0.0,41.2,Clear,Winter,,35.1,98,4.9,14.7
2022-02-28,11.0,6.2,16.8,0.0,37.5,Clear,Winter,6.1,36.8,50,2.1,14.8
"March 01, 2022",40.3,19.5,40.0,0.0,25.4,Heatwave,Summer,2.5,32.0,67,17.1,14.4
"March 02, 2022",34.1,20.1,34.0,0.0,31.8,Clear,Summer,2.5,10.0,116,19.0,14.4
"March 03, 2022",36.0,21.6,31.7,0.0,29.9,Clear,Summer,10.5,38.9,50,19.5,14.4
2022-03-04,32.3,19.5,32.4,0.0,43.0,Clear,Summer,7.1,5.8,71,18.2,14.2
2022-03-05,38.0,19.9,35.2,0.0,33.4,Clear,Summer,6.3,29.6,53,15.5,14.6
06/03/2022,34.5,25.9,31.0,0.0,27.3,Clear,Summer,7.9,28.8,50,21.2,14.8
2022-03-07,34.4,22.7,30.8,0.0,35.3,Clear,Winter,,5.0,50,20.5,12.9
2022-03-08,39.5,24.8,42.1,0.0,25.0,Clear,Summer,2.2,5.3,87,23.4,12.2
09/03/2022,43.3,20.9,43.3,0.0,25.0,Heatwave,Summer,4.9,17.4,96,,14.5
10/03/2022,39.8,24.4,39.5,0.0,40.8,Clear,Summer,7.4,27.3,50,21.0,13.6
2022-03-11,35.1,24.2,35.1,0.0,35.0,Clear,Summer,,10.3,61,21.9,13.8
"March 12, 2022",38.6,27.3,37.9,0.0,31.4,Clear,Summer,10.9,6.7,74,23.4,13.0
2022-03-13,37.6,22.4,34.7,0.0,25.0,Clear,Post_Monsoon,2.0,62.7,129,,13.3
2022-03-14,38.4,20.7,33.6,0.0,25.0,Clear,Summer,3.9,13.7,176,19.4,14.9
2022-03-15,31.7,26.4,32.2,1.1,31.2,Clear,Summer,6.9,14.0,50,24.6,14.4
"March 16, 2022",34.8,22.9,33.0,0.0,25.0,Clear,Summer,3.7,13.6,160,21.0,14.8
2022-03-17,45.5,21.6,49.0,0.0,29.4,Heatwave,Summer,3.7,25.5,133,19.3,14.8
2022-03-18,35.3,23.6,35.0,0.0,36.0,Clear,Summer,8.0,44.9,75,21.0,14.1
19/03/2022,36.6,24.0,35.6,0.0,27.0,Clear,Summer,8.4,6.0,187,21.8,14.0
2022-03-20,36.2,25.4,32.2,0.0,36.7,Clear,Summer,3.5,14.8,75,21.6,14.2
21/03/2022,38.3,23.9,34.9,0.0,25.0,Clear,Summer,7.4,8.6,50,20.0,13.7
2022-03-22,38.2,29.5,33.9,0.0,30.9,Clear,Summer,2.6,14.6,69,,13.7
"March 23, 2022",36.1,28.8,35.5,0.0,34.8,Clear,Summer,,12.8,70,26.6,14.7
24/03/2022,34.8,25.9,33.2,0.0,25.4,Clear,Summer,,29.6,76,23.6,14.5
"March 25, 2022",38.1,21.9,37.7,0.0,25.3,Clear,Summer,5.2,59.0,50,20.5,12.0
2022-03-26,40.6,26.1,39.6,0.0,26.3,Heatwave,Summer,10.8,19.5,116,21.7,14.8
27/03/2022,35.8,25.2,32.4,0.0,42.6,Clear,Summer,2.7,24.2,82,22.9,14.7
"March 28, 2022",33.4,26.9,30.4,1.7,25.0,Clear,Summer,,8.7,113,25.4,14.4
29/03/2022,42.0,23.9,39.4,11.0,45.9,rain,Summer,6.0,17.3,72,20.2,12.4
30/03/2022,31.4,25.0,28.2,0.0,28.2,Clear,Summer,5.4,27.1,103,23.9,13.9
2022-03-31,34.0,29.3,34.2,0.0,31.0,Clear,Summer,,8.3,94,26.9,13.5
"April 01, 2022",31.7,20.9,31.1,0.0,33.2,Clear,Summer,3.2,14.4,166,19.5,14.6
2022-04-02,37.5,25.6,35.4,0.0,30.7,Clear,Summer,2.3,14.2,84,,14.2
2022-04-03,41.6,27.5,37.5,0.0,39.5,Heatwave,Summer,9.7,7.0,113,24.5,14.9
04/04/2022,34.2,17.0,36.7,0.0,25.0,Clear,Summer,3.8,23.7,76,12.0,13.7
05/04/2022,40.9,21.4,36.0,0.0,36.6,Heatwave,Summer,2.7,15.3,179,17.4,14.8
2022-04-06,39.6,21.3,37.0,0.0,34.3,Clear,Summer,6.8,11.5,50,17.6,11.9
07/04/2022,37.3,23.9,36.4,0.0,41.7,Clear,Summer,10.4,8.0,50,21.9,13.4
2022-04-08,35.2,24.2,38.3,0.0,25.8,Clear,Summer,2.1,16.8,50,22.3,12.4
2022-04-09,36.7,19.0,36.6,0.0,44.1,Clear,Summer,9.7,16.8,78,14.7,12.6
10/04/2022,33.5,21.6,30.1,0.0,27.5,Clear,Summer,5.6,29.5,50,,12.6
2022-04-11,36.0,23.1,34.1,0.0,25.0,Clear,Summer,2.0,45.4,109,19.1,13.8
2022-04-12,34.9,19.2,34.6,0.0,25.0,Clear,Summer,,26.0,94,15.2,13.2
"April 13, 2022",33.7,24.6,32.7,0.0,37.4,Clear,Summer,4.0,19.2,67,21.7,12.9
2022-04-14,33.1,24.3,31.4,0.0,31.1,Clear,Summer,2.3,38.3,50,22.5,13.8
2022-04-15,37.1,21.6,34.9,0.0,28.7,Clear,Summer,6.8,6.3,65,19.4,12.1
2022-04-16,35.5,25.5,37.9,0.0,32.1,Clear,Summer,,21.3,50,24.1,14.7
2022-04-17,33.0,26.8,32.4,5.3,26.5,Rain,Summer,,11.4,50,21.9,13.5
2022-04-18,42.2,25.0,35.5,0.0,32.6,Heatwave,Summer,6.2,31.4,139,21.1,13.8
19/04/2022,36.2,24.6,34.7,0.0,25.0,Clear,Summer,,6.1,63,22.0,11.5
"April 20, 2022",29.0,27.0,29.1,0.0,29.2,Clear,Summer,5.6,54.4,74,,14.0
21/04/2022,38.6,28.1,36.2,0.0,40.7,Clear,Summer,9.8,29.4,50,25.6,14.7
2022-04-22,34.2,25.0,33.8,0.0,26.6,Clear,Summer,4.2,22.5,102,23.7,15.0
2022-04-23,35.2,17.4,37.8,0.0,29.8,Clear,Summer,,22.7,50,14.2,14.8
24/04/2022,33.0,21.5,29.8,0.0,25.8,Clear,Summer,7.1,13.7,50,17.8,14.2
25/04/2022,35.0,22.6,33.0,0.0,38.2,Clear,Summer,7.1,29.2,119,18.3,14.3
2022-04-26,32.5,22.8,30.8,0.0,36.2,Clear,Summer,,6.0,108,21.4,14.7
2022-04-27,36.9,20.8,33.1,0.0,37.4,Clear,Summer,,23.2,50,17.6,13.9
"April 28, 2022",31.1,17.5,31.3,0.0,51.1,Clear,Summer,4.1,11.9,75,12.6,14.6
2022-04-29,38.2,24.5,33.5,0.0,37.2,Clear,Monsoon,2.3,36.0,102,22.7,14.7
2022-04-30,39.9,24.9,40.8,-1.0,36.3,Clear,Summer,9.8,15.3,97,23.0,12.8
2022-05-01,34.9,22.5,33.1,0.0,31.0,Clear,Summer,6.3,9.6,105,20.3,14.6
2022-05-02,34.9,23.0,35.4,6.4,25.0,Rainy,Summer,10.9,16.5,105,,13.4
"May 03, 2022",39.7,25.5,37.0,0.0,35.9,Clear,Summer,8.9,40.5,95,,13.5
2022-05-04,39.9,20.7,34.6,0.0,30.3,Clear,Summer,7.3,29.5,152,19.2,13.4
2022-05-05,37.5,25.0,36.6,0.0,39.0,Clear,Summer,5.6,24.1,77,,14.6
"May 06, 2022",37.7,21.5,35.6,0.0,27.1,Clear,Summer,,15.3,63,17.7,14.8
2022-05-07,35.3,19.4,31.4,0.0,25.0,Clear,Summer,5.1,11.8,160,15.9,11.0
2022-05-08,37.2,24.7,35.1,0.0,33.0,Clear,Summer,9.9,68.5,127,21.2,14.9
2022-05-09,36.5,26.9,38.8,0.0,25.0,Clear,Summer,2.8,25.7,141,22.8,14.7
2022-05-10,42.8,22.5,45.8,0.0,42.8,Heatwave,Summer,6.0,12.2,117,18.0,11.7
"May 11, 2022",38.1,26.1,40.6,0.0,27.7,Clear,Summer,10.6,23.0,98,23.5,14.5
"May 12, 2022",34.5,21.1,32.5,0.0,45.3,Clear,Summer,6.2,19.8,87,19.0,14.6
13/05/2022,33.9,20.6,33.6,0.0,37.0,Clear,Summer,9.5,8.0,132,15.6,14.7
14/05/2022,34.4,24.6,33.0,0.0,28.0,Clear,Summer,8.1,10.2,105,19.7,13.7
"May 15, 2022",37.6,22.9,36.7,0.0,25.0,Clear,Summer,,16.0,50,21.5,12.9
16/05/2022,40.0,12.7,35.4,0.0,25.0,Clear,Summer,9.2,34.0,74,8.5,13.8
17/05/2022,39.3,19.7,38.6,0.0,25.0,Clear,Summer,3.8,6.8,65,17.3,14.6
18/05/2022,42.2,24.9,40.7,0.0,25.0,Heatwave,Summer,4.7,22.1,137,22.0,13.8
2022-05-19,40.5,19.4,41.6,0.0,31.1,Heatwave,Summer,5.0,12.4,61,15.2,14.8
2022-05-20,34.8,28.2,34.9,11.7,25.3,Rain,Summer,2.2,12.9,82,23.7,12.4
2022-05-21,42.4,25.7,42.3,-1.0,30.3,Heatwave,Summer,8.8,10.6,97,24.2,14.7
"May 22, 2022",37.7,23.2,37.3,0.0,34.5,Clear,Summer,,37.8,89,21.3,13.4
2022-05-23,38.0,21.5,39.5,0.0,25.0,Clear,Summer,2.6,33.2,156,18.6,14.4
2022-05-24,32.4,25.9,30.0,0.0,33.6,Clear,Summer,8.2,31.3,80,24.8,12.8
"May 25, 2022",41.3,30.0,39.6,0.0,32.4,Heatwave,Summer,6.5,59.3,190,27.2,14.9
2022-05-26,39.5,17.3,38.1,0.0,29.4,Clear,Summer,2.7,5.5,92,14.6,10.1
2022-05-27,38.8,24.6,39.3,0.0,25.0,Clear,Summer,3.8,29.9,56,23.2,14.9
2022-05-28,35.0,25.6,33.8,0.0,29.5,Clear,Summer,6.2,80.0,158,22.2,14.6
29/05/2022,39.4,21.7,38.4,3.8,28.0,Clear,Summer,4.4,24.0,50,17.7,12.8
30/05/2022,38.0,27.8,34.8,0.0,29.9,Clear,Summer,10.1,34.4,104,25.0,13.2
2022-05-31,36.2,19.0,36.2,0.0,36.5,Clear,Summer,10.0,6.1,104,15.0,15.0
01/06/2022,31.5,24.5,30.3,0.0,25.0,Clear,Monsoon,7.8,15.7,130,21.4,12.8
"June 02, 2022",36.3,24.3,37.1,9.1,28.6,Rain,Monsoon,8.4,6.8,115,21.6,12.1
2022-06-03,36.9,26.8,35.9,0.0,42.6,Clear,Monsoon,11.0,32.3,50,23.5,13.9
2022-06-04,30.4,26.0,31.8,0.0,25.0,Clear,Monsoon,8.8,15.2,89,21.9,14.7
"June 05, 2022",32.9,23.3,32.3,0.0,27.5,Clear,Monsoon,9.9,9.0,72,19.3,8.0
"June 06, 2022",37.7,27.1,39.6,2.6,35.3,Clear,Monsoon,5.8,18.5,50,22.4,14.4
"June 07, 2022",34.9,20.6,34.2,0.0,30.8,Clear,Monsoon,9.1,10.7,124,17.3,13.8
2022-06-08,34.6,27.7,32.8,0.0,33.8,Clear,Monsoon,6.1,16.6,78,23.2,14.7
"June 09, 2022",30.2,24.8,28.4,0.0,46.0,Clear,Monsoon,6.0,6.2,54,21.6,14.4
"June 10, 2022",35.5,38.05509045449243,34.5,2.5,42.1,Clear,Monsoon,11.0,28.6,71,23.2,14.0
2022-06-11,30.4,25.6,30.0,1.2,25.0,Clear,Monsoon,4.9,8.5,91,21.2,14.2
2022-06-12,31.9,28.4,34.7,0.0,31.0,Clear,Monsoon,5.4,31.6,86,26.3,12.8
2022-06-13,35.9,23.3,33.6,4.8,31.5,Clear,Monsoon,8.2,5.4,61,20.9,13.9
2022-06-14,36.1,24.9,33.1,0.0,29.4,Clear,Monsoon,6.9,14.9,163,20.4,14.7
2022-06-15,32.6,27.4,33.2,0.7,38.2,Clear,Monsoon,2.9,20.3,50,24.8,11.4
2022-06-16,27.5,25.5,28.8,0.8,37.2,Clear,Monsoon,6.9,6.3,84,24.2,13.7
2022-06-17,37.7,25.3,40.4,65.7,78.3,Heavy_Rain,Monsoon,3.8,10.5,128,23.1,0.7
18/06/2022,30.3,28.0,34.0,79.1,85.8,Heavy_Rain,Monsoon,4.0,5.9,52,26.2,0.5
2022-06-19,37.6,24.6,38.6,23.6,40.1,Rain,Monsoon,6.7,46.3,83,22.7,9.8
2022-06-20,38.6,22.2,40.4,3.3,35.5,Clear,Monsoon,,25.2,50,20.9,13.3
2022-06-21,32.9,21.7,34.8,0.0,37.2,Clear,Monsoon,2.3,20.9,50,20.5,14.8
2022-06-22,35.4,21.8,33.5,0.0,26.9,Clear,Monsoon,4.9,29.3,115,20.6,14.6
23/06/2022,32.8,23.1,31.2,0.0,36.2,Clear,Monsoon,10.6,31.7,87,20.7,12.7
24/06/2022,34.4,27.4,30.2,0.0,27.9,Clear,Monsoon,3.4,12.3,84,25.6,14.1
2022-06-25,29.0,27.0,31.1,52.7,68.3,Heavy_Rain,Winter,7.5,6.9,50,24.2,3.0
"June 26, 2022",40.0,26.8,45.0,64.2,90.2,Heavy_Rain,Monsoon,3.9,12.0,84,24.2,0.5
2022-06-27,35.5,23.8,33.4,0.0,25.0,Clear,Monsoon,,12.7,124,21.2,14.8
"June 28, 2022",34.4,25.5,34.4,0.0,40.7,Clear,Monsoon,5.9,36.2,105,,13.3
"June 29, 2022",31.5,23.5,36.2,84.1,96.7,Heavy_Rain,Monsoon,6.5,8.5,109,20.4,0.5
2022-06-30,36.1,22.8,35.6,28.3,52.4,Rainy,Monsoon,3.5,16.3,51,19.9,8.9
01/07/2022,32.1,26.9,30.7,4.8,30.0,Clear,Monsoon,7.6,18.6,50,25.6,11.9
2022-07-02,34.5,22.7,31.1,0.2,35.0,Clear,Monsoon,7.1,61.5,107,19.9,14.4
2022-07-03,34.7,23.9,34.0,0.0,25.0,Clear,Monsoon,2.4,6.5,83,20.3,14.0
2022-07-04,33.6,26.7,34.9,0.0,40.6,Clear,Monsoon,9.0,12.5,69,22.1,14.5
"July 05, 2022",24.9,22.9,21.6,0.0,25.0,Clear,Monsoon,6.2,86.5,66,21.8,14.5
06/07/2022,35.5,23.7,33.1,12.7,25.0,rain,Monsoon,10.0,65.9,87,19.9,12.1
2022-07-07,34.9,23.1,33.0,0.0,43.4,Clear,Monsoon,5.1,38.7,87,,14.9
2022-07-08,31.6,25.5,33.3,0.0,25.0,Clear,Monsoon,6.3,33.1,75,23.2,14.4
2022-07-09,29.7,25.0,28.4,0.0,41.8,Clear,Monsoon,10.6,20.1,118,23.6,15.0
10/07/2022,37.7,21.2,40.0,43.4,81.1,Heavy_Rain,Monsoon,6.9,63.3,57,17.9,6.2
2022-07-11,39.2,29.6,34.6,0.0,33.1,Clear,Monsoon,7.2,25.8,50,27.9,14.5
"July 12, 2022",34.7,25.9,35.0,0.0,36.0,Clear,Monsoon,10.4,24.7,50,22.8,14.4
"July 13, 2022",30.0,26.1,26.1,13.8,30.0,Rain,Monsoon,4.4,7.5,50,22.8,11.3
"July 14, 2022",33.4,24.8,32.4,39.1,57.0,Heavy_Rain,Monsoon,9.1,19.8,70,19.9,5.9
2022-07-15,35.0,27.3,32.0,0.0,45.7,Clear,Monsoon,8.8,15.9,55,24.1,13.0
2022-07-16,31.5,23.7,32.2,39.7,60.9,Heavy_Rain,Summer,2.1,16.0,63,20.4,6.4
2022-07-17,39.0,25.3,39.9,24.3,47.5,Rain,Monsoon,6.6,27.8,50,20.6,9.0
2022-07-18,30.0,21.7,31.1,12.9,38.6,Rain,Monsoon,4.7,13.0,91,17.1,12.0
2022-07-19,31.1,22.7,26.6,0.0,35.9,Clear,Monsoon,3.7,18.9,92,20.5,14.0
2022-07-20,35.6,23.7,37.2,0.5,38.2,Clear,Monsoon,6.7,7.2,153,19.7,13.4
2022-07-21,38.5,23.2,38.4,0.0,35.6,Clear,Monsoon,3.2,24.4,66,21.6,14.6
2022-07-22,42.4,25.3,41.6,4.4,26.4,Heatwave,Monsoon,9.6,47.7,104,21.6,13.0
2022-07-23,25.9,23.9,25.1,24.6,35.4,Rain,Monsoon,9.2,23.9,178,21.4,9.6
24/07/2022,30.1,26.3,31.8,0.0,31.2,Clear,Monsoon,2.9,29.1,83,22.4,14.1
2022-07-25,38.3,26.0,36.2,2.5,31.8,Clear,Monsoon,,11.1,106,,14.2
2022-07-26,27.7,25.7,26.7,31.4,52.5,Heavy_Rain,Monsoon,14.541379602389167,8.1,90,22.4,8.4
2022-07-27,28.3,25.1,30.5,31.7,53.9,Heavy_Rain,Monsoon,3.0,40.7,77,21.9,8.4
"July 28, 2022",29.6,25.8,28.6,0.0,37.0,Clear,Summer,3.5,9.5,50,23.3,12.8
2022-07-29,37.5,26.3,39.6,31.5,69.7,Heavy_Rain,Monsoon,3.3,13.9,119,25.1,8.6
2022-07-30,30.6,26.3,28.2,1.3,37.5,Clear,Monsoon,4.8,23.4,74,25.1,12.3
2022-07-31,29.9,25.8,29.7,0.8,44.6,Clear,Monsoon,4.9,9.4,125,21.1,13.7
01/08/2022,27.1,25.1,26.0,0.0,26.4,Clear,Monsoon,6.6,6.8,76,21.2,13.2
02/08/2022,36.9,27.4,36.1,0.0,25.0,Clear,Monsoon,6.9,15.2,50,24.1,14.8
2022-08-03,30.0,24.0,30.2,5.5,42.7,RAIN,Monsoon,3.9,7.8,50,,13.9
2022-08-04,36.6,27.2,37.0,29.4,57.0,Rain,Monsoon,6.4,8.9,50,25.2,8.6
2022-08-05,36.1,28.4,38.3,0.0,28.5,Clear,Monsoon,10.1,7.1,72,25.8,14.1
2022-08-06,33.2,25.2,33.2,13.4,30.4,Rain,Monsoon,11.0,11.9,95,20.4,11.4
2022-08-07,31.9,22.7,28.4,0.0,45.2,Clear,Monsoon,10.6,16.0,85,18.6,12.8
08/08/2022,41.4,21.9,42.4,40.5,55.9,Heavy_Rain,Monsoon,7.1,11.2,93,17.0,5.0
2022-08-09,30.9,28.0,36.6,44.1,60.0,Heavy_Rain,Monsoon,,19.6,132,25.8,3.8
2022-08-10,36.6,25.0,35.1,0.0,27.1,Clear,Monsoon,,6.9,50,22.3,13.7
2022-08-11,37.5,24.4,38.4,10.3,46.1,Rain,Monsoon,3.3,48.1,68,20.7,11.4
2022-08-12,28.2,26.2,27.9,36.2,64.1,Heavy_Rain,Monsoon,10.5,25.6,133,22.7,5.3
13/08/2022,36.1,26.4,37.6,0.0,25.0,Clear,Monsoon,2.7,11.1,50,21.8,14.9
14/08/2022,35.2,27.1,36.3,2.9,36.5,Clear,Monsoon,7.4,5.6,65,25.6,13.8
2022-08-15,31.1,27.4,36.5,93.8,98.0,Heavy_Rain,Monsoon,7.8,7.6,157,22.6,0.5
2022-08-16,37.5,26.7,37.0,25.0,49.2,Rain,Monsoon,2.6,15.6,110,22.6,9.9
17/08/2022,32.5,25.0,32.6,0.0,32.3,Clear,Monsoon,9.3,8.9,66,20.0,13.3
2022-08-18,34.8,24.2,32.8,0.9,39.6,Clear,Monsoon,4.2,19.9,103,22.2,14.0
2022-08-19,35.6,26.0,37.4,28.5,50.2,Rain,Monsoon,4.7,12.0,50,23.2,8.8
2022-08-20,34.6,25.1,34.2,5.8,32.5,Rain,Monsoon,10.3,20.0,50,22.6,13.4
"August 21, 2022",32.1,21.4,31.5,4.2,46.7,Clear,Monsoon,4.1,31.7,50,18.3,13.5
"August 22, 2022",36.1,22.8,35.0,11.0,41.7,Rain,Monsoon,9.4,13.0,89,20.8,11.9
"August 23, 2022",32.2,25.6,35.2,35.2,60.8,Heavy_Rain,Monsoon,2.5,12.8,68,22.3,6.5
2022-08-24,32.9,24.2,36.1,16.3,46.9,Rain,Winter,8.2,126.34107929260749,97,21.8,9.3
2022-08-25,30.8,24.4,32.0,0.0,38.0,Clear,Monsoon,7.2,5.5,50,20.2,13.9
2022-08-26,28.0,20.0,34.0,77.3,94.8,Heavy_Rain,Monsoon,5.3,25.1,56,17.1,0.5
2022-08-27,28.0,26.0,27.1,0.0,25.0,Clear,Monsoon,3.9,19.1,135,,12.6
2022-08-28,39.1,26.5,39.8,0.0,37.0,Clear,Monsoon,7.6,19.5,116,24.2,13.0
2022-08-29,27.6,21.3,27.3,0.0,25.0,Clear,Monsoon,5.3,14.1,53,19.9,14.6
30/08/2022,28.6,25.0,28.7,6.2,40.7,Rain,Monsoon,9.6,23.0,78,20.2,13.5
31/08/2022,30.8,22.9,30.5,51.2,77.2,Thunderstorm,Monsoon,4.5,20.2,50,21.3,2.9
2022-09-01,32.3,22.2,28.1,0.0,25.0,Clear,Monsoon,6.8,5.2,50,18.7,14.6
02/09/2022,28.3,25.1,28.1,118.0,98.0,Heavy_Rain,Monsoon,10.1,37.5,65,23.1,0.5
2022-09-03,33.9,22.3,31.8,0.0,45.5,Clear,Monsoon,,14.8,50,19.9,12.7
2022-09-04,34.2,27.9,32.4,0.0,27.9,Clear,Monsoon,,20.0,144,24.3,12.1
2022-09-05,35.3,25.5,32.8,45.5,71.8,Heavy_Rain,Monsoon,9.9,9.8,115,24.4,5.7
2022-09-06,30.2,27.3,31.6,6.5,41.8,RAIN,Monsoon,3.1,15.4,125,22.6,13.4
"September 07, 2022",35.6,21.3,38.1,26.4,49.9,Rain,Monsoon,2.3,8.6,50,,9.2
2022-09-08,30.8,21.4,28.2,11.3,42.9,Rain,Monsoon,10.4,39.7,109,19.5,11.2
2022-09-09,36.3,24.5,39.7,56.5,85.4,Thunderstorm,Monsoon,7.3,18.9,91,20.3,1.8
2022-09-10,37.6,25.7,37.1,0.0,25.0,Clear,Monsoon,5.2,42.1,108,23.2,13.9
11/09/2022,35.4,25.2,35.6,0.0,42.2,Clear,Monsoon,13.847677740889807,10.9,143,21.4,14.4
2022-09-12,36.1,38.67013377623283,35.7,0.0,36.2,Clear,Monsoon,8.3,9.1,67,21.5,14.3
2022-09-13,36.3,23.1,35.9,31.4,65.8,Heavy_Rain,Monsoon,8.2,19.8,80,21.3,8.4
2022-09-14,33.3,21.2,34.6,0.0,29.4,Clear,Monsoon,3.9,13.5,98,17.6,14.4
2022-09-15,33.2,21.6,31.5,0.0,31.4,Clear,Monsoon,4.6,21.3,50,18.8,14.6
"September 16, 2022",36.8,25.5,39.6,200.4,98.0,Heavy_Rain,Monsoon,6.5,8.8,120,24.4,0.5
"September 17, 2022",34.0,27.1,31.3,6.1,27.3,Rain,Monsoon,6.0,24.5,110,23.0,13.7
2022-09-18,34.5,25.4,34.8,17.6,47.5,Rain,Monsoon,7.0,24.8,98,21.0,11.1
"September 19, 2022",32.0,24.0,32.1,3.3,34.0,Clear,Monsoon,,42.3,73,22.5,9.6
"September 20, 2022",32.1,24.4,33.4,7.6,44.1,Rain,Monsoon,2.5,51.5,92,19.6,12.2
2022-09-21,30.9,24.4,30.7,0.0,34.1,Clear,Monsoon,,21.4,64,20.4,14.5
2022-09-22,33.6,27.7,34.1,0.0,29.4,Clear,Monsoon,10.5,14.1,140,24.1,14.7
23/09/2022,38.4,22.6,37.2,0.0,41.6,Clear,Monsoon,5.6,47.5,117,,14.6
"September 24, 2022",38.1,42.183191754429465,35.5,0.0,31.4,Clear,Monsoon,10.0,20.6,50,19.1,12.8
2022-09-25,29.2,23.6,30.6,3.8,35.2,Clear,Monsoon,8.1,21.9,139,19.0,14.2
2022-09-26,27.2,25.2,21.9,6.3,40.2,Rain,Monsoon,,15.9,74,22.8,13.5
2022-09-27,33.4,25.0,31.5,51.6,76.7,Heavy_Rain,Monsoon,8.5,13.7,114,23.9,4.4
"September 28, 2022",32.0,30.0,29.7,1.9,42.4,Clear,Monsoon,11.0,46.5,91,,13.6
2022-09-29,39.0,24.6,36.3,19.1,36.7,Rain,Monsoon,,16.3,125,19.6,10.6
"September 30, 2022",33.2,24.0,31.5,0.0,25.0,Clear,Monsoon,8.8,6.4,122,21.9,14.1
01/10/2022,30.3,19.2,26.8,0.0,25.0,Clear,Post_Monsoon,3.9,47.5,50,17.3,14.3
02/10/2022,29.2,15.6,26.2,0.0,32.1,Clear,Post_Monsoon,3.9,7.6,71,12.0,14.5
"October 03, 2022",36.0,19.6,37.5,0.0,25.0,Clear,Post_Monsoon,3.2,12.1,151,18.0,13.6
04/10/2022,32.7,22.0,33.1,0.0,29.8,Clear,Post_Monsoon,,13.5,62,,14.3
"October 05, 2022",32.3,11.0,29.5,0.0,25.0,Clear,Post_Monsoon,3.0,26.5,52,8.3,14.6
2022-10-06,27.9,14.3,23.8,0.0,33.8,Clear,Post_Monsoon,7.4,39.2,138,11.6,12.8
2022-10-07,31.7,17.2,30.7,0.0,39.0,Clear,Post_Monsoon,3.1,8.6,143,16.0,12.1
2022-10-08,26.5,17.1,23.9,0.0,27.3,Thunderstorm,Post_Monsoon,6.7,19.7,154,13.1,14.9
2022-10-09,30.2,18.5,29.3,13.0,42.2,Rain,Post_Monsoon,3.8,14.5,50,15.5,12.2
2022-10-10,31.3,19.7,30.4,0.0,35.8,Clear,Post_Monsoon,5.0,17.5,68,16.1,14.2
2022-10-11,28.2,16.1,25.0,0.0,25.0,Clear,Post_Monsoon,,17.7,124,13.3,13.8
2022-10-12,32.2,17.9,30.8,0.0,27.3,Clear,Post_Monsoon,10.1,30.7,60,16.3,14.7
13/10/2022,35.7,18.5,29.8,0.0,39.9,Clear,Post_Monsoon,2.4,27.3,50,15.4,14.9
2022-10-14,31.4,14.7,31.6,0.0,25.0,Clear,Post_Monsoon,,12.6,134,10.8,14.5
15/10/2022,26.8,19.8,25.3,0.0,36.0,Clear,Post_Monsoon,4.6,49.8,51,16.2,12.0
2022-10-16,32.6,14.8,30.6,0.0,25.7,Clear,Summer,,7.2,87,12.5,12.5
2022-10-17,23.5,18.3,23.3,0.0,30.5,Clear,Post_Monsoon,7.9,25.8,68,14.7,13.6
18/10/2022,32.4,16.6,35.2,0.0,30.9,Clear,Post_Monsoon,2.9,37.7,99,15.1,13.9
2022-10-19,29.0,18.2,27.6,0.0,27.7,Clear,Post_Monsoon,,19.5,292,16.1,12.6
20/10/2022,27.5,20.6,27.1,0.0,35.2,Clear,Post_Monsoon,8.2,12.4,283,17.8,14.1
2022-10-21,26.6,18.9,31.7,0.0,26.2,Clear,Post_Monsoon,6.2,21.7,210,16.6,14.9
22/10/2022,22.7,20.7,22.7,0.0,32.1,Clear,Post_Monsoon,5.9,19.4,339,19.3,14.9
"October 23, 2022",33.9,21.5,29.2,0.0,34.5,Clear,Post_Monsoon,,19.9,400,19.9,14.8
"October 24, 2022",28.9,23.9,24.1,0.0,25.0,Clear,Post_Monsoon,14.434473371123282,10.0,328,22.9,13.0
2022-10-25,26.6,14.5,29.4,0.0,25.0,Clear,Post_Monsoon,,68.2,283,13.1,13.7
26/10/2022,32.8,12.3,28.8,6.6,39.5,Rain,Post_Monsoon,10.7,15.3,270,9.9,11.9
2022-10-27,27.0,19.5,24.8,0.0,25.0,Clear,Post_Monsoon,2.4,29.9,317,18.0,14.8
2022-10-28,28.0,14.7,27.3,0.0,30.4,Clear,Post_Monsoon,3.9,17.3,385,10.7,14.7
29/10/2022,27.2,16.9,29.7,0.0,33.5,Clear,Post_Monsoon,6.7,21.1,351,15.5,15.0
2022-10-30,30.1,20.7,32.0,0.0,26.2,Clear,Post_Monsoon,8.3,25.2,50,15.9,12.7
31/10/2022,27.6,16.9,25.0,16.9,44.0,Rain,Post_Monsoon,,102.5,91,12.9,11.2
2022-11-01,30.5,18.0,26.6,0.0,25.0,Clear,Post_Monsoon,,23.6,103,16.4,14.2
"November 02, 2022",26.4,15.7,24.5,0.0,43.0,Clear,Post_Monsoon,2.4,43.4,82,12.2,14.9
2022-11-03,33.2,11.4,34.9,0.0,40.0,Clear,Post_Monsoon,9.9,21.4,124,8.1,13.8
2022-11-04,27.0,14.0,26.3,0.0,25.0,Clear,Post_Monsoon,6.2,9.2,65,12.3,14.4
2022-11-05,29.6,20.8,27.2,0.0,28.6,Clear,Post_Monsoon,4.7,11.1,114,,13.2
2022-11-06,30.6,20.8,28.4,0.0,25.3,Clear,Post_Monsoon,6.1,5.5,133,17.0,13.3
07/11/2022,28.6,23.0,30.9,0.0,32.1,Clear,Post_Monsoon,2.2,7.7,98,18.1,14.2
"November 08, 2022",28.4,14.0,28.8,0.0,45.2,Clear,Post_Monsoon,,15.1,72,9.4,14.4
"November 09, 2022",27.3,20.5,26.7,0.0,32.4,Clear,Post_Monsoon,6.7,28.2,92,16.3,15.0
2022-11-10,33.4,16.8,29.4,0.0,37.2,Clear,Post_Monsoon,8.7,15.5,84,15.6,13.5
"November 11, 2022",30.7,21.0,31.6,0.0,39.5,Clear,Post_Monsoon,9.6,26.5,105,,14.9
2022-11-12,31.9,13.3,33.4,0.0,33.1,Clear,Post_Monsoon,3.6,10.4,111,8.5,14.5
2022-11-13,32.5,19.2,32.4,0.0,26.6,Clear,Post_Monsoon,6.1,17.2,50,16.8,14.2
"November 14, 2022",33.3,15.3,35.1,0.0,32.4,Clear,Post_Monsoon,3.0,7.2,87,13.1,14.7
2022-11-15,30.4,14.0,27.8,0.0,33.4,Clear,Post_Monsoon,,6.5,147,10.6,13.7
2022-11-16,30.5,15.9,34.7,17.6,51.2,Rain,Post_Monsoon,6.4,23.1,70,13.5,11.3
"November 17, 2022",23.9,21.7,22.0,1.9,25.0,Clear,Post_Monsoon,5.5,34.3,99,19.6,12.8
"November 18, 2022",29.6,17.3,29.3,0.0,25.0,Clear,Post_Monsoon,5.7,21.6,63,16.1,5.9
"November 19, 2022",30.7,19.1,32.1,0.0,38.1,Clear,Post_Monsoon,8.0,5.9,196,,13.8
2022-11-20,29.6,14.8,30.4,0.0,25.0,Clear,Post_Monsoon,10.9,48.7,57,12.4,14.7
2022-11-21,31.2,19.9,28.4,0.0,25.0,Clear,Post_Monsoon,7.7,30.1,126,,15.0
2022-11-22,32.1,18.8,30.5,0.0,37.2,Clear,Post_Monsoon,,13.6,64,14.0,14.8
23/11/2022,31.8,15.2,35.0,0.0,38.9,Clear,Post_Monsoon,6.6,20.7,67,13.6,13.7
24/11/2022,32.2,21.8,29.0,0.0,35.3,Clear,Post_Monsoon,7.9,10.9,128,18.1,14.6
"November 25, 2022",30.0,33.07472981186174,32.4,0.0,25.0,Clear,Post_Monsoon,10.9,20.2,50,16.0,14.9
2022-11-26,32.0,22.3,28.6,-1.0,25.8,Clear,Post_Monsoon,5.8,13.8,97,19.6,13.8
2022-11-27,31.2,17.0,30.0,2.0,28.9,Clear,Post_Monsoon,,23.4,57,12.6,12.6
2022-11-28,33.7,21.9,30.7,0.0,28.3,Clear,Post_Monsoon,,11.5,55,17.0,14.3
2022-11-29,25.2,17.2,23.6,0.0,30.1,Clear,Post_Monsoon,5.2,5.4,105,15.6,14.1
2022-11-30,29.1,17.5,27.4,0.0,31.0,Clear,Post_Monsoon,8.0,20.4,85,15.2,14.7
01/12/2022,10.3,6.0,9.5,0.0,25.0,Cloudy,Winter,7.8,14.6,76,1.4,14.9
"December 02, 2022",8.6,6.6,4.0,0.0,29.4,Cloudy,Winter,10.3,40.2,92,5.3,14.8
03/12/2022,17.3,8.5,17.2,0.0,25.0,Clear,Winter,2.4,25.7,50,7.3,12.3
04/12/2022,16.9,5.0,18.5,0.0,33.9,Clear,Winter,3.1,50.9,91,2.6,14.1
"December 05, 2022",13.4,4.0,10.7,0.0,25.0,Cloudy,Winter,9.0,18.7,75,1.4,11.9
2022-12-06,13.4,3.9,10.6,0.0,37.5,Fog,Winter,7.0,7.0,83,0.8,0.8
2022-12-07,20.3,7.8,15.8,0.0,25.0,Clear,Winter,4.2,39.8,146,5.6,14.3
2022-12-08,19.2,7.5,17.9,0.0,25.0,Clear,Winter,,20.1,91,3.7,14.3
09/12/2022,18.0,8.9,19.2,-1.0,25.0,Clear,Winter,10.8,36.9,113,4.0,12.2
2022-12-10,14.4,19.253888494099876,17.8,0.0,51.0,Fog,Winter,5.6,8.7,50,5.5,1.0
2022-12-11,19.2,12.2,17.7,0.0,34.4,Clear,Winter,,22.3,50,,13.9
2022-12-12,21.5,7.6,21.7,0.0,25.0,Clear,Winter,9.3,33.5,59,3.0,14.3
13/12/2022,20.6,8.0,20.2,0.0,36.0,Clear,Winter,8.4,17.9,89,4.3,14.2
2022-12-14,15.9,4.0,16.1,0.0,27.4,Clear,Winter,2.6,27.6,50,0.4,12.8
2022-12-15,23.7,11.5,20.9,0.0,28.1,Clear,Winter,3.4,11.2,124,,13.6
"December 16, 2022",16.3,7.4,14.5,0.0,34.2,Clear,Winter,,28.7,50,,14.7
2022-12-17,22.5,5.7,21.4,0.0,29.9,Clear,Winter,4.5,20.0,50,3.4,12.7
2022-12-18,21.4,8.8,19.2,0.0,28.4,Clear,Winter,2.3,11.2,50,4.0,14.2
2022-12-19,19.7,7.6,20.7,0.0,34.4,Clear,Winter,4.9,17.8,149,,14.1
2022-12-20,17.0,8.4,14.1,0.0,25.0,Clear,Winter,10.2,13.8,88,4.6,12.6
2022-12-21,20.7,6.0,24.1,0.0,25.0,Clear,Winter,10.0,50.2,88,4.8,14.5
"December 22, 2022",15.1,13.1,13.1,0.0,25.0,Clear,Winter,4.2,18.8,105,10.1,14.1
2022-12-23,17.7,11.1,17.5,0.0,33.7,Clear,Winter,8.6,12.7,113,9.5,13.1
"December 24, 2022",25.4,1.2,25.2,0.0,39.7,Clear,Winter,10.0,19.8,53,-2.0,14.2
25/12/2022,28.6,6.6,27.4,0.0,30.7,Clear,Winter,9.8,9.0,111,4.6,13.6
"December 26, 2022",17.7,8.1,19.3,6.2,38.5,Rain,Winter,5.3,8.6,50,6.2,13.4
27/12/2022,20.1,13.4,20.0,0.0,25.0,Clear,Winter,4.1,6.6,50,9.7,14.9
28/12/2022,26.8,6.0,25.9,0.0,38.7,Clear,Winter,,7.1,123,2.0,14.8
2022-12-29,10.9,1.5,8.2,0.0,28.3,Cloudy,Winter,5.2,9.6,57,-3.0,12.7
"December 30, 2022",18.0,11.6,14.2,0.0,32.2,Clear,Winter,7.1,21.8,53,10.1,13.9
2022-12-31,17.5,9.5,12.6,0.0,26.6,Clear,Winter,,106.50032387368276,159,6.6,14.9
01/01/2023,18.0,10.9,15.5,0.0,27.4,Clear,Winter,3.0,15.5,50,9.1,14.0
2023-01-02,16.0,8.6,12.4,0.0,43.6,Clear,Winter,7.9,24.5,50,7.1,12.3
2023-01-03,14.4,10.8,12.7,0.3,25.0,Cloudy,Winter,8.7,17.1,50,7.1,14.4
2023-01-04,12.8,6.0,15.1,0.0,39.6,Cloudy,Winter,9.8,13.8,76,4.7,13.4
2023-01-05,20.0,13.1,17.2,0.0,25.8,Clear,Winter,3.9,6.7,98,,13.7
2023-01-06,16.3,3.0,14.0,0.0,35.1,Clear,Winter,7.1,12.8,88,,15.0
"January 07, 2023",16.3,7.2,15.3,0.0,25.0,Clear,Winter,9.9,11.0,57,5.1,14.7
2023-01-08,21.0,5.1,20.7,0.0,43.8,Clear,Winter,3.8,47.3,67,1.9,14.4
2023-01-09,17.8,11.4,17.9,0.0,32.0,Clear,Winter,,34.9,74,8.1,14.8
2023-01-10,20.4,9.8,23.8,-1.0,30.7,Clear,Winter,7.1,7.5,79,7.5,13.2
11/01/2023,19.2,7.8,15.0,0.0,25.0,Clear,Winter,4.1,32.3,50,5.6,14.6
"January 12, 2023",20.1,4.5,18.8,0.0,25.0,Clear,Winter,14.796530984752227,16.8,83,-0.1,14.0
2023-01-13,21.8,5.4,21.4,0.0,29.2,Clear,Winter,7.7,79.0,50,3.1,14.4
"January 14, 2023",21.2,9.1,19.1,0.0,25.0,Clear,Winter,2.3,13.6,50,7.2,13.9
2023-01-15,10.5,8.5,7.2,0.0,39.5,Fog,Winter,4.9,31.1,78,7.4,0.9
2023-01-16,17.4,8.8,16.6,0.0,32.1,Clear,Winter,3.2,25.0,96,5.7,14.8
2023-01-17,26.7,7.8,24.2,0.0,37.2,Clear,Winter,3.3,16.5,52,5.2,13.2
2023-01-18,22.2,11.9,24.5,0.0,38.2,Clear,Winter,10.1,36.8,50,10.3,14.3
2023-01-19,14.8,6.3,16.8,0.0,29.5,Fog,Post_Monsoon,9.1,24.0,65,3.9,0.6
2023-01-20,12.6,8.8,12.4,0.5,25.4,Fog,Winter,3.2,12.8,129,7.1,0.5
2023-01-21,21.2,9.4,17.4,0.0,25.0,Clear,Winter,10.1,16.4,108,8.3,13.8
"January 22, 2023",25.5,8.6,24.6,0.0,31.8,Clear,Winter,4.1,8.8,79,6.1,13.8
2023-01-23,21.3,10.9,17.7,0.0,40.5,Clear,Winter,7.1,6.4,94,8.5,14.8
2023-01-24,27.1,8.2,27.8,0.0,46.5,Clear,Winter,,8.8,50,4.4,12.5
2023-01-25,21.2,12.7,18.1,0.0,25.1,Clear,Winter,10.0,9.8,86,9.1,12.8
"January 26, 2023",15.7,12.9,15.4,0.0,32.3,Clear,Winter,7.8,5.6,157,10.7,14.7
2023-01-27,20.9,11.2,20.2,0.0,30.6,Clear,Winter,4.4,79.9,71,9.6,14.8
28/01/2023,24.4,11.6,25.2,0.0,25.0,Clear,Winter,5.3,57.0,112,9.0,14.7
2023-01-29,18.2,10.6,16.4,0.0,25.0,Clear,Winter,3.8,11.6,50,9.1,12.4
2023-01-30,18.5,7.8,16.3,0.0,31.2,Clear,Winter,10.6,6.9,78,3.2,14.3
2023-01-31,22.4,9.7,21.7,0.0,25.0,Clear,Winter,,21.9,73,7.0,15.0
2023-02-01,16.1,10.4,14.9,0.0,25.0,Clear,Winter,13.535611590823823,6.6,56,6.8,13.8
02/02/2023,22.0,14.2,21.8,0.0,30.2,Clear,Winter,5.9,18.6,93,11.3,14.3
2023-02-03,17.9,12.0,17.4,0.0,25.0,Clear,Winter,3.0,17.0,67,10.3,14.7
"February 04, 2023",14.2,10.4,16.6,0.0,48.7,Clear,Winter,4.4,14.2,63,,14.8
"February 05, 2023",20.5,7.0,20.1,0.0,39.1,Clear,Winter,8.5,15.7,123,4.2,14.8
2023-02-06,12.7,3.6,12.4,0.0,25.0,Clear,Winter,4.5,41.0,50,0.2,10.7
2023-02-07,19.8,11.1,22.1,0.0,25.0,Clear,Winter,7.9,11.2,138,10.1,14.9
"February 08, 2023",16.8,9.2,16.0,0.0,35.7,Clear,Winter,3.0,16.1,94,7.5,15.0
2023-02-09,28.7,12.0,29.0,0.0,38.2,Clear,Winter,9.7,10.7,140,10.3,15.0
"February 10, 2023",16.6,1.6,15.6,0.0,25.8,Clear,Winter,5.1,8.6,153,0.0,13.9
"February 11, 2023",20.0,4.3,17.6,0.0,26.9,Clear,Winter,8.0,64.2,161,1.9,12.8
"February 12, 2023",23.6,11.7,22.1,0.0,46.0,Clear,Winter,2.8,31.6,69,8.5,14.9
2023-02-13,21.3,5.6,19.1,0.0,30.3,Clear,Winter,8.5,12.1,125,2.4,14.7
14/02/2023,19.3,9.8,19.3,0.0,37.7,Clear,Winter,7.8,22.4,62,,13.8
2023-02-15,20.3,10.9,17.4,0.0,25.0,Clear,Winter,10.1,28.3,139,9.1,12.6
16/02/2023,22.3,9.7,22.5,0.0,33.9,Clear,Winter,3.6,8.3,79,5.1,14.7
2023-02-17,23.1,26.895882584231153,19.3,0.0,25.0,Clear,Winter,6.2,21.7,50,,15.0
2023-02-18,28.7,12.7,26.4,0.0,25.0,Clear,Winter,,7.2,98,8.5,14.5
"February 19, 2023",17.9,6.8,15.7,11.9,39.6,Rain,Winter,3.5,36.9,50,3.3,11.5
20/02/2023,16.6,12.3,12.7,0.0,25.0,Clear,Winter,3.2,8.2,110,8.3,14.1
21/02/2023,10.8,5.6,12.5,0.0,28.4,Clear,Winter,,77.1,50,4.4,14.3
2023-02-22,15.3,6.2,14.0,0.0,26.2,Clear,Winter,5.0,5.5,50,5.0,14.0
2023-02-23,18.1,12.4,16.8,0.0,25.0,Clear,Winter,2.4,86.3,77,10.9,14.3
2023-02-24,18.3,9.5,19.5,0.0,38.3,Clear,Winter,3.0,11.0,63,4.8,15.0
2023-02-25,17.3,7.9,16.7,0.0,28.2,Clear,Winter,2.8,9.3,97,6.0,14.4
26/02/2023,15.5,11.2,15.3,0.0,25.0,Clear,Winter,2.3,14.3,70,,14.6
2023-02-27,20.5,7.4,21.3,0.0,37.8,Clear,Winter,7.1,11.6,50,6.1,14.3
28/02/2023,19.7,6.1,19.7,0.0,32.4,Clear,Winter,4.0,28.3,50,,14.8
"March 01, 2023",38.1,41.88457037533174,38.2,0.0,26.6,Clear,Post_Monsoon,6.1,14.6,59,,14.0
"March 02, 2023",36.9,21.3,39.0,0.0,40.0,Clear,Summer,4.2,63.0,75,17.0,13.0
03/03/2023,35.5,19.3,36.0,0.8,25.0,Clear,Summer,8.6,5.7,50,14.3,14.5
2023-03-04,39.8,23.1,38.3,0.0,38.8,Clear,Summer,10.7,15.3,161,19.7,12.3
2023-03-05,40.4,26.7,37.7,0.0,32.3,Heatwave,Summer,5.7,47.1,116,21.7,14.8
2023-03-06,37.4,20.5,36.9,0.0,34.2,Clear,Summer,6.9,12.1,58,17.4,14.7
07/03/2023,42.9,21.0,43.4,0.0,31.4,Heatwave,Summer,5.9,39.0,166,19.8,13.8
08/03/2023,31.3,17.1,30.5,0.0,29.4,Clear,Summer,9.3,5.3,73,14.0,13.8
2023-03-09,38.3,22.5,34.9,0.0,26.6,Clear,Summer,6.1,7.1,123,17.6,14.8
2023-03-10,35.4,18.0,32.0,0.7,31.6,Clear,Summer,3.7,52.1,50,,14.4
2023-03-11,39.0,24.9,36.1,0.0,41.8,Clear,Summer,2.1,36.0,105,21.7,14.5
2023-03-12,35.0,21.9,36.0,0.0,43.3,Clear,Summer,4.2,8.6,58,18.2,13.4
2023-03-13,37.5,23.1,36.6,0.0,25.0,Clear,Summer,,10.8,91,20.7,14.2
2023-03-14,36.4,25.9,35.6,0.0,25.0,Clear,Summer,4.1,14.2,123,24.5,14.7
2023-03-15,44.4,21.1,43.0,0.0,32.1,Heatwave,Summer,7.6,20.4,79,19.1,14.6
2023-03-16,37.9,25.3,38.4,0.0,25.7,Clear,Summer,7.8,43.0,87,22.8,13.5
17/03/2023,36.2,22.7,33.2,0.0,36.8,Clear,Summer,8.6,131.6596403456054,50,19.2,13.6
2023-03-18,40.8,29.0,36.2,0.0,38.1,Heatwave,Summer,9.4,110.20106058242466,158,27.7,14.7
2023-03-19,37.9,24.4,39.6,0.0,38.0,Clear,Winter,8.3,20.9,100,20.6,11.1
2023-03-20,39.3,26.3,38.0,0.0,32.3,Clear,Summer,8.0,25.2,125,,14.5
2023-03-21,34.4,23.2,32.6,0.0,33.1,Clear,Summer,9.2,40.6,114,20.9,14.3
2023-03-22,36.6,24.0,36.5,0.0,25.4,Clear,Summer,5.4,32.6,123,,13.8
2023-03-23,37.1,26.3,34.0,0.0,30.8,Clear,Summer,10.0,31.1,63,23.7,15.0
24/03/2023,37.5,25.0,35.4,0.0,44.3,Clear,Summer,5.9,11.7,73,,14.7
25/03/2023,39.9,27.9,39.7,0.0,25.0,Clear,Summer,5.5,8.6,74,26.8,14.8
"March 26, 2023",37.2,24.7,34.1,0.0,29.1,Clear,Summer,8.6,19.5,50,23.2,14.0
"March 27, 2023",33.8,20.3,35.8,0.0,29.3,Clear,Summer,10.2,14.5,50,18.1,15.0
28/03/2023,31.0,25.4,30.3,0.0,25.0,Clear,Summer,7.5,13.4,167,22.8,11.9
2023-03-29,37.9,24.0,39.6,0.0,35.2,Clear,Summer,4.2,6.2,85,19.7,14.5
2023-03-30,40.3,31.2,39.8,0.0,32.8,Heatwave,Summer,2.6,17.5,115,,14.9
2023-03-31,40.0,22.6,36.1,0.0,25.0,Clear,Summer,6.5,27.8,113,18.5,14.9
"April 01, 2023",33.0,20.7,34.1,0.0,31.7,Clear,Summer,8.7,14.2,83,,14.8
02/04/2023,37.2,26.8,34.9,0.0,31.5,Clear,Winter,8.5,11.4,98,25.5,14.3
"April 03, 2023",37.3,24.8,37.2,0.0,31.1,Clear,Summer,6.4,13.2,136,,14.4
2023-04-04,37.2,26.4,31.3,0.0,30.7,Clear,Summer,7.2,131.01377663452604,50,23.1,14.0
2023-04-05,34.5,23.6,30.2,1.9,26.3,Clear,Summer,7.0,56.1,90,20.3,13.0
2023-04-06,35.3,23.9,36.9,0.0,33.7,Clear,Summer,4.2,12.1,83,20.8,14.3
2023-04-07,38.8,21.7,38.0,0.0,27.3,Clear,Summer,,17.9,92,,14.9
2023-04-08,36.8,25.4,34.5,0.0,25.0,Clear,Summer,11.0,28.7,62,23.7,14.6
09/04/2023,39.9,22.4,39.1,1.3,25.0,Clear,Summer,9.7,22.7,98,19.3,10.7
"April 10, 2023",38.0,20.9,38.5,0.0,38.2,Clear,Summer,4.1,14.7,50,18.0,14.8
2023-04-11,30.3,21.3,26.5,0.0,25.0,Clear,Summer,8.3,25.2,112,18.9,14.7
12/04/2023,35.4,25.2,36.9,0.0,25.0,Clear,Summer,4.1,13.1,64,20.8,14.8
13/04/2023,44.6,22.6,44.4,0.0,27.1,Heatwave,Summer,10.0,56.0,132,20.9,14.1
14/04/2023,46.0,27.1,41.9,7.2,25.0,Rain,Summer,8.7,18.3,144,23.4,12.0
2023-04-15,40.5,43.51631535334963,42.2,0.0,29.9,Heatwave,Summer,3.5,36.9,142,,13.7
"April 16, 2023",37.7,27.7,35.3,0.0,30.5,Clear,Summer,7.2,7.4,50,26.5,14.8
17/04/2023,34.6,20.9,28.4,0.0,43.6,Clear,Summer,8.5,13.4,82,16.7,14.8
"April 18, 2023",45.6,25.6,42.0,0.0,28.3,Heatwave,Summer,8.2,38.7,103,23.9,14.0
"April 19, 2023",41.9,23.7,39.6,0.0,41.9,Heatwave,Summer,6.1,9.7,151,21.0,14.8
2023-04-20,35.7,22.2,34.7,0.0,36.0,Clear,Summer,14.319139846710907,10.0,150,19.4,13.6
2023-04-21,35.2,27.4,38.1,0.0,36.1,Clear,Summer,8.4,6.7,98,23.6,14.5
2023-04-22,37.3,19.8,35.0,0.0,25.0,Clear,Summer,9.7,18.0,88,,14.4
2023-04-23,34.7,21.0,29.8,0.0,30.6,Clear,Summer,,24.0,202,19.3,13.2
24/04/2023,34.8,24.1,35.6,0.0,35.4,Clear,Summer,7.8,120.37398656868389,209,22.7,13.8
2023-04-25,38.5,24.4,38.4,0.0,27.9,Clear,Summer,9.8,9.3,50,20.4,14.8
"April 26, 2023",38.2,21.9,36.3,0.0,28.3,Clear,Summer,6.8,58.4,50,19.2,13.8
2023-04-27,38.7,22.0,35.9,0.0,28.1,Clear,Summer,5.5,44.2,152,20.7,15.0
28/04/2023,37.8,28.0,37.8,0.0,32.3,Clear,Summer,3.4,13.9,87,24.7,10.6
2023-04-29,34.8,21.0,33.1,0.0,38.9,Clear,Summer,5.1,22.4,151,19.3,14.0
2023-04-30,41.9,19.1,41.7,0.0,35.2,Heatwave,Summer,9.9,6.5,180,17.9,15.0
01/05/2023,38.4,25.2,38.9,0.0,40.0,Clear,Summer,10.1,17.8,54,23.1,14.6
02/05/2023,36.1,17.1,34.8,0.0,26.7,Clear,Summer,7.6,139.92301322094767,97,13.0,12.0
2023-05-03,38.7,27.6,39.3,0.0,40.0,Clear,Summer,6.7,10.7,77,,14.0
2023-05-04,41.1,26.2,43.4,0.0,43.5,Heatwave,Summer,8.3,9.6,200,,11.5
2023-05-05,47.6,26.2,46.2,8.7,25.0,raining,Summer,3.8,8.1,101,24.5,11.6
2023-05-06,33.8,19.9,33.9,0.0,35.2,Clear,Summer,,145.77381699399157,118,18.0,11.8
"May 07, 2023",44.7,26.9,48.0,0.0,32.4,Heatwave,Summer,9.3,15.0,222,22.9,13.9
2023-05-08,38.2,28.7,37.9,0.0,25.0,Clear,Summer,13.933522513229208,21.6,130,24.4,14.8
2023-05-09,39.0,25.7,39.5,1.4,45.3,Clear,Summer,5.4,8.7,50,24.3,13.5
2023-05-10,39.6,26.7,37.6,0.0,25.0,Clear,Summer,6.4,15.3,82,25.6,10.4
2023-05-11,36.4,23.8,35.0,0.0,30.2,Clear,Summer,4.3,5.0,95,19.5,13.7
2023-05-12,38.7,22.3,40.1,0.0,25.0,Clear,Summer,8.6,25.3,84,19.6,15.0
2023-05-13,41.8,24.4,45.2,0.0,30.0,Heatwave,Summer,,5.7,113,21.6,14.7
14/05/2023,35.5,17.2,32.9,0.0,29.2,Clear,Summer,3.4,10.9,108,13.0,9.8
"May 15, 2023",34.1,20.3,35.1,0.0,27.3,Clear,Post_Monsoon,3.9,55.4,69,,14.7
2023-05-16,37.9,26.2,37.0,0.0,29.2,Clear,Summer,2.3,5.7,103,22.3,14.6
"May 17, 2023",36.7,23.4,35.3,0.0,25.8,Clear,Summer,3.4,8.4,50,20.7,13.5
"May 18, 2023",40.4,19.5,36.3,0.0,25.0,Heatwave,Summer,8.3,13.4,126,18.5,13.9
"May 19, 2023",34.7,22.1,29.5,0.0,27.5,Clear,Summer,,11.2,53,21.0,14.5
2023-05-20,36.5,23.3,37.5,0.0,32.4,Clear,Summer,10.6,13.5,91,20.8,14.4
21/05/2023,37.1,27.2,34.2,0.0,25.0,Clear,Summer,3.5,19.9,113,22.8,14.5
2023-05-22,38.2,25.3,36.1,0.0,43.6,Clear,Summer,3.9,14.2,114,20.8,13.8
"May 23, 2023",34.9,23.7,34.7,0.0,44.0,Clear,Summer,7.7,13.7,130,20.1,14.3
"May 24, 2023",37.4,22.3,32.9,0.0,31.5,Clear,Summer,7.3,38.3,128,20.6,14.9
2023-05-25,40.5,26.5,38.3,0.0,27.5,Heatwave,Summer,6.1,15.2,142,24.5,14.6
2023-05-26,37.6,24.8,31.1,0.0,25.0,Clear,Summer,3.2,13.3,50,22.6,13.7
2023-05-27,35.6,27.7,33.7,0.0,42.3,Clear,Summer,5.7,20.1,171,26.1,14.8
2023-05-28,41.1,21.3,39.9,-1.0,32.3,Heatwave,Summer,8.0,16.8,50,17.4,14.8
2023-05-29,40.3,21.5,42.6,0.0,36.3,Heatwave,Summer,8.2,21.3,92,17.9,14.2
2023-05-30,31.6,17.4,31.1,0.0,44.5,Clear,Summer,9.4,22.9,147,16.1,14.6
2023-05-31,34.9,26.5,36.2,0.0,33.5,Clear,Summer,,6.7,50,,14.7
2023-06-01,32.4,25.9,32.8,40.0,57.3,Heavy_Rain,Monsoon,5.0,20.7,57,24.3,6.8
2023-06-02,32.9,24.3,32.7,0.0,29.7,Clear,Monsoon,6.5,6.2,149,21.7,14.2
03/06/2023,29.5,24.4,32.7,105.2,98.0,Heavy_Rain,Monsoon,3.2,6.2,104,22.9,0.5
04/06/2023,28.4,25.7,29.1,0.0,34.9,Clear,Monsoon,6.4,25.2,76,21.6,14.3
05/06/2023,37.5,20.6,36.3,0.2,25.0,Clear,Monsoon,9.2,19.1,169,19.1,14.5
06/06/2023,34.9,24.8,37.0,102.6,98.0,Heavy_Rain,Monsoon,6.7,7.6,54,20.8,0.5
2023-06-07,30.6,25.0,31.5,139.8,98.0,Heavy_Rain,Monsoon,9.3,6.7,71,,0.5
2023-06-08,37.2,24.1,40.8,0.0,32.6,Clear,Monsoon,9.6,35.1,94,21.2,14.1
09/06/2023,29.9,22.3,33.3,23.6,54.9,Rain,Monsoon,2.5,7.7,50,18.5,10.2
2023-06-10,35.4,23.4,34.5,0.0,30.4,Clear,Monsoon,7.7,23.6,72,21.2,13.8
2023-06-11,25.9,23.0,23.8,0.0,32.2,Clear,Monsoon,7.6,140.8913408620868,50,19.9,14.5
12/06/2023,32.7,24.9,37.4,0.0,43.7,Clear,Monsoon,10.5,19.1,105,,12.7
"June 13, 2023",34.4,23.2,34.3,0.0,29.1,Clear,Monsoon,4.1,38.4,107,21.5,14.0
"June 14, 2023",35.4,24.2,34.8,22.6,57.0,Rain,Monsoon,3.5,27.0,95,21.4,10.2
2023-06-15,32.2,28.7,32.0,33.2,65.5,Heavy_Rain,Monsoon,,21.9,105,24.4,8.1
2023-06-16,31.7,23.4,30.9,0.0,30.4,Clear,Monsoon,6.1,21.8,85,22.0,14.9
2023-06-17,27.4,24.3,25.3,0.0,33.4,Clear,Monsoon,5.3,7.8,114,22.4,13.7
2023-06-18,32.1,24.8,33.1,59.5,79.7,Heavy_Rain,Monsoon,3.4,30.8,98,20.3,1.4
2023-06-19,39.4,27.0,39.4,16.6,45.2,Rain,Monsoon,4.3,12.8,89,25.5,11.0
20/06/2023,34.5,27.6,34.3,0.0,31.1,Clear,Monsoon,6.6,8.1,104,24.3,14.6
2023-06-21,33.2,23.9,34.0,0.0,25.6,Clear,Monsoon,6.2,15.3,50,22.5,12.9
22/06/2023,32.7,27.8,32.7,10.4,47.8,Rain,Monsoon,3.4,14.6,83,24.8,12.4
"June 23, 2023",33.1,27.7,34.1,0.0,32.5,Clear,Monsoon,3.7,6.0,118,22.7,14.7
2023-06-24,30.3,22.9,27.5,13.0,51.7,Rain,Monsoon,8.7,36.9,89,18.1,10.9
2023-06-25,37.1,24.6,37.8,14.5,44.3,Rain,Monsoon,7.0,34.7,50,20.9,11.7
2023-06-26,33.6,25.2,33.8,0.0,35.7,Clear,Monsoon,6.4,39.4,74,20.5,14.8
"June 27, 2023",33.1,22.4,31.9,-1.0,31.7,Clear,Monsoon,7.9,20.6,73,17.8,13.9
"June 28, 2023",33.4,25.7,31.9,0.7,46.8,Clear,Monsoon,6.6,24.5,50,21.1,13.3
2023-06-29,34.8,22.3,30.8,0.0,25.0,Clear,Monsoon,,50.4,67,20.5,14.2
2023-06-30,37.5,21.2,35.5,0.0,31.1,Clear,Monsoon,7.7,9.7,134,18.0,12.4
01/07/2023,33.2,23.2,33.6,0.0,29.9,Clear,Monsoon,11.0,8.6,93,20.6,14.1
2023-07-02,32.0,20.2,30.8,0.2,27.0,Clear,Monsoon,8.9,33.1,61,17.9,12.5
2023-07-03,30.7,22.2,33.2,71.1,92.3,Heavy_Rain,Monsoon,5.5,23.1,116,17.7,0.5
"July 04, 2023",30.5,21.7,27.6,0.0,25.0,Clear,Monsoon,8.2,15.0,113,,14.9
2023-07-05,33.7,23.5,33.9,9.3,44.3,Rain,Winter,,17.1,69,22.4,12.7
"July 06, 2023",37.0,26.5,36.4,0.0,26.1,Clear,Monsoon,2.9,30.5,93,25.0,13.4
2023-07-07,35.4,27.5,33.9,0.0,33.2,Clear,Winter,4.9,51.5,50,25.6,15.0
08/07/2023,24.0,22.0,21.9,7.6,39.7,Rain,Monsoon,3.4,25.6,51,,13.4
"July 09, 2023",35.3,25.0,30.7,4.7,25.0,Thunderstorm,Monsoon,2.8,14.0,130,21.2,12.8
10/07/2023,31.5,23.8,35.7,0.0,32.2,Thunderstorm,Monsoon,10.4,12.3,76,20.8,14.8
11/07/2023,34.5,31.4,32.8,7.3,39.2,Rain,Monsoon,4.7,45.8,68,26.5,13.3
2023-07-12,39.0,40.07574213290709,39.5,0.0,25.0,Clear,Monsoon,2.3,16.9,79,22.4,14.2
13/07/2023,37.0,25.8,36.9,0.0,28.7,Clear,Monsoon,6.3,7.0,107,22.6,14.9
"July 14, 2023",32.4,23.9,32.6,6.2,36.7,Rain,Monsoon,5.2,31.2,145,21.8,11.4
"July 15, 2023",31.7,25.0,30.8,8.3,42.0,Rain,Monsoon,3.3,14.8,107,20.8,11.9
2023-07-16,36.8,24.3,36.4,0.0,29.7,Clear,Monsoon,4.8,17.2,105,20.1,14.2
"July 17, 2023",30.9,28.3,29.8,0.8,30.9,Clear,Monsoon,,44.6,114,23.9,13.2
2023-07-18,34.0,23.5,28.1,0.0,33.8,Clear,Monsoon,9.3,20.9,107,21.9,14.7
2023-07-19,36.2,23.5,33.4,0.0,27.4,Clear,Monsoon,6.9,27.3,63,18.9,15.0
20/07/2023,34.7,26.4,38.3,34.9,66.8,Heavy_Rain,Monsoon,5.4,21.0,151,22.1,7.2
2023-07-21,31.7,24.3,30.8,0.0,31.5,Clear,Monsoon,,14.2,84,21.0,14.3
2023-07-22,33.3,22.9,34.5,32.8,56.0,Heavy_Rain,Monsoon,3.2,68.5,161,18.6,8.0
2023-07-23,32.0,24.0,31.8,18.3,35.3,Rain,Monsoon,4.0,8.3,50,,10.9
"July 24, 2023",35.5,22.9,32.9,4.0,25.0,Clear,Monsoon,2.2,26.1,72,20.5,14.2
25/07/2023,33.3,22.4,33.4,0.0,28.0,Clear,Monsoon,8.7,12.3,77,20.3,13.7
2023-07-26,33.4,27.3,33.8,31.8,56.7,Heavy_Rain,Monsoon,6.2,9.8,50,25.7,5.6
2023-07-27,34.1,28.1,31.8,1.6,31.8,Clear,Monsoon,4.2,29.2,80,,14.4
2023-07-28,34.5,27.5,33.6,1.0,25.0,Clear,Monsoon,10.1,6.5,113,25.1,13.1
29/07/2023,39.9,25.1,37.2,0.0,25.0,Clear,Monsoon,4.7,15.7,67,22.5,14.5
2023-07-30,31.3,27.3,28.4,0.0,25.0,Clear,Monsoon,8.6,44.3,72,24.8,14.6
2023-07-31,33.3,23.9,34.6,0.0,42.1,Clear,Monsoon,3.8,7.1,121,19.2,13.3
"August 01, 2023",35.4,27.1,33.7,7.4,34.5,Rain,Monsoon,7.8,58.0,68,24.1,12.9
2023-08-02,31.5,24.1,30.1,35.0,58.9,Heavy_Rain,Monsoon,2.5,20.6,93,19.4,7.4
2023-08-03,34.0,28.5,32.4,18.2,46.8,RAIN,Monsoon,,9.1,50,23.8,10.7
04/08/2023,36.3,24.0,33.7,7.5,38.0,Rain,Monsoon,7.1,13.4,98,20.7,13.4
2023-08-05,30.7,22.1,31.7,48.6,62.7,Heavy_Rain,Monsoon,8.9,5.2,106,17.6,4.1
2023-08-06,31.4,23.3,28.5,0.0,28.9,Clear,Monsoon,3.5,19.0,80,,14.5
2023-08-07,32.1,34.34265085627281,29.3,0.0,34.4,Clear,Monsoon,10.1,17.7,106,,15.0
"August 08, 2023",32.7,26.3,34.3,75.0,96.1,Heavy_Rain,Monsoon,5.0,26.3,119,24.0,0.5
09/08/2023,34.8,23.9,37.0,0.0,43.4,Clear,Monsoon,10.8,13.2,58,18.9,14.4
"August 10, 2023",40.3,23.8,40.0,3.0,39.8,Heatwave,Monsoon,8.0,10.5,72,20.1,14.3
"August 11, 2023",29.6,24.3,29.7,0.0,34.9,Clear,Monsoon,10.8,8.1,50,21.3,14.3
2023-08-12,35.8,22.7,37.1,33.9,55.4,Heavy_Rain,Monsoon,7.4,38.5,122,21.7,6.5
2023-08-13,35.6,24.7,33.8,46.4,59.4,Heavy_Rain,Monsoon,6.9,27.1,87,,4.6
2023-08-14,33.3,23.8,32.7,0.0,25.0,Clear,Monsoon,13.663805531336212,19.6,71,19.7,13.7
15/08/2023,34.9,25.8,36.4,12.8,40.7,Rain,Monsoon,7.3,5.6,80,21.9,11.6
16/08/2023,28.2,24.1,26.5,0.0,36.4,Clear,Monsoon,4.4,13.6,73,21.9,14.4
2023-08-17,27.8,25.8,28.6,6.1,29.2,Rain,Monsoon,7.3,26.9,78,,13.2
18/08/2023,26.3,24.3,25.2,0.0,45.3,Clear,Monsoon,4.3,16.2,90,22.1,12.0
19/08/2023,33.5,23.8,33.8,4.4,37.0,Clear,Monsoon,2.9,39.0,54,19.8,13.7
2023-08-20,28.0,26.0,27.0,0.7,32.5,Clear,Monsoon,8.7,49.0,68,21.6,14.6
2023-08-21,36.6,26.8,36.2,14.2,39.0,Rain,Monsoon,6.9,38.3,58,24.5,12.1
22/08/2023,33.7,25.9,31.5,0.0,25.4,Clear,Monsoon,7.9,10.9,92,21.5,13.6
2023-08-23,36.0,24.5,38.7,85.3,98.0,Heavy_Rain,Monsoon,13.267289597826892,10.3,96,,0.5
2023-08-24,35.3,26.6,36.1,28.4,46.0,Rain,Monsoon,5.0,31.4,67,25.2,9.2
2023-08-25,34.9,24.7,33.0,0.0,26.5,Clear,Monsoon,8.8,15.6,108,22.9,14.1
26/08/2023,36.0,23.3,40.2,60.7,85.0,Heavy_Rain,Monsoon,8.5,12.3,104,18.6,2.2
27/08/2023,35.4,21.4,34.1,0.0,45.2,Clear,Monsoon,,6.1,85,18.3,14.9
2023-08-28,35.1,28.1,36.9,9.5,42.3,Rain,Monsoon,3.7,27.1,55,23.4,11.5
"August 29, 2023",33.0,27.5,29.9,0.0,26.3,Clear,Monsoon,,15.6,101,24.9,14.7
2023-08-30,35.5,25.2,33.1,15.9,35.7,Rain,Monsoon,,8.8,50,,10.8
2023-08-31,34.4,24.6,35.9,0.0,25.0,Clear,Monsoon,,17.1,116,21.9,12.9
2023-09-01,34.1,25.5,32.1,86.6,98.0,Heavy_Rain,Monsoon,3.6,24.5,52,,0.5
2023-09-02,37.0,23.0,34.1,0.0,39.8,Clear,Monsoon,2.1,8.0,111,20.6,14.9
03/09/2023,31.4,25.7,32.1,0.0,42.3,Clear,Post_Monsoon,8.6,25.2,50,,13.4
2023-09-04,32.1,25.1,36.3,84.8,90.5,Heavy_Rain,Monsoon,2.2,8.5,50,22.1,0.5
2023-09-05,37.1,25.7,33.5,0.0,25.0,Clear,Monsoon,7.4,47.4,56,23.7,13.5
2023-09-06,31.8,21.9,34.7,51.3,91.8,Heavy_Rain,Monsoon,5.9,30.8,101,18.9,4.1
2023-09-07,36.6,26.2,40.5,14.1,37.0,Rain,Monsoon,8.6,26.1,139,24.9,12.1
08/09/2023,34.1,26.8,33.5,0.0,25.0,Clear,Monsoon,3.2,105.43676821809579,76,24.6,14.3
09/09/2023,33.6,25.5,32.7,0.0,32.8,Clear,Monsoon,3.0,16.0,78,21.9,12.4
2023-09-10,32.2,23.8,36.4,5.2,30.4,rain,Monsoon,,18.1,116,21.5,12.8
2023-09-11,32.4,36.77633936948595,28.9,0.0,29.5,Clear,Monsoon,8.9,6.5,114,19.6,14.7
"September 12, 2023",30.0,33.83207255772329,27.4,10.8,29.6,Rain,Monsoon,4.0,65.6,77,,12.8
"September 13, 2023",30.4,26.2,32.8,0.0,37.6,Clear,Monsoon,9.6,13.9,91,24.6,14.9
"September 14, 2023",30.3,22.6,29.4,54.3,77.0,Heavy_Rain,Monsoon,10.9,6.2,61,18.7,3.9
2023-09-15,40.9,42.25481493553164,40.7,0.0,29.1,Heatwave,Monsoon,6.6,10.5,136,21.2,14.4
2023-09-16,29.9,23.8,28.2,0.0,35.6,Clear,Monsoon,10.5,70.0,50,22.6,13.8
2023-09-17,36.4,23.2,35.9,1.6,38.1,Clear,Monsoon,6.5,5.5,87,19.6,14.0
"September 18, 2023",36.7,27.3,36.5,60.0,58.3,Heavy_Rain,Monsoon,8.5,24.2,50,23.5,0.5
2023-09-19,31.2,23.7,32.9,56.9,71.4,Heavy_Rain,Monsoon,4.6,11.5,84,19.6,3.2
2023-09-20,33.6,26.6,34.8,89.0,89.4,Heavy_Rain,Monsoon,8.8,14.5,87,22.6,0.5
2023-09-21,37.4,26.1,35.1,0.0,34.0,Clear,Monsoon,10.1,7.9,50,21.5,14.6
2023-09-22,33.7,26.4,30.4,22.9,42.5,Rain,Monsoon,7.8,12.3,108,22.6,9.6
2023-09-23,33.6,25.5,34.0,0.0,45.1,Clear,Monsoon,7.5,6.0,52,23.6,14.9
2023-09-24,32.5,23.9,32.0,0.0,33.8,Clear,Monsoon,8.3,10.4,117,21.1,14.4
"September 25, 2023",36.6,26.9,35.1,12.9,39.7,Rain,Monsoon,8.6,5.4,155,23.0,11.7
2023-09-26,36.2,28.9,36.5,3.7,32.6,Clear,Monsoon,2.6,39.8,105,27.7,14.2
2023-09-27,35.6,23.7,36.2,0.0,32.9,Clear,Monsoon,6.8,12.4,68,22.5,14.4
28/09/2023,34.9,26.2,36.1,13.3,52.3,Rain,Monsoon,10.5,5.6,123,24.3,11.0
2023-09-29,32.5,25.3,33.8,32.3,58.9,Heavy_Rain,Monsoon,8.5,7.8,51,23.1,8.0
2023-09-30,37.6,27.2,40.7,0.0,32.1,Clear,Monsoon,,13.3,72,22.3,14.7
2023-10-01,30.2,19.8,30.3,0.0,26.1,Clear,Post_Monsoon,5.7,12.1,65,16.5,14.8
02/10/2023,34.5,17.0,34.7,0.0,25.0,Clear,Post_Monsoon,3.5,17.5,63,15.0,14.0
2023-10-03,31.3,13.5,30.0,0.0,25.0,Clear,Post_Monsoon,9.5,64.3,68,9.4,13.7
2023-10-04,31.2,21.4,29.1,4.9,35.8,Clear,Post_Monsoon,5.2,17.3,75,19.4,12.9
2023-10-05,29.9,16.7,30.7,5.7,43.9,rain,Post_Monsoon,,12.7,85,13.6,13.3
2023-10-06,31.9,13.9,31.6,0.0,26.9,Clear,Post_Monsoon,4.6,50.5,73,12.4,14.1
2023-10-07,29.6,19.8,29.0,0.0,34.3,Clear,Post_Monsoon,,16.2,50,15.8,14.5
2023-10-08,31.4,22.1,32.5,0.0,25.0,Clear,Post_Monsoon,10.1,45.0,99,,14.1
2023-10-09,32.0,14.6,29.0,0.0,43.5,Clear,Post_Monsoon,4.2,16.1,76,10.1,12.9
2023-10-10,30.6,19.7,30.6,0.0,34.2,Clear,Post_Monsoon,4.5,16.3,86,18.1,12.0
"October 11, 2023",30.6,20.7,27.0,0.0,27.4,Clear,Post_Monsoon,10.3,17.6,143,16.5,14.8
"October 12, 2023",23.9,17.7,23.0,0.0,27.9,Clear,Post_Monsoon,7.2,73.8,50,14.7,13.9
"October 13, 2023",34.3,19.9,33.3,0.0,32.7,Clear,Post_Monsoon,10.7,13.4,60,16.0,14.2
2023-10-14,28.5,21.0,26.7,0.0,27.7,Clear,Post_Monsoon,3.2,24.2,68,17.7,14.2
15/10/2023,34.6,19.2,34.4,0.0,25.0,Clear,Post_Monsoon,7.9,13.4,71,16.8,12.9
2023-10-16,28.4,16.9,26.3,0.0,25.0,Clear,Post_Monsoon,,22.9,50,15.8,12.1
2023-10-17,31.9,15.0,30.5,9.6,42.8,Rain,Post_Monsoon,9.0,62.9,91,12.3,13.0
2023-10-18,36.7,12.7,35.2,1.2,26.7,Clear,Post_Monsoon,5.9,27.6,95,11.5,12.8
2023-10-19,28.8,17.6,27.9,0.0,34.3,Clear,Post_Monsoon,12.649455820757469,10.5,50,13.2,13.7
20/10/2023,27.7,21.0,28.2,0.0,25.0,Clear,Post_Monsoon,,5.9,73,19.2,12.8
2023-10-21,29.8,14.6,30.0,0.0,25.0,Clear,Post_Monsoon,7.1,18.9,59,12.8,14.1
2023-10-22,30.8,24.3,29.4,0.0,25.0,Clear,Post_Monsoon,7.1,57.8,50,21.6,14.3
2023-10-23,27.3,17.5,29.4,0.0,25.0,Clear,Post_Monsoon,7.4,15.8,98,14.7,14.0
2023-10-24,26.5,13.9,23.1,0.0,25.0,Clear,Post_Monsoon,5.3,20.3,72,10.1,13.4
2023-10-25,33.2,13.3,30.0,0.0,40.6,Clear,Post_Monsoon,5.3,36.0,50,8.8,13.5
"October 26, 2023",31.8,13.4,28.9,3.7,37.8,Clear,Post_Monsoon,5.0,138.72801427655685,75,11.8,14.0
27/10/2023,29.9,17.5,29.4,0.0,45.9,Clear,Post_Monsoon,9.4,22.8,101,,10.9
2023-10-28,28.8,16.8,25.7,0.0,38.6,Clear,Post_Monsoon,3.6,21.5,94,14.2,14.1
2023-10-29,34.1,13.8,34.9,0.0,25.0,Clear,Post_Monsoon,8.2,12.2,69,12.1,14.6
2023-10-30,34.9,17.5,32.4,0.0,25.8,Clear,Post_Monsoon,5.8,17.0,50,16.2,14.8
2023-10-31,32.3,16.1,29.7,0.0,27.8,Clear,Post_Monsoon,4.8,13.3,50,13.9,14.6
2023-11-01,25.5,17.8,21.6,24.2,43.4,Rain,Post_Monsoon,9.7,10.0,147,15.0,7.8
02/11/2023,33.0,19.9,30.6,0.0,25.0,Clear,Post_Monsoon,10.1,15.8,99,16.5,14.8
"November 03, 2023",28.0,21.1,25.5,0.0,25.5,Clear,Post_Monsoon,6.6,9.9,50,20.0,13.2
2023-11-04,32.9,18.6,30.3,0.0,26.3,Clear,Post_Monsoon,3.1,40.2,50,,14.0
2023-11-05,31.5,20.1,31.1,0.0,34.0,Clear,Post_Monsoon,4.1,39.7,114,18.9,12.1
06/11/2023,32.5,23.0,32.1,0.0,25.0,Clear,Post_Monsoon,9.1,9.6,50,20.6,14.4
07/11/2023,28.7,18.3,25.9,2.3,28.5,Clear,Post_Monsoon,7.3,7.3,258,14.2,12.2
2023-11-08,35.7,17.2,36.5,0.0,39.4,Clear,Post_Monsoon,3.6,9.3,319,15.6,13.7
2023-11-09,30.3,18.5,27.2,0.0,25.0,Clear,Post_Monsoon,14.391722061575107,24.5,311,15.1,14.3
2023-11-10,30.0,19.3,27.7,0.0,25.0,Clear,Post_Monsoon,5.0,8.8,281,,11.0
"November 11, 2023",29.9,16.7,28.2,7.1,25.6,Rain,Post_Monsoon,5.5,6.0,313,14.1,12.7
2023-11-12,32.9,20.5,28.3,0.0,25.1,Clear,Post_Monsoon,,18.3,342,18.7,10.3
2023-11-13,35.1,15.2,34.6,0.0,26.0,Clear,Post_Monsoon,3.2,21.4,336,10.3,14.3
2023-11-14,34.5,16.4,33.3,3.3,34.5,Clear,Post_Monsoon,4.4,7.6,346,13.0,14.0
2023-11-15,32.8,17.6,31.2,0.0,28.8,Clear,Post_Monsoon,8.7,11.3,350,14.9,13.7
2023-11-16,34.1,21.0,32.1,0.0,34.7,Clear,Post_Monsoon,,5.1,321,16.6,9.1
"November 17, 2023",30.7,15.1,33.1,0.0,40.8,Clear,Post_Monsoon,8.0,14.0,327,14.0,14.7
2023-11-18,31.0,18.7,31.5,0.0,30.7,Clear,Post_Monsoon,,17.4,50,15.4,14.3
2023-11-19,33.0,21.0,37.0,0.0,30.6,Clear,Post_Monsoon,11.0,6.9,127,16.4,14.6
2023-11-20,30.7,21.8,28.7,0.0,36.4,Clear,Post_Monsoon,7.9,45.6,103,,13.8
"November 21, 2023",34.4,15.1,31.6,0.0,31.2,Clear,Post_Monsoon,2.6,11.3,55,11.7,13.9
22/11/2023,28.6,16.1,30.0,0.0,38.7,Clear,Post_Monsoon,,11.2,50,14.8,12.1
2023-11-23,31.0,16.9,33.9,29.3,58.2,Rain,Post_Monsoon,8.1,43.8,96,14.7,7.4
"November 24, 2023",35.0,17.5,36.5,15.0,34.1,Rain,Post_Monsoon,5.7,47.9,50,12.7,11.2
25/11/2023,29.3,19.4,28.6,0.0,37.3,Clear,Summer,10.9,21.4,96,,13.1
"November 26, 2023",33.4,17.0,32.2,0.0,27.9,Clear,Post_Monsoon,5.5,70.2,85,12.4,13.8
2023-11-27,33.3,14.0,35.8,0.0,51.1,Clear,Post_Monsoon,3.9,21.8,63,,11.2
2023-11-28,35.2,16.6,33.7,0.0,30.7,Clear,Summer,5.9,14.7,113,13.5,13.0
2023-11-29,32.2,20.3,30.3,0.0,29.9,Clear,Post_Monsoon,9.7,31.4,82,16.8,14.2
2023-11-30,33.4,15.5,29.0,0.0,36.2,Clear,Post_Monsoon,2.8,11.7,50,13.8,13.5
01/12/2023,14.9,9.4,12.9,12.5,53.4,Rain,Winter,3.6,13.8,105,7.2,10.5
2023-12-02,16.7,9.5,13.8,0.0,37.3,Clear,Winter,3.6,24.9,67,8.0,14.7
03/12/2023,17.6,19.012779845378617,17.8,0.0,36.4,Clear,Winter,9.8,17.9,136,5.5,13.8
04/12/2023,12.2,9.3,11.1,0.0,37.8,Cloudy,Winter,8.9,24.5,50,7.9,14.8
05/12/2023,16.2,14.2,14.9,0.0,40.2,Clear,Winter,8.7,7.8,99,12.3,14.1
"December 06, 2023",22.2,8.2,22.0,0.0,36.7,Clear,Winter,,18.2,112,5.4,14.3
2023-12-07,15.6,12.1,13.7,0.0,25.0,Clear,Winter,8.8,10.9,134,8.3,14.5
2023-12-08,12.5,8.9,10.5,0.0,25.0,Fog,Winter,10.0,28.8,161,6.3,0.9
09/12/2023,17.2,9.2,15.5,0.0,27.5,Thunderstorm,Winter,9.5,6.5,50,7.7,14.7
10/12/2023,20.7,4.8,19.3,0.0,26.8,Clear,Winter,3.2,39.1,89,2.4,14.6
2023-12-11,16.3,2.6,15.5,0.0,26.7,Clear,Winter,10.5,13.0,50,0.3,14.0
"December 12, 2023",16.3,6.6,17.3,0.0,42.1,Clear,Winter,9.4,6.6,50,4.8,14.3
2023-12-13,16.1,10.4,13.3,0.0,27.6,Clear,Winter,7.9,10.1,50,8.0,13.4
2023-12-14,24.0,3.6,26.3,0.0,25.0,Clear,Winter,8.9,19.4,50,-0.9,13.1
"December 15, 2023",13.4,11.4,17.5,0.0,25.0,Fog,Winter,6.6,12.0,105,9.4,0.7
16/12/2023,15.9,9.5,12.2,0.0,28.6,Clear,Winter,4.9,43.4,119,4.9,14.4
2023-12-17,25.0,11.3,26.4,9.3,41.0,Rain,Winter,4.6,33.2,121,8.8,12.5
18/12/2023,15.9,9.7,14.2,0.0,32.2,Clear,Winter,2.6,33.1,93,5.1,13.9
"December 19, 2023",17.8,6.4,17.7,0.0,27.3,Clear,Winter,6.2,11.6,94,2.6,13.0
2023-12-20,20.8,5.2,20.1,0.0,33.1,Clear,Winter,3.3,24.7,114,3.0,14.7
2023-12-21,15.2,10.3,9.5,0.0,25.0,Clear,Winter,10.0,11.1,50,6.0,15.0
2023-12-22,20.5,6.0,18.4,0.0,43.4,Clear,Winter,4.2,8.7,132,3.5,10.5
2023-12-23,12.1,10.1,9.9,0.0,25.0,Cloudy,Winter,2.5,21.8,153,,13.8
2023-12-24,29.3,3.7,26.8,0.0,25.0,Clear,Winter,5.6,17.9,98,,13.6
25/12/2023,15.5,10.4,13.7,0.0,33.5,Clear,Winter,10.3,14.4,100,5.7,14.8
26/12/2023,17.1,7.3,15.4,0.0,27.0,Clear,Winter,9.2,12.9,101,5.3,14.1
2023-12-27,15.1,6.6,14.0,0.0,35.9,Clear,Winter,2.9,15.6,145,4.4,14.7
28/12/2023,18.7,8.1,17.8,0.0,25.0,Clear,Winter,,12.2,149,4.0,14.5
29/12/2023,17.1,8.5,18.1,0.0,36.9,Clear,Winter,3.1,7.7,84,5.4,11.3
30/12/2023,13.2,5.5,13.3,0.0,33.7,Cloudy,Winter,5.5,10.1,50,0.7,14.4
31/12/2023,23.1,9.4,20.1,0.0,26.0,Clear,Winter,10.9,22.7,111,7.0,14.7
2024-01-01,19.4,9.5,21.8,0.0,25.0,Clear,Winter,3.8,5.6,50,4.7,14.6
02/01/2024,18.2,3.0,21.2,0.0,25.0,Clear,Winter,3.6,31.5,50,,12.2
03/01/2024,20.5,10.2,21.2,0.0,25.0,Clear,Winter,,28.6,132,7.0,12.9
2024-01-04,22.5,9.2,18.9,0.0,25.0,Clear,Monsoon,,10.9,109,6.7,14.6
"January 05, 2024",17.3,4.3,16.9,0.0,51.3,Clear,Winter,,14.3,80,2.1,14.9
2024-01-06,13.6,7.6,13.3,0.0,42.4,Fog,Winter,3.5,21.0,101,3.9,0.5
2024-01-07,15.1,6.0,9.6,0.0,27.4,Clear,Winter,,17.3,71,,13.4
2024-01-08,21.8,7.7,20.2,0.0,31.6,Clear,Winter,2.1,7.2,109,3.5,14.4
09/01/2024,16.6,9.2,16.2,0.0,26.6,Clear,Winter,9.7,12.0,50,4.5,13.9
"January 10, 2024",22.0,9.6,24.2,0.0,25.0,Clear,Winter,11.0,15.2,75,5.6,12.4
"January 11, 2024",21.8,13.0,19.1,0.0,39.0,Clear,Winter,4.2,33.0,107,11.5,14.7
2024-01-12,15.9,12.9,18.2,0.0,25.0,Clear,Winter,9.8,6.3,95,10.4,15.0
13/01/2024,18.5,7.9,19.4,0.0,29.0,Clear,Winter,6.9,57.7,52,5.4,12.8
2024-01-14,18.2,5.0,20.6,0.0,31.8,Clear,Winter,10.6,13.7,76,,14.0
2024-01-15,15.1,6.5,16.5,0.0,25.0,Clear,Winter,10.2,24.7,81,4.9,13.2
16/01/2024,19.5,9.0,19.0,0.0,25.0,Clear,Winter,10.9,17.1,95,,14.9
17/01/2024,20.6,11.3,21.0,0.0,25.0,Clear,Winter,,11.0,71,8.5,11.5
2024-01-18,14.6,8.2,15.3,0.0,43.9,Cloudy,Winter,4.8,5.2,111,4.6,14.7
2024-01-19,24.6,2.1,26.7,0.0,33.0,Clear,Winter,7.3,39.9,50,-2.5,13.3
2024-01-20,23.1,4.0,20.9,0.0,36.7,Clear,Winter,6.3,16.8,120,-0.9,12.4
2024-01-21,16.1,12.0,13.6,0.0,26.5,Clear,Winter,10.8,33.7,126,7.0,13.9
2024-01-22,22.4,9.9,19.2,18.6,33.8,Rain,Winter,9.8,5.4,91,6.6,10.3
2024-01-23,15.2,7.8,15.0,0.0,28.3,Clear,Winter,,26.9,76,4.3,14.7
2024-01-24,23.5,10.9,20.1,0.0,35.1,Clear,Winter,7.4,10.4,67,7.6,15.0
25/01/2024,20.1,5.6,18.0,0.6,32.5,Clear,Winter,7.4,9.2,141,2.8,14.2
26/01/2024,18.7,10.5,18.4,0.0,25.0,Clear,Winter,3.9,5.2,57,9.4,14.0
2024-01-27,15.5,6.0,14.1,0.0,38.9,Clear,Winter,5.6,10.8,50,3.7,11.7
2024-01-28,23.8,8.7,23.0,0.0,28.4,Clear,Winter,2.4,8.1,81,7.5,14.4
2024-01-29,13.4,11.4,11.3,0.2,25.0,Cloudy,Winter,2.2,8.5,50,8.9,14.1
30/01/2024,14.8,7.9,13.3,0.0,36.6,Cloudy,Winter,5.1,14.6,72,3.4,13.0
"January 31, 2024",20.5,9.4,18.7,0.0,44.9,Clear,Winter,7.7,15.4,116,6.0,11.4
"February 01, 2024",18.3,8.5,16.5,0.0,31.3,Clear,Winter,,14.5,50,4.5,15.0
2024-02-02,18.4,9.1,21.7,0.0,25.0,Clear,Winter,5.2,13.2,50,4.9,14.4
2024-02-03,22.2,13.9,19.4,0.0,33.8,Clear,Winter,2.5,31.2,82,11.9,14.4
2024-02-04,19.2,10.4,18.0,0.0,34.2,Clear,Winter,10.3,12.2,50,8.0,14.8
2024-02-05,20.5,16.5,21.1,0.0,36.2,Clear,Winter,6.4,22.8,83,13.2,14.8
06/02/2024,27.9,12.1,29.0,0.0,38.4,Clear,Winter,2.5,16.7,54,,15.0
07/02/2024,21.5,10.9,20.2,0.0,36.8,Clear,Winter,5.0,8.3,117,6.9,14.3
2024-02-08,11.8,6.0,10.8,0.0,25.0,Clear,Winter,2.4,7.9,66,1.3,15.0
2024-02-09,21.4,11.7,21.4,0.0,25.0,Clear,Winter,5.1,68.4,50,9.1,13.9
2024-02-10,28.4,5.4,26.6,0.0,33.8,Clear,Winter,,19.3,50,1.2,14.6
2024-02-11,16.4,2.8,15.6,0.0,26.8,Clear,Winter,10.0,12.0,112,1.2,14.1
2024-02-12,15.5,6.2,14.9,0.0,25.0,Clear,Winter,6.7,12.0,109,4.8,8.6
2024-02-13,16.6,4.1,15.3,0.0,33.6,Clear,Winter,4.4,8.1,96,2.0,13.0
2024-02-14,24.6,8.9,25.2,0.0,27.5,Clear,Winter,,61.0,81,6.7,15.0
2024-02-15,20.0,9.2,17.3,0.0,26.9,Clear,Winter,9.2,30.6,50,5.2,14.8
"February 16, 2024",24.6,7.7,24.0,0.0,25.0,Clear,Winter,,59.4,68,4.3,14.9
2024-02-17,20.0,11.9,21.0,-1.0,43.1,Clear,Winter,9.4,8.3,116,10.0,13.4
"February 18, 2024",19.6,4.2,16.8,0.0,30.3,Clear,Winter,4.3,7.4,135,2.9,14.8
2024-02-19,21.5,7.9,21.6,0.0,26.4,Clear,Winter,3.9,29.7,129,5.5,12.6
"February 20, 2024",15.8,9.2,15.5,0.0,25.5,Clear,Winter,,19.8,87,5.9,13.1
2024-02-21,22.4,12.2,20.1,0.0,39.3,Clear,Winter,10.0,5.3,50,8.4,14.8
2024-02-22,16.6,-0.8,14.1,0.0,25.7,Clear,Winter,8.9,8.8,68,-2.2,14.8
2024-02-23,19.6,10.5,23.2,0.0,36.5,Clear,Winter,7.6,33.8,81,6.6,14.3
24/02/2024,23.2,16.9,22.9,0.0,31.2,Clear,Winter,7.3,35.8,96,13.9,12.8
2024-02-25,15.9,4.7,16.1,0.0,25.0,Clear,Winter,4.4,25.1,126,0.9,14.7
2024-02-26,12.9,10.9,11.6,0.0,29.3,Clear,Winter,9.0,31.4,126,6.7,13.0
2024-02-27,20.6,12.5,21.5,0.0,31.4,Clear,Winter,9.8,19.2,122,10.1,13.8
2024-02-28,9.2,7.2,6.3,0.0,30.9,Clear,Winter,6.7,41.7,53,2.6,15.0
29/02/2024,14.1,9.1,14.9,0.0,25.0,Clear,Winter,8.1,5.1,126,5.8,14.1
2024-03-01,39.3,24.9,38.2,0.0,30.7,Clear,Summer,3.9,24.9,86,21.4,14.5
2024-03-02,34.6,16.0,35.8,0.0,25.0,Clear,Summer,3.8,11.9,70,12.8,13.6
2024-03-03,38.4,40.1463124052838,37.2,0.0,39.8,Clear,Summer,10.2,10.6,70,20.1,14.7
2024-03-04,36.7,31.0,35.5,0.0,25.0,Clear,Summer,,28.6,60,26.9,14.4
2024-03-05,41.0,23.0,38.3,0.0,25.0,Heatwave,Summer,,40.4,157,19.1,14.3
06/03/2024,39.2,23.9,36.8,0.0,34.6,Clear,Summer,,28.0,157,21.7,14.1
2024-03-07,36.6,22.9,37.2,0.0,25.0,Clear,Summer,7.6,5.9,50,19.1,14.2
2024-03-08,37.7,22.7,38.7,0.0,27.8,Clear,Summer,8.7,11.3,89,19.2,14.1
09/03/2024,37.9,21.7,29.8,0.0,25.0,Clear,Summer,2.4,26.3,102,16.8,13.8
2024-03-10,41.7,19.0,40.7,0.0,27.9,Heatwave,Summer,9.3,10.2,201,15.2,14.5
11/03/2024,45.3,24.2,43.4,0.0,37.0,Heatwave,Summer,3.0,31.2,50,,14.8
12/03/2024,43.2,27.8,41.4,0.0,35.2,Heatwave,Summer,7.7,36.7,109,24.4,13.7
2024-03-13,41.2,25.0,41.8,0.0,25.0,Heatwave,Summer,,5.2,147,22.1,13.5
14/03/2024,43.1,21.6,41.6,0.0,29.1,Heatwave,Summer,2.6,24.6,181,17.4,14.7
2024-03-15,38.2,25.9,36.8,0.0,35.3,Clear,Summer,10.4,17.0,55,21.3,12.9
"March 16, 2024",33.8,26.6,33.6,0.0,36.6,Clear,Summer,5.1,15.0,50,22.6,14.7
2024-03-17,32.6,27.6,38.1,0.0,25.0,Clear,Summer,10.9,29.3,67,22.8,15.0
"March 18, 2024",38.1,19.9,39.1,3.6,25.0,Clear,Summer,,42.9,80,17.1,13.7
"March 19, 2024",41.6,22.3,36.3,0.0,25.9,Heatwave,Summer,7.2,10.0,84,20.8,15.0
2024-03-20,41.5,24.5,40.7,0.0,28.7,Heatwave,Summer,3.9,8.3,158,22.2,14.4
2024-03-21,37.2,31.3,34.8,0.0,29.2,Clear,Summer,4.5,25.1,71,26.6,14.9
2024-03-22,37.5,22.0,37.6,0.0,25.0,Clear,Summer,3.5,8.2,160,17.9,11.7
"March 23, 2024",39.7,24.9,36.7,0.0,36.7,Clear,Summer,,26.8,155,20.5,14.7
2024-03-24,46.2,22.4,46.1,0.0,43.4,Heatwave,Summer,7.2,57.8,140,18.0,14.7
2024-03-25,39.1,20.4,38.9,0.0,46.5,Clear,Summer,2.8,32.5,50,17.4,11.7
2024-03-26,37.7,22.6,39.5,0.0,29.7,Clear,Summer,4.6,30.8,149,19.4,14.5
"March 27, 2024",39.8,25.7,38.0,0.0,26.3,Clear,Summer,7.0,101.4,119,20.8,14.9
28/03/2024,38.9,22.6,36.1,0.0,41.6,Clear,Summer,8.9,10.5,50,19.8,13.7
"March 29, 2024",36.3,17.4,35.5,0.0,25.4,Clear,Summer,6.1,113.47425713103235,53,14.1,12.5
"March 30, 2024",37.1,24.4,36.5,0.0,33.7,Clear,Summer,2.9,12.8,60,21.5,13.3
2024-03-31,35.1,23.8,34.8,0.0,31.2,Clear,Summer,9.7,34.0,50,22.2,14.5
2024-04-01,37.8,31.4,37.0,0.0,31.4,Clear,Summer,10.3,49.3,50,27.3,13.3
2024-04-02,37.9,20.4,34.3,0.0,31.7,Clear,Summer,4.5,7.5,50,18.9,13.0
2024-04-03,40.8,27.0,37.8,0.0,27.5,Heatwave,Summer,2.7,19.6,160,24.4,14.0
"April 04, 2024",33.5,21.2,31.7,1.7,25.0,Clear,Summer,7.6,8.4,50,18.3,14.3
"April 05, 2024",40.4,32.0,40.1,0.0,45.1,Heatwave,Summer,10.4,12.2,140,28.2,14.6
2024-04-06,38.5,24.3,34.4,0.0,29.5,Clear,Summer,3.6,6.5,50,21.7,14.7
07/04/2024,41.1,23.5,39.3,0.0,30.1,Heatwave,Summer,,14.9,153,21.3,14.4
2024-04-08,37.7,21.8,37.7,0.0,25.0,Clear,Summer,,8.9,147,19.3,14.7
2024-04-09,37.3,26.7,37.4,0.0,47.1,Clear,Summer,8.8,8.3,61,22.5,13.4
2024-04-10,36.4,24.9,32.9,0.0,42.2,Clear,Summer,6.4,23.3,130,19.9,14.4
2024-04-11,38.0,21.3,32.8,1.7,43.6,Clear,Summer,2.9,105.59558693779711,57,17.7,13.3
2024-04-12,39.9,21.4,40.7,0.0,41.1,Clear,Summer,6.6,110.4,113,17.0,14.4
"April 13, 2024",37.7,28.1,38.6,0.0,27.7,Clear,Summer,10.2,25.9,50,26.4,13.8
"April 14, 2024",41.4,19.9,38.4,0.0,25.0,Heatwave,Summer,4.1,34.3,50,18.0,14.0
2024-04-15,33.4,18.0,29.7,0.0,25.0,Clear,Summer,8.5,23.1,135,,13.2
2024-04-16,35.8,26.5,34.5,0.0,28.8,Clear,Summer,5.9,129.46160449035776,61,23.1,14.0
17/04/2024,38.7,23.2,35.1,0.0,36.1,Clear,Summer,6.1,21.5,50,21.6,11.8
"April 18, 2024",43.0,23.9,40.6,0.0,25.0,Heatwave,Summer,4.5,11.1,113,19.9,14.5
2024-04-19,37.3,26.3,38.2,0.0,41.7,Clear,Summer,3.9,17.2,67,,14.7
20/04/2024,39.0,22.9,39.3,0.0,26.5,Clear,Summer,5.7,7.5,50,21.8,13.9
21/04/2024,40.7,24.0,39.2,0.0,45.6,Heatwave,Summer,3.0,15.2,116,20.2,10.3
22/04/2024,33.7,23.0,30.9,0.0,46.9,Clear,Summer,4.9,26.4,95,19.7,11.5
23/04/2024,33.2,26.8,30.4,0.0,31.3,Clear,Summer,4.0,31.6,94,24.3,13.0
2024-04-24,37.1,24.6,36.3,0.0,25.0,Clear,Summer,2.1,8.6,101,,14.6
25/04/2024,37.7,27.6,39.4,0.0,32.6,Clear,Summer,3.2,27.6,127,22.9,14.7
26/04/2024,39.4,20.3,39.3,0.0,36.3,Clear,Summer,8.4,14.0,61,16.2,14.8
27/04/2024,35.9,28.4,33.5,0.0,25.0,Clear,Summer,4.7,30.5,98,24.9,14.8
"April 28, 2024",33.6,22.9,32.9,0.0,26.7,Clear,Summer,9.6,14.7,80,17.9,14.2
2024-04-29,43.6,20.8,42.9,0.0,31.9,Heatwave,Summer,7.9,10.9,116,18.1,14.9
30/04/2024,42.0,24.2,46.2,0.0,38.6,Heatwave,Summer,10.5,28.4,118,20.8,14.7
01/05/2024,34.6,18.1,34.8,0.0,25.0,Clear,Summer,6.0,10.8,151,14.4,14.9
2024-05-02,35.6,20.1,33.3,0.0,31.7,Clear,Summer,3.0,67.6,52,15.2,14.4
2024-05-03,35.1,19.4,31.0,0.0,32.9,Clear,Summer,7.1,14.1,75,15.6,14.6
"May 04, 2024",41.1,20.3,40.2,0.0,32.9,Heatwave,Summer,,8.5,217,,13.4
2024-05-05,34.6,27.1,33.7,0.0,25.0,Clear,Summer,6.6,78.2,66,22.2,14.6
2024-05-06,39.5,20.5,39.4,0.0,25.8,Clear,Summer,2.7,20.3,106,16.4,14.8
2024-05-07,40.6,26.7,38.5,0.0,30.8,Heatwave,Summer,8.0,12.9,53,22.7,14.6
2024-05-08,41.6,29.4,40.7,0.0,25.1,Heatwave,Summer,10.6,31.8,90,28.2,14.5
2024-05-09,35.4,22.7,37.0,0.0,25.0,Clear,Summer,7.3,18.6,69,18.9,13.4
10/05/2024,36.8,24.2,37.1,0.0,25.0,Clear,Summer,3.3,11.3,50,21.1,15.0
"May 11, 2024",43.4,26.9,41.5,0.0,34.1,Heatwave,Summer,9.0,14.7,108,24.9,14.5
2024-05-12,37.3,24.1,39.4,0.0,25.0,Clear,Summer,5.0,18.5,51,21.1,13.9
2024-05-13,39.1,24.3,38.7,0.0,42.3,Clear,Summer,10.4,16.1,89,21.9,14.4
2024-05-14,37.5,21.9,36.5,0.0,44.9,Clear,Summer,3.8,26.5,101,18.4,14.8
"May 15, 2024",37.1,28.5,39.3,0.0,45.3,Clear,Summer,6.9,6.1,50,25.1,14.8
2024-05-16,36.7,30.3,34.6,3.2,25.0,Clear,Summer,,33.0,50,28.9,13.6
2024-05-17,35.6,24.2,33.8,0.0,25.4,Clear,Summer,2.9,16.3,61,22.2,14.8
2024-05-18,36.7,24.6,34.8,0.0,41.2,Clear,Summer,,20.6,68,20.4,14.8
19/05/2024,38.0,21.0,35.9,0.0,27.9,Clear,Summer,4.8,5.7,50,16.6,13.9
"May 20, 2024",42.0,20.2,46.3,0.0,34.8,Heatwave,Summer,,11.8,116,18.6,12.3
2024-05-21,37.8,26.1,36.5,0.0,25.0,Clear,Summer,4.2,44.2,97,,11.1
2024-05-22,38.3,25.8,39.7,0.0,30.5,Clear,Summer,3.5,31.0,168,21.4,14.4
2024-05-23,39.9,43.913312203043645,36.9,0.0,25.0,Clear,Summer,3.2,21.3,111,17.6,14.9
"May 24, 2024",33.4,26.3,35.1,0.0,25.6,Clear,Summer,9.8,14.8,50,24.3,14.6
"May 25, 2024",40.1,22.9,37.4,0.0,25.0,Heatwave,Summer,5.0,8.9,120,21.6,13.0
2024-05-26,39.1,21.8,37.4,0.0,37.9,Clear,Summer,10.7,10.4,105,,13.9
2024-05-27,38.8,23.5,37.6,0.0,39.0,Clear,Summer,6.9,38.0,50,22.2,14.5
2024-05-28,37.3,22.1,35.4,0.0,31.8,Clear,Summer,,30.1,110,18.0,14.8
29/05/2024,39.5,20.2,38.8,0.0,35.1,Clear,Summer,7.9,7.3,85,17.0,14.7
2024-05-30,42.9,25.9,40.1,0.7,25.1,Heatwave,Summer,3.8,13.2,82,22.2,12.0
"May 31, 2024",40.8,26.2,38.6,0.0,28.1,Heatwave,Summer,5.1,32.8,165,,14.9
"June 01, 2024",29.5,27.3,27.0,0.0,28.8,Clear,Monsoon,,8.7,63,22.5,14.3
02/06/2024,40.3,23.7,40.4,12.9,48.9,Rain,Monsoon,2.1,44.1,50,19.2,12.2
2024-06-03,32.8,24.1,30.7,8.3,25.0,Rain,Monsoon,7.8,51.2,85,22.0,11.8
04/06/2024,33.4,31.4,32.7,4.6,25.0,Clear,Monsoon,2.9,141.58513517467918,149,,13.5
"June 05, 2024",33.2,27.8,33.5,39.7,70.4,Heavy_Rain,Monsoon,6.9,11.1,50,,5.7
06/06/2024,31.6,22.3,32.2,26.5,54.3,Rain,Monsoon,8.5,27.1,65,18.7,9.0
"June 07, 2024",34.4,24.7,34.4,7.1,33.2,Rain,Monsoon,9.1,13.0,73,21.8,13.5
08/06/2024,38.6,23.4,36.1,66.0,85.4,Heavy_Rain,Monsoon,8.1,6.0,67,18.4,1.6
2024-06-09,30.6,24.8,29.9,0.0,36.3,Clear,Monsoon,6.7,15.0,95,21.9,13.3
10/06/2024,31.6,24.4,31.2,0.0,25.0,Clear,Monsoon,,13.2,90,23.1,13.3
2024-06-11,30.5,24.3,30.7,7.1,31.9,Rain,Monsoon,,97.6,70,21.0,13.4
2024-06-12,33.1,27.7,30.1,0.0,33.8,Clear,Monsoon,4.7,53.7,50,22.9,14.9
"June 13, 2024",38.9,26.7,38.9,5.5,31.8,Rain,Monsoon,10.2,7.8,50,22.2,13.2
2024-06-14,31.5,24.0,28.9,16.6,42.6,Rain,Monsoon,4.7,19.8,103,19.4,8.6
2024-06-15,38.4,28.2,39.5,0.0,48.0,Clear,Monsoon,,22.0,50,26.3,11.4
2024-06-16,40.0,27.9,42.2,0.0,35.0,Clear,Monsoon,2.7,5.4,90,26.9,13.8
2024-06-17,38.5,22.3,38.4,0.0,34.3,Clear,Monsoon,9.9,39.7,112,18.5,14.6
"June 18, 2024",34.9,28.3,36.7,20.4,46.1,Rain,Monsoon,6.9,8.3,109,25.1,9.0
2024-06-19,35.6,26.0,38.2,2.9,36.7,Clear,Monsoon,6.7,15.4,99,24.2,12.9
2024-06-20,33.6,23.5,33.2,0.0,25.0,Clear,Post_Monsoon,,8.6,50,19.9,14.8
2024-06-21,33.4,24.3,30.9,0.0,33.1,Clear,Monsoon,4.5,13.9,76,21.4,13.2
2024-06-22,36.9,25.1,35.4,0.0,29.5,Clear,Monsoon,7.8,92.5,50,21.2,13.1
23/06/2024,34.8,24.7,34.0,0.0,35.4,Clear,Monsoon,6.8,29.8,50,23.7,14.3
2024-06-24,36.0,25.4,37.9,26.8,47.3,RAIN,Summer,10.9,16.4,50,23.5,7.8
"June 25, 2024",33.4,27.1,35.2,0.0,37.1,Clear,Monsoon,5.8,12.1,94,26.0,14.4
26/06/2024,32.3,27.7,32.9,2.7,36.6,Clear,Monsoon,,10.5,50,25.3,13.9
2024-06-27,33.0,24.5,31.1,0.0,36.9,Clear,Monsoon,10.3,5.5,64,23.3,14.2
"June 28, 2024",33.5,37.41367035629497,35.0,72.3,93.2,Heavy_Rain,Monsoon,6.6,18.8,63,22.8,0.5
"June 29, 2024",36.2,26.1,36.3,31.2,57.2,Heavy_Rain,Monsoon,2.7,22.5,58,23.9,8.3
2024-06-30,34.0,23.7,35.6,24.8,54.6,Rain,Monsoon,8.5,17.2,67,21.1,7.6
2024-07-01,36.0,28.0,35.5,0.0,25.0,Clear,Monsoon,6.8,24.1,87,23.3,13.0
2024-07-02,37.4,22.2,38.1,19.5,40.9,Rain,Monsoon,10.5,13.7,50,19.6,10.0
"July 03, 2024",40.5,25.9,39.3,26.9,52.3,Rain,Monsoon,4.5,9.1,66,21.7,9.2
04/07/2024,34.8,27.8,31.1,13.2,46.8,Rain,Monsoon,6.1,119.55609235239899,61,26.5,12.0
2024-07-05,35.9,25.9,33.7,0.0,25.0,Clear,Monsoon,7.0,14.6,50,22.7,14.7
06/07/2024,29.4,24.9,33.4,49.1,67.1,Heavy_Rain,Monsoon,4.4,5.4,56,22.0,5.1
2024-07-07,32.3,22.9,30.9,55.5,69.7,Heavy_Rain,Monsoon,6.0,54.0,66,19.4,3.1
2024-07-08,34.3,24.0,34.4,0.0,30.9,Clear,Monsoon,,37.3,123,19.9,13.3
09/07/2024,34.5,25.9,33.5,34.1,58.4,Heavy_Rain,Monsoon,8.3,51.9,144,23.3,8.2
10/07/2024,36.3,24.8,33.4,0.0,31.7,Clear,Monsoon,5.8,60.8,50,21.7,13.6
2024-07-11,29.7,23.0,30.5,0.0,33.3,Clear,Monsoon,9.4,8.7,111,20.4,13.7
2024-07-12,33.9,28.5,36.1,24.6,72.4,Rain,Monsoon,6.2,7.8,118,26.4,6.8
2024-07-13,37.7,26.4,36.6,0.0,41.5,Clear,Monsoon,10.9,15.1,63,24.9,14.6
"July 14, 2024",31.4,24.4,32.8,5.5,36.3,Rain,Monsoon,5.4,7.5,85,20.8,13.4
2024-07-15,35.0,26.4,34.7,18.9,43.4,Rain,Monsoon,8.3,12.1,154,23.5,10.4
2024-07-16,32.5,27.5,32.0,0.0,29.0,Clear,Monsoon,4.0,29.4,101,23.6,14.5
2024-07-17,39.4,27.6,41.3,36.0,60.5,Heavy_Rain,Monsoon,7.9,27.7,113,25.4,7.2
2024-07-18,33.4,20.5,28.0,0.0,39.0,Clear,Monsoon,3.3,13.7,81,18.1,14.1
2024-07-19,31.6,26.8,32.1,1.8,37.8,Clear,Monsoon,5.5,7.6,53,23.3,13.7
2024-07-20,30.8,22.0,33.6,50.0,82.8,Heavy_Rain,Monsoon,4.0,26.0,50,20.4,3.8
2024-07-21,28.7,26.2,27.3,21.9,41.0,Rain,Monsoon,2.6,14.2,60,24.9,9.9
2024-07-22,36.3,22.7,37.4,0.0,26.0,Clear,Monsoon,2.5,21.7,63,21.4,14.4
2024-07-23,37.1,24.1,38.2,23.1,38.4,Rain,Monsoon,,10.8,50,20.2,10.0
24/07/2024,37.5,25.4,41.0,113.2,98.0,Heavy_Rain,Monsoon,10.4,26.1,50,24.1,0.5
2024-07-25,33.5,22.5,32.5,0.0,30.0,Clear,Monsoon,2.3,12.2,62,,14.3
2024-07-26,33.5,27.5,35.7,30.0,61.7,Rain,Monsoon,2.6,13.6,148,25.2,8.3
2024-07-27,35.8,26.0,37.4,0.0,32.3,Clear,Monsoon,3.4,5.1,50,23.5,11.8
"July 28, 2024",39.7,22.8,41.3,0.0,34.9,Clear,Monsoon,8.4,15.0,132,20.6,14.4
2024-07-29,33.2,30.4,30.4,0.0,39.2,Clear,Monsoon,2.6,15.5,54,27.5,12.6
30/07/2024,33.8,24.5,34.5,23.5,55.5,Rain,Monsoon,9.7,16.6,103,20.5,8.2
2024-07-31,36.2,26.7,38.0,0.0,31.2,Clear,Monsoon,5.9,27.2,96,24.4,15.0
2024-08-01,31.8,23.7,33.7,9.7,45.5,Rain,Monsoon,3.9,25.0,50,19.7,12.9
"August 02, 2024",33.1,23.6,31.0,0.0,26.0,Clear,Monsoon,3.9,40.1,70,18.6,13.8
2024-08-03,39.4,23.5,38.4,0.0,25.0,Clear,Monsoon,9.6,13.6,115,19.0,15.0
"August 04, 2024",32.0,24.9,29.4,0.0,25.0,Clear,Monsoon,,6.5,141,21.6,13.5
05/08/2024,32.1,25.4,31.9,0.0,37.2,Clear,Monsoon,5.9,12.4,106,20.7,14.9
2024-08-06,37.4,26.6,37.7,0.0,31.6,Clear,Monsoon,5.3,25.8,50,23.8,14.7
2024-08-07,33.0,26.2,30.0,0.0,25.0,Clear,Monsoon,5.5,36.0,88,24.9,14.3
2024-08-08,38.4,24.7,36.6,1.7,33.9,Clear,Monsoon,,5.9,90,20.3,12.0
2024-08-09,36.8,24.6,38.8,18.6,47.4,Rain,Monsoon,3.4,9.7,136,20.4,10.8
"August 10, 2024",33.8,25.2,32.4,32.3,54.4,Heavy_Rain,Monsoon,9.3,62.8,50,22.4,8.5
"August 11, 2024",32.8,25.7,30.4,0.0,37.9,Clear,Monsoon,3.4,23.8,81,22.1,14.8
2024-08-12,39.6,27.9,38.3,0.0,36.0,Clear,Summer,,12.9,56,25.1,14.9
"August 13, 2024",30.0,25.7,26.5,0.0,25.0,Clear,Monsoon,10.0,14.6,83,23.8,14.9
2024-08-14,27.4,23.4,29.9,72.2,92.7,Heavy_Rain,Monsoon,6.7,28.3,76,21.1,0.5
2024-08-15,29.3,23.7,29.9,17.5,49.6,raining,Monsoon,2.3,49.5,70,19.5,11.5
"August 16, 2024",36.3,27.2,35.6,14.5,39.2,raining,Monsoon,10.5,20.5,136,26.2,10.3
2024-08-17,33.4,22.7,28.8,1.2,25.0,Clear,Post_Monsoon,9.0,43.8,86,19.8,14.4
"August 18, 2024",32.3,25.3,30.3,4.2,26.3,Clear,Monsoon,7.3,10.7,107,20.8,13.7
"August 19, 2024",36.1,23.9,36.2,0.0,43.1,Clear,Monsoon,2.9,5.0,111,21.8,12.0
20/08/2024,28.8,26.3,26.6,0.0,36.2,Clear,Monsoon,9.8,15.0,50,21.8,14.8
"August 21, 2024",33.2,27.8,35.8,35.4,63.6,Heavy_Rain,Monsoon,5.1,8.9,50,24.6,5.5
2024-08-22,36.6,27.4,35.0,0.0,27.2,Clear,Monsoon,2.9,15.1,138,,14.7
2024-08-23,31.6,25.9,31.6,0.5,35.3,Clear,Monsoon,,9.4,161,21.1,14.2
24/08/2024,29.6,24.3,29.6,22.1,40.2,Rain,Monsoon,,34.2,82,22.5,9.5
"August 25, 2024",34.6,23.8,32.8,3.1,42.3,Clear,Monsoon,3.7,8.8,73,21.0,14.3
26/08/2024,31.2,23.9,32.9,26.0,57.0,raining,Monsoon,2.8,13.2,118,19.6,9.8
27/08/2024,38.6,23.8,39.3,0.0,31.4,Clear,Monsoon,2.4,46.5,93,19.6,14.7
2024-08-28,34.4,23.6,32.1,0.0,25.0,Clear,Monsoon,5.4,40.3,76,20.4,15.0
29/08/2024,32.3,27.5,32.8,0.0,32.5,Clear,Monsoon,9.6,59.3,50,,14.0
30/08/2024,34.6,23.9,35.1,29.5,62.5,Rain,Monsoon,8.2,67.9,147,19.6,8.2
2024-08-31,34.3,25.8,32.2,35.0,64.3,Heavy_Rain,Monsoon,10.6,9.8,51,24.1,6.8
01/09/2024,36.8,24.3,34.1,0.0,38.0,Clear,Monsoon,10.3,19.9,62,20.8,14.4
2024-09-02,33.0,27.8,36.3,107.5,98.0,Heavy_Rain,Monsoon,3.4,31.3,50,23.1,0.5
2024-09-03,33.1,22.7,28.8,0.0,29.5,Clear,Monsoon,8.8,5.1,50,,12.8
2024-09-04,35.1,23.3,35.7,0.0,39.4,Clear,Post_Monsoon,5.4,61.6,67,20.4,14.5
2024-09-05,33.5,35.92219957121615,30.0,0.0,25.0,Clear,Monsoon,3.1,24.0,50,20.4,14.4
"September 06, 2024",33.4,23.0,31.8,8.7,25.0,Rain,Monsoon,6.9,40.0,115,20.0,13.0
2024-09-07,34.0,27.2,30.6,0.0,28.0,Clear,Monsoon,11.0,28.6,50,,14.6
2024-09-08,37.8,25.7,37.4,20.9,53.4,Rain,Monsoon,10.7,12.6,101,21.5,10.6
09/09/2024,34.9,27.0,34.1,0.0,25.0,Clear,Monsoon,4.4,34.5,159,24.5,14.0
"September 10, 2024",35.4,23.3,34.4,0.0,41.3,Clear,Monsoon,3.0,7.5,90,19.6,14.4
"September 11, 2024",34.7,22.2,41.6,98.4,98.0,Heavy_Rain,Monsoon,9.2,15.5,115,,0.5
12/09/2024,36.0,25.3,32.0,0.0,44.3,Clear,Monsoon,10.6,16.3,72,22.1,14.1
2024-09-13,38.6,25.1,36.9,5.5,46.2,raining,Post_Monsoon,9.6,5.2,77,21.7,10.4
2024-09-14,38.7,25.1,41.0,14.6,36.4,Rain,Monsoon,8.6,72.8,81,21.5,11.5
2024-09-15,32.3,26.9,35.0,126.6,98.0,Heavy_Rain,Monsoon,4.7,9.9,89,22.0,0.5
16/09/2024,31.4,23.7,28.3,0.0,25.6,Clear,Monsoon,9.3,14.4,100,19.9,14.6
17/09/2024,34.0,22.3,32.1,0.0,26.7,Clear,Monsoon,9.6,9.1,95,19.0,13.0
18/09/2024,36.9,23.9,37.2,6.3,31.1,RAIN,Monsoon,6.2,10.7,94,,11.8
2024-09-19,31.0,26.0,30.5,9.7,50.2,Rain,Monsoon,2.6,20.8,50,22.7,12.2
"September 20, 2024",34.5,23.6,34.8,27.9,62.6,Rain,Monsoon,,29.5,77,21.2,8.8
2024-09-21,32.4,22.5,32.5,28.8,42.9,RAIN,Monsoon,4.4,9.7,50,20.2,8.9
"September 22, 2024",34.7,27.9,33.2,0.0,38.5,Clear,Monsoon,10.6,5.1,90,26.9,14.5
2024-09-23,32.1,24.2,32.7,0.0,25.0,Clear,Monsoon,2.8,39.6,105,23.2,14.3
2024-09-24,40.2,25.4,36.8,3.7,28.5,Heatwave,Monsoon,2.4,40.0,154,24.1,13.7
2024-09-25,32.3,23.9,32.9,0.0,27.8,Clear,Monsoon,5.8,12.9,142,21.0,15.0
2024-09-26,39.4,25.3,38.2,0.0,37.2,Clear,Monsoon,10.5,19.3,50,21.5,13.3
27/09/2024,33.5,24.9,33.0,51.7,70.4,Heavy_Rain,Monsoon,2.2,9.7,90,,3.5
"September 28, 2024",33.6,27.4,35.1,0.0,35.4,Clear,Monsoon,9.7,23.8,89,25.7,14.8
29/09/2024,38.1,23.9,37.5,63.6,71.0,Heavy_Rain,Monsoon,5.4,5.1,148,21.1,0.9
2024-09-30,38.1,25.8,39.4,1.1,32.4,Clear,Monsoon,6.2,6.4,108,22.9,13.4
2024-10-01,29.5,34.13217374592838,27.7,0.0,25.0,Clear,Post_Monsoon,5.1,17.6,178,22.6,14.2
02/10/2024,27.1,19.3,26.7,0.0,37.1,Clear,Post_Monsoon,7.2,14.5,50,17.1,14.9
2024-10-03,33.6,14.7,31.5,0.0,31.3,Clear,Post_Monsoon,10.4,6.8,128,11.6,13.8
2024-10-04,28.8,20.8,28.2,0.0,27.3,Clear,Post_Monsoon,2.5,7.2,77,17.1,14.7
05/10/2024,32.7,15.2,33.9,8.0,43.2,Rain,Post_Monsoon,2.0,30.4,60,13.8,13.3
"October 06, 2024",22.8,20.0,22.6,0.0,26.7,Clear,Post_Monsoon,11.0,22.0,72,17.6,14.9
2024-10-07,28.2,13.4,25.0,0.0,31.4,Clear,Post_Monsoon,10.6,9.5,55,,12.3
08/10/2024,30.2,18.8,29.9,0.0,31.5,Clear,Post_Monsoon,3.2,11.7,82,15.1,13.4
"October 09, 2024",30.3,15.0,27.5,0.0,29.8,Clear,Post_Monsoon,10.9,49.9,70,12.6,14.8
10/10/2024,36.6,12.7,36.0,0.0,38.6,Clear,Post_Monsoon,,40.7,115,11.6,14.8
"October 11, 2024",27.2,14.2,24.4,0.0,35.8,Clear,Post_Monsoon,5.4,27.5,98,9.8,14.6
"October 12, 2024",31.9,24.1,30.2,-1.0,29.7,Clear,Post_Monsoon,8.5,6.5,157,,14.7
13/10/2024,29.3,18.9,27.7,0.0,33.6,Clear,Post_Monsoon,3.2,8.5,50,17.1,14.5
2024-10-14,31.0,18.0,30.4,0.0,29.5,Clear,Post_Monsoon,3.1,17.2,77,13.0,12.0
15/10/2024,25.6,18.7,23.5,0.0,25.0,Clear,Post_Monsoon,4.5,5.4,50,16.9,11.4
2024-10-16,29.1,18.3,28.6,0.0,46.6,Clear,Post_Monsoon,6.1,10.1,124,16.1,14.0
17/10/2024,28.5,14.3,28.5,0.0,26.7,Clear,Post_Monsoon,4.4,15.9,99,12.2,13.4
2024-10-18,32.9,21.3,36.4,59.3,84.0,Heavy_Rain,Post_Monsoon,2.8,13.1,120,19.6,2.8
2024-10-19,31.5,13.1,31.8,0.0,32.4,Clear,Post_Monsoon,3.4,33.6,91,11.3,11.7
2024-10-20,26.7,21.2,26.4,0.0,27.0,Clear,Post_Monsoon,8.3,10.4,60,19.4,13.8
2024-10-21,30.1,16.9,30.0,0.0,39.3,Clear,Post_Monsoon,8.1,30.5,50,,13.1
22/10/2024,28.4,15.0,28.9,0.0,25.0,Clear,Post_Monsoon,8.3,10.1,133,10.3,13.4
"October 23, 2024",28.6,16.7,31.6,1.0,25.0,Clear,Post_Monsoon,2.3,6.6,102,13.9,11.6
2024-10-24,36.5,15.8,40.1,0.0,34.8,Clear,Post_Monsoon,3.6,11.5,50,11.0,14.6
2024-10-25,32.4,15.5,30.5,0.0,30.3,Clear,Post_Monsoon,8.8,10.1,150,13.0,14.7
26/10/2024,33.1,19.9,31.1,0.0,25.0,Clear,Post_Monsoon,8.7,35.6,57,16.6,12.2
2024-10-27,35.0,17.6,35.5,0.0,26.0,Clear,Post_Monsoon,5.6,12.9,278,16.2,13.6
2024-10-28,30.5,19.1,28.5,-1.0,34.0,Clear,Post_Monsoon,6.7,5.6,283,14.9,14.9
29/10/2024,29.4,22.9,26.0,0.0,31.7,Clear,Post_Monsoon,4.3,87.3,358,19.5,13.9
2024-10-30,32.2,19.9,32.8,8.9,43.3,Rain,Post_Monsoon,5.7,45.8,315,16.6,12.8
2024-10-31,31.5,23.8,32.0,0.0,30.0,Clear,Post_Monsoon,3.7,5.4,323,19.2,13.8
01/11/2024,37.8,17.3,37.0,9.4,54.7,Rain,Post_Monsoon,7.5,13.2,343,15.5,12.8
2024-11-02,27.8,14.0,28.3,0.0,32.5,Clear,Post_Monsoon,3.0,22.2,276,11.2,13.2
03/11/2024,26.6,21.5,26.0,0.0,25.0,Clear,Post_Monsoon,3.5,6.1,288,,13.4
2024-11-04,29.4,22.6,30.3,25.3,42.0,Rain,Post_Monsoon,,9.4,328,20.6,9.3
2024-11-05,28.1,14.0,29.9,0.4,39.6,Clear,Post_Monsoon,4.4,14.1,356,,12.9
"November 06, 2024",33.5,13.8,33.1,8.8,46.7,Rain,Post_Monsoon,4.4,5.1,266,12.2,12.9
2024-11-07,26.2,16.0,21.1,0.0,30.6,Clear,Post_Monsoon,5.8,25.0,50,11.0,13.3
2024-11-08,32.6,18.3,32.0,0.0,47.9,Clear,Post_Monsoon,5.2,35.6,59,13.5,10.8
2024-11-09,31.8,17.8,34.1,0.0,32.8,Clear,Post_Monsoon,,13.7,50,13.9,14.5
2024-11-10,31.5,16.7,31.2,1.7,32.7,Clear,Post_Monsoon,,5.4,75,,14.6
2024-11-11,30.7,19.4,28.5,0.0,37.6,Clear,Post_Monsoon,4.1,6.9,134,,14.5
2024-11-12,30.6,21.4,23.2,0.0,36.8,Clear,Post_Monsoon,5.0,57.8,93,18.3,14.6
2024-11-13,30.5,20.8,27.9,0.0,33.7,Clear,Post_Monsoon,7.0,12.5,112,17.6,11.4
2024-11-14,34.3,17.0,31.3,0.0,29.4,Clear,Post_Monsoon,4.3,22.5,50,15.0,12.1
15/11/2024,35.2,17.5,33.4,0.0,36.7,Clear,Post_Monsoon,4.2,11.4,69,14.6,10.3
2024-11-16,34.2,16.1,33.8,0.0,40.6,Clear,Post_Monsoon,10.8,25.2,50,11.2,8.2
2024-11-17,33.4,22.3,32.3,-1.0,25.5,Clear,Post_Monsoon,4.1,94.2,56,19.6,12.5
18/11/2024,36.6,19.1,36.0,0.0,34.0,Clear,Post_Monsoon,9.7,5.0,50,17.2,15.0
19/11/2024,23.7,12.6,21.3,0.0,25.0,Clear,Post_Monsoon,,11.6,132,,13.3
"November 20, 2024",32.4,15.3,29.8,13.9,46.7,Rain,Post_Monsoon,,9.6,50,12.4,9.7
21/11/2024,29.8,20.2,29.5,0.0,36.2,Thunderstorm,Post_Monsoon,9.6,14.5,118,16.9,14.8
2024-11-22,34.2,19.6,35.5,11.1,44.3,Rain,Post_Monsoon,5.4,27.5,151,17.4,10.8
2024-11-23,32.6,17.3,33.0,0.0,26.7,Clear,Post_Monsoon,7.6,9.9,50,15.3,14.6
2024-11-24,34.5,21.8,35.4,0.0,25.2,Clear,Post_Monsoon,8.1,16.6,50,,10.6
2024-11-25,31.0,16.7,29.5,15.6,50.9,Rain,Post_Monsoon,10.0,9.1,99,,11.1
2024-11-26,27.3,16.5,24.4,0.0,25.0,Clear,Post_Monsoon,10.7,33.9,50,,13.0
"November 27, 2024",32.3,19.4,30.6,6.7,25.0,Rain,Post_Monsoon,10.8,6.2,125,14.4,13.1
28/11/2024,29.8,24.5,31.7,39.6,74.8,Heavy_Rain,Post_Monsoon,,8.5,101,,6.4
2024-11-29,34.9,12.2,31.4,0.0,25.0,Clear,Post_Monsoon,4.8,15.2,50,8.8,14.7
2024-11-30,31.3,13.3,29.9,18.5,40.9,Rain,Post_Monsoon,6.3,8.6,128,8.4,10.1
2024-12-01,19.0,8.2,17.6,0.0,25.0,Clear,Winter,,37.8,76,5.8,13.2
"December 02, 2024",19.1,7.9,21.0,16.9,52.8,Rain,Winter,4.7,37.0,95,5.3,7.9
2024-12-03,17.7,9.3,16.2,0.0,25.0,Clear,Winter,7.2,20.4,109,5.8,12.6
2024-12-04,13.5,9.2,12.6,6.4,30.6,Rain,Winter,13.923953197630887,50.0,69,5.9,11.2
2024-12-05,19.8,11.8,18.9,1.4,27.5,Clear,Winter,10.7,28.8,92,9.9,14.1
06/12/2024,23.0,7.1,23.3,0.0,51.2,Clear,Winter,10.5,16.8,73,3.8,14.5
2024-12-07,24.9,6.1,23.9,0.0,32.7,Clear,Winter,9.4,45.0,80,3.9,13.9
2024-12-08,22.3,5.4,19.9,0.0,25.0,Clear,Winter,4.0,6.0,136,1.9,13.3
2024-12-09,17.8,7.6,14.6,0.0,34.1,Clear,Winter,3.3,64.4,59,3.8,13.4
2024-12-10,15.0,9.0,14.1,0.0,29.9,Clear,Winter,,31.9,52,5.0,14.5
2024-12-11,21.4,3.3,20.2,0.0,32.0,Clear,Winter,5.5,11.6,88,0.2,14.9
2024-12-12,23.4,6.8,19.8,0.0,27.7,Clear,Winter,,17.9,88,4.7,14.4
"December 13, 2024",18.0,6.0,15.3,0.0,32.2,Clear,Winter,4.8,20.1,142,1.1,13.6
2024-12-14,22.6,11.8,23.9,0.0,31.2,Clear,Winter,10.5,8.2,100,10.3,12.6
2024-12-15,22.1,9.3,21.3,0.0,30.4,Clear,Winter,,12.3,73,6.7,14.9
2024-12-16,17.3,11.0,14.5,0.0,25.0,Clear,Winter,8.5,54.5,50,8.4,14.9
2024-12-17,20.8,5.8,16.3,0.0,28.0,Clear,Winter,4.0,43.0,74,4.6,14.9
2024-12-18,16.1,9.4,13.2,0.0,36.4,Clear,Winter,10.9,20.6,128,,14.6
2024-12-19,18.7,11.5,18.2,0.0,30.8,Clear,Winter,8.3,27.6,50,9.9,14.4
2024-12-20,24.7,9.7,23.2,0.0,35.9,Clear,Winter,9.5,28.4,50,,14.2
21/12/2024,19.6,10.0,15.2,0.0,25.0,Clear,Winter,3.6,34.4,96,6.7,13.5
22/12/2024,22.9,6.5,21.3,0.0,32.7,Clear,Winter,8.9,20.2,89,5.4,12.9
2024-12-23,12.8,9.2,12.7,0.0,28.5,Cloudy,Winter,4.9,8.9,56,,14.7
24/12/2024,18.8,8.8,20.5,0.0,36.1,Clear,Winter,5.3,25.3,50,4.5,14.3
25/12/2024,20.7,6.9,24.0,0.0,27.7,Clear,Winter,9.7,17.0,93,3.2,14.4
2024-12-26,17.5,10.7,16.3,0.0,42.4,Clear,Winter,,5.0,50,8.1,14.7
2024-12-27,18.6,14.3,19.5,1.3,25.0,Clear,Winter,4.6,18.1,50,9.6,14.5
2024-12-28,21.2,5.1,18.0,0.0,26.8,Clear,Winter,8.8,11.5,114,0.9,13.5
"December 29, 2024",20.4,25.243079975560107,18.6,0.0,40.0,Clear,Winter,3.0,9.9,67,11.7,15.0
2024-12-30,17.7,12.3,18.1,0.0,33.1,Clear,Winter,8.1,22.7,113,8.5,14.4
2024-12-31,25.8,9.8,26.2,0.0,36.5,Clear,Winter,5.5,20.9,117,8.3,14.9
01/01/2025,18.2,6.8,18.0,0.0,34.1,Clear,Winter,6.5,11.4,58,,14.5
2025-01-02,22.3,6.6,21.3,0.0,27.2,Clear,Winter,6.8,12.1,173,1.8,14.2
2025-01-03,23.2,12.4,17.0,6.5,25.0,Rain,Winter,7.1,31.6,97,10.4,12.9
04/01/2025,16.1,6.5,14.0,0.0,25.0,Clear,Winter,6.0,60.7,84,4.6,14.7
2025-01-05,18.7,9.7,14.9,0.0,25.4,Clear,Winter,10.3,22.7,64,5.4,13.9
2025-01-06,29.1,11.1,29.4,0.0,25.0,Clear,Winter,4.9,27.5,163,8.5,14.9
2025-01-07,19.6,6.9,18.4,0.0,39.3,Clear,Winter,5.2,10.7,85,2.9,14.6
2025-01-08,14.4,7.6,16.5,0.0,28.8,Fog,Winter,10.5,38.6,50,4.6,1.3
2025-01-09,8.2,6.2,11.4,0.0,44.1,Fog,Winter,5.0,25.0,123,2.7,1.5
2025-01-10,17.7,12.5,15.5,0.0,25.0,Clear,Winter,5.0,10.8,65,8.7,14.7
11/01/2025,19.5,8.0,18.4,0.0,37.1,Clear,Winter,6.5,17.6,96,3.9,14.6
12/01/2025,20.6,13.4,19.9,0.0,25.0,Clear,Winter,7.9,10.0,166,8.8,12.9
"January 13, 2025",17.0,19.25365124392018,13.4,0.0,35.0,Clear,Winter,9.8,13.1,50,6.9,14.2
2025-01-14,26.4,15.9,29.8,0.0,25.0,Clear,Winter,6.7,12.0,153,12.2,13.9
15/01/2025,23.4,15.0,22.1,0.0,25.0,Clear,Winter,8.4,9.5,69,12.8,14.8
"January 16, 2025",23.8,5.0,22.4,0.0,25.0,Clear,Winter,,6.9,54,2.5,13.1
2025-01-17,15.7,11.0,12.9,0.0,25.0,Clear,Winter,,26.5,50,9.3,14.3
"January 18, 2025",17.5,7.6,17.4,0.0,28.3,Clear,Winter,9.1,30.2,78,4.0,13.5
"January 19, 2025",19.3,10.6,19.6,0.0,33.6,Clear,Winter,7.2,6.9,93,8.4,14.4
2025-01-20,28.1,13.2,23.3,0.0,25.3,Clear,Winter,2.3,5.8,154,11.4,14.5
"January 21, 2025",15.8,9.6,12.3,0.0,29.1,Clear,Winter,8.0,6.0,134,7.0,12.4
2025-01-22,11.9,3.7,10.7,0.0,25.0,Cloudy,Winter,7.5,29.7,50,-1.0,15.0
23/01/2025,21.7,11.0,22.5,0.0,32.9,Clear,Winter,9.7,34.7,143,6.6,14.0
2025-01-24,16.3,6.9,18.4,0.0,25.0,Clear,Winter,3.7,16.4,107,,12.4
25/01/2025,26.6,10.3,28.9,0.0,25.2,Clear,Winter,,24.0,59,8.0,14.0
2025-01-26,15.2,10.6,20.0,0.0,39.6,Clear,Winter,2.7,17.7,108,,11.5
27/01/2025,23.2,15.7,23.5,0.0,37.1,Clear,Winter,2.0,59.8,75,,14.7
2025-01-28,19.1,13.0,18.9,0.0,25.0,Clear,Winter,9.6,15.0,133,11.4,15.0
29/01/2025,21.0,12.1,19.9,4.1,32.8,Clear,Winter,4.6,17.1,50,9.6,12.7
2025-01-30,24.9,10.8,23.1,0.0,25.0,Clear,Winter,8.3,15.5,65,9.3,14.5
"January 31, 2025",20.8,6.3,22.0,0.0,25.0,Clear,Winter,2.3,39.4,50,2.2,14.3
01/02/2025,16.6,12.0,17.1,0.0,32.3,Clear,Winter,10.0,44.0,134,7.7,14.6
"February 02, 2025",14.9,3.7,12.7,0.0,27.5,Clear,Winter,6.9,28.0,72,0.2,13.5
2025-02-03,20.3,6.1,19.9,0.0,25.0,Clear,Winter,,18.2,50,3.4,14.6
04/02/2025,18.0,8.8,16.5,0.0,25.0,Clear,Winter,10.6,14.6,120,5.3,13.0
2025-02-05,16.5,14.5,12.8,0.0,34.2,Clear,Winter,9.0,6.5,75,10.1,12.8
2025-02-06,14.1,7.2,15.1,0.0,38.7,Clear,Winter,3.6,50.6,97,,14.8
07/02/2025,24.9,9.4,20.8,0.0,25.0,Clear,Winter,10.8,8.5,100,6.6,14.7
08/02/2025,25.2,6.9,25.7,0.0,32.5,Clear,Winter,6.0,8.9,68,4.7,12.2
"February 09, 2025",21.9,10.9,19.8,0.0,25.0,Clear,Winter,9.4,8.5,126,7.5,14.6
10/02/2025,26.6,6.7,26.9,0.0,35.7,Clear,Winter,5.5,55.7,80,2.7,14.2
2025-02-11,22.5,9.7,19.0,0.0,25.0,Clear,Winter,10.6,18.6,95,7.4,13.5
"February 12, 2025",10.5,7.0,8.2,0.0,26.2,Clear,Winter,7.7,23.0,136,3.6,14.5
2025-02-13,20.1,10.5,13.8,0.0,26.3,Clear,Winter,9.4,7.2,57,8.6,14.8
"February 14, 2025",14.8,11.1,13.6,0.0,38.4,Clear,Winter,4.9,11.8,75,9.1,12.9
"February 15, 2025",16.8,19.871475976343234,15.3,0.0,27.0,Clear,Winter,3.2,17.1,114,,13.6
16/02/2025,22.4,7.6,21.9,0.0,36.3,Clear,Winter,,10.3,110,3.5,14.8
"February 17, 2025",15.7,12.1,16.8,0.0,41.8,Clear,Winter,4.0,6.1,118,9.1,14.7
2025-02-18,19.9,12.9,21.1,1.9,42.8,Clear,Winter,,28.3,115,9.2,10.1
2025-02-19,18.4,21.544285295484006,18.5,0.0,32.1,Clear,Winter,,11.1,124,-0.4,14.3
2025-02-20,20.9,5.3,22.3,0.0,35.6,Clear,Winter,6.4,111.02035979447656,129,,14.8
21/02/2025,18.4,7.3,17.1,1.0,32.0,Clear,Winter,,10.6,124,4.8,14.7
2025-02-22,22.5,12.4,20.7,0.0,35.0,Clear,Winter,3.5,68.1,50,9.0,14.8
2025-02-23,16.3,8.5,14.9,0.0,29.9,Clear,Winter,3.1,32.1,50,,14.2
24/02/2025,17.6,20.878649210881637,17.7,0.0,31.6,Clear,Winter,7.4,14.4,57,9.0,14.8
"February 25, 2025",15.5,6.9,16.7,0.0,30.4,Clear,Winter,3.9,14.6,156,4.0,14.9
"February 26, 2025",25.4,5.8,22.8,0.0,28.8,Clear,Winter,4.7,17.9,87,2.1,12.3
2025-02-27,22.2,10.7,20.9,0.0,30.4,Clear,Winter,6.0,17.2,129,6.5,13.5
2025-02-28,22.8,8.1,22.0,0.0,38.9,Clear,Winter,4.6,8.4,50,6.6,14.9
"March 01, 2025",39.2,26.3,39.4,0.0,38.0,Clear,Summer,6.8,11.9,109,21.5,13.5
2025-03-02,39.1,27.4,37.2,0.3,30.1,Clear,Summer,2.7,5.3,50,,14.3
2025-03-03,35.7,21.2,35.3,0.0,29.8,Clear,Summer,6.5,28.6,50,18.4,13.9
04/03/2025,37.0,22.4,36.1,0.0,36.2,Clear,Summer,3.9,23.9,50,17.5,14.6
"March 05, 2025",33.8,22.6,36.7,0.0,39.7,Clear,Summer,7.8,5.8,55,19.2,14.6
06/03/2025,34.4,21.1,36.4,0.0,25.0,Clear,Post_Monsoon,10.6,15.3,93,16.7,13.7
2025-03-07,37.1,26.2,38.3,0.0,26.6,Clear,Summer,4.9,17.7,112,23.8,12.7
08/03/2025,40.5,21.5,38.7,0.0,28.8,Heatwave,Summer,9.7,23.5,127,,11.9
2025-03-09,37.3,22.3,37.0,0.0,37.9,Clear,Summer,10.2,29.9,70,20.8,13.0
10/03/2025,41.3,22.1,41.9,0.0,25.0,Heatwave,Summer,7.0,29.8,83,19.0,13.8
"March 11, 2025",40.2,21.5,39.4,0.0,25.0,Heatwave,Summer,8.1,12.0,114,17.9,15.0
"March 12, 2025",41.4,22.2,41.8,0.0,37.6,Heatwave,Summer,10.9,11.8,100,17.2,14.7
"March 13, 2025",38.6,25.7,37.1,0.0,31.6,Clear,Summer,10.7,131.17586883827536,78,21.9,13.4
2025-03-14,35.7,25.5,35.6,0.0,25.0,Clear,Summer,9.7,69.2,89,24.4,14.9
2025-03-15,40.9,22.2,39.5,0.0,29.7,Heatwave,Summer,7.8,11.3,104,18.5,14.9
16/03/2025,36.8,25.0,34.9,0.0,25.0,Clear,Summer,3.6,7.8,75,20.2,14.4
17/03/2025,33.8,28.3,31.3,0.0,47.2,Clear,Summer,4.3,10.0,153,25.9,14.8
18/03/2025,43.7,26.1,41.6,0.0,25.0,Heatwave,Summer,6.5,17.1,127,,14.8
2025-03-19,36.2,23.6,37.5,0.0,40.7,Clear,Summer,2.6,35.6,88,20.4,14.3
20/03/2025,33.8,24.7,35.7,0.0,29.3,Thunderstorm,Summer,5.3,5.6,65,21.1,14.3
2025-03-21,33.5,19.9,29.2,0.8,25.2,Clear,Summer,6.8,5.4,105,16.3,12.7
22/03/2025,38.7,24.6,38.8,0.0,25.0,Clear,Summer,6.7,26.7,91,20.4,14.2
23/03/2025,36.7,22.1,30.6,0.0,37.8,Clear,Summer,8.7,16.9,55,17.9,12.4
2025-03-24,37.3,26.9,36.1,0.0,30.3,Clear,Summer,5.8,27.1,50,22.7,14.0
25/03/2025,36.0,25.3,34.1,0.0,38.1,Clear,Summer,,20.7,54,22.8,14.7
2025-03-26,32.6,21.9,28.9,0.0,25.0,Clear,Summer,2.1,37.2,81,,14.9
2025-03-27,41.6,24.0,42.3,0.0,26.0,Heatwave,Summer,8.1,11.5,101,22.2,14.0
2025-03-28,32.6,19.6,34.2,0.0,25.7,Clear,Summer,8.2,12.6,136,17.1,14.7
2025-03-29,35.3,20.1,32.4,0.0,36.4,Clear,Summer,2.3,5.4,50,,13.9
2025-03-30,41.3,21.7,38.4,0.0,25.0,Heatwave,Summer,3.3,29.3,91,17.4,13.2
2025-03-31,40.0,24.0,40.3,0.0,37.0,Clear,Summer,3.7,84.6,130,21.5,14.5
01/04/2025,39.3,22.9,39.5,0.0,32.2,Clear,Summer,4.8,11.0,62,21.8,12.4
2025-04-02,43.0,24.6,41.6,0.0,30.7,Heatwave,Summer,8.6,13.0,128,22.7,14.8
"April 03, 2025",43.6,21.7,42.8,7.7,30.8,Rain,Summer,5.8,8.6,96,17.8,11.8
2025-04-04,38.4,17.4,38.0,0.0,25.0,Clear,Summer,9.7,45.6,154,14.7,13.8
"April 05, 2025",40.0,26.7,38.9,0.0,25.0,Clear,Summer,,16.6,66,23.4,14.1
2025-04-06,36.9,25.0,35.2,0.0,29.4,Clear,Summer,6.7,32.3,51,20.5,13.3
"April 07, 2025",36.8,25.3,35.2,0.0,34.3,Clear,Summer,3.5,8.1,50,,12.9
2025-04-08,38.7,25.0,40.9,0.0,31.3,Clear,Summer,3.1,8.9,50,22.5,11.6
2025-04-09,38.4,18.9,37.5,0.0,25.0,Clear,Summer,8.2,6.7,111,15.5,13.9
2025-04-10,33.4,22.6,32.2,0.0,39.5,Clear,Summer,10.6,58.7,80,21.0,14.9
"April 11, 2025",38.6,25.6,33.4,0.0,25.0,Clear,Summer,,7.1,50,23.8,10.4
"April 12, 2025",35.8,29.0,32.1,0.0,26.9,Clear,Summer,7.8,35.2,50,24.7,13.5
2025-04-13,35.3,22.2,37.3,0.0,28.6,Clear,Summer,,5.1,96,18.7,14.5
14/04/2025,42.3,25.1,43.1,0.0,36.8,Heatwave,Summer,10.0,18.7,151,21.7,14.2
2025-04-15,33.7,25.8,32.6,0.0,25.0,Clear,Summer,2.2,21.9,91,21.4,12.4
2025-04-16,32.0,23.6,32.7,0.0,31.9,Clear,Summer,6.8,27.9,135,20.4,14.2
2025-04-17,38.3,28.9,39.5,0.0,25.4,Clear,Summer,10.0,136.6666238689711,106,25.2,14.5
"April 18, 2025",43.3,19.9,43.5,0.0,25.0,Heatwave,Summer,9.7,28.8,174,18.0,14.7
2025-04-19,39.1,21.1,35.3,0.0,26.0,Clear,Summer,6.7,49.1,58,16.5,13.6
2025-04-20,34.6,25.3,36.2,0.0,27.4,Clear,Summer,9.6,75.4,115,21.3,15.0
2025-04-21,36.3,25.1,34.5,0.0,25.0,Clear,Summer,4.4,41.8,113,20.6,14.8
2025-04-22,38.3,25.5,33.0,0.0,41.9,Clear,Summer,6.0,35.3,71,21.5,14.7
2025-04-23,38.2,22.5,33.6,0.0,25.0,Clear,Summer,8.1,18.1,117,17.9,14.8
2025-04-24,38.5,18.2,38.7,0.0,36.4,Clear,Summer,7.9,20.3,182,16.7,13.1
25/04/2025,42.5,21.6,40.8,0.0,28.6,Heatwave,Summer,8.2,7.7,132,18.7,10.1
2025-04-26,38.3,23.5,35.8,0.0,38.4,Clear,Summer,3.3,49.1,83,22.2,13.8
27/04/2025,40.3,23.4,36.9,0.0,25.0,Heatwave,Summer,8.1,6.0,111,22.1,13.7
2025-04-28,32.8,26.5,29.3,0.0,41.5,Clear,Summer,2.4,7.0,50,22.6,11.9
2025-04-29,40.8,27.7,41.1,0.0,35.7,Heatwave,Summer,6.7,25.4,144,,14.8
"April 30, 2025",37.3,25.8,34.5,0.0,25.0,Clear,Summer,5.0,6.3,71,21.3,14.0
"May 01, 2025",39.9,24.8,37.2,0.0,25.0,Clear,Summer,10.0,12.6,50,21.6,12.1
02/05/2025,38.4,27.0,33.8,0.0,27.4,Clear,Summer,7.8,43.2,74,23.5,14.9
"May 03, 2025",38.7,26.0,35.8,0.0,26.6,Clear,Summer,2.1,8.2,104,24.9,13.2
"May 04, 2025",45.3,21.6,43.3,0.0,28.9,Heatwave,Summer,,20.4,121,,12.4
2025-05-05,39.1,22.5,39.5,0.0,35.5,Clear,Summer,,21.1,50,19.4,14.9
2025-05-06,40.7,23.9,41.3,0.0,25.9,Heatwave,Summer,,20.9,153,20.4,14.8
2025-05-07,39.8,20.5,45.1,0.0,42.2,Clear,Summer,,37.5,61,17.7,14.5
2025-05-08,38.4,27.0,38.7,0.0,30.4,Clear,Summer,8.4,23.4,128,23.0,13.3
09/05/2025,40.9,22.9,43.1,0.0,35.4,Heatwave,Summer,4.8,9.6,157,18.2,13.7
10/05/2025,37.6,19.3,36.6,0.0,25.0,Clear,Summer,5.8,24.9,50,16.1,14.2
11/05/2025,42.5,21.9,43.6,0.0,40.2,Heatwave,Summer,2.5,15.6,154,19.7,11.0
2025-05-12,36.5,26.0,35.1,0.0,41.3,Clear,Summer,6.6,11.0,121,21.9,15.0
2025-05-13,40.4,18.1,38.2,0.0,25.0,Heatwave,Summer,6.0,56.2,143,13.3,14.7
2025-05-14,38.8,25.2,36.3,0.0,27.7,Clear,Summer,7.2,17.0,55,,14.9
2025-05-15,37.7,27.7,38.1,0.0,37.2,Clear,Summer,4.5,29.2,65,26.3,13.9
2025-05-16,32.6,24.7,34.1,0.0,29.8,Clear,Summer,3.8,6.3,50,21.5,13.8
2025-05-17,38.0,25.4,38.8,0.0,36.2,Clear,Summer,5.0,110.4,50,23.2,14.7
2025-05-18,43.0,29.1,43.1,0.0,25.0,Heatwave,Summer,8.0,10.3,148,,13.6
2025-05-19,38.9,18.3,36.4,0.0,25.0,Clear,Summer,,9.9,50,,14.8
"May 20, 2025",39.3,25.3,39.1,0.0,27.4,Clear,Summer,,37.3,99,23.0,14.9
21/05/2025,37.4,29.6,37.0,0.0,25.0,Clear,Post_Monsoon,,13.4,112,26.8,11.0
"May 22, 2025",36.0,26.6,34.2,0.0,25.0,Clear,Summer,9.6,21.2,50,22.5,14.2
2025-05-23,36.3,20.8,35.6,0.0,25.0,Clear,Summer,,40.6,103,19.6,14.8
2025-05-24,38.1,28.2,36.4,0.0,25.0,Clear,Summer,6.5,8.7,50,25.8,14.9
"May 25, 2025",43.4,24.3,42.0,0.0,34.9,Heatwave,Summer,4.0,34.9,135,21.8,14.1
"May 26, 2025",36.5,25.9,36.5,0.0,25.7,Clear,Winter,4.4,16.1,67,22.3,14.0
"May 27, 2025",41.8,29.1,38.9,0.0,40.2,Heatwave,Summer,9.5,18.3,160,,14.0
28/05/2025,36.3,25.8,36.4,0.0,25.0,Clear,Summer,3.2,20.0,50,21.6,14.2
"May 29, 2025",31.0,23.3,31.9,0.0,29.4,Clear,Summer,5.0,44.6,78,,12.8
2025-05-30,42.9,23.1,43.6,0.0,48.8,Heatwave,Summer,7.9,24.3,157,19.5,14.0
"May 31, 2025",36.6,19.1,35.9,0.0,35.2,Clear,Post_Monsoon,4.3,13.3,76,,14.9
2025-06-01,35.6,24.1,40.3,0.0,45.2,Clear,Monsoon,6.3,8.0,125,20.5,14.8
02/06/2025,32.8,25.0,32.1,0.0,29.7,Clear,Monsoon,8.0,34.6,50,22.7,14.9
"June 03, 2025",34.1,25.1,35.8,7.5,27.2,Rain,Post_Monsoon,8.2,6.1,50,20.6,13.4
2025-06-04,39.1,26.4,40.6,0.0,30.7,Clear,Monsoon,,16.1,56,,13.9
2025-06-05,35.9,23.1,37.3,0.0,35.9,Clear,Monsoon,9.6,15.5,84,21.8,11.3
2025-06-06,37.4,25.1,37.2,25.8,48.0,RAIN,Monsoon,3.5,14.3,90,,8.5
"June 07, 2025",38.8,26.0,40.4,18.1,38.4,Rain,Monsoon,3.4,65.8,50,23.3,8.9
2025-06-08,40.6,26.2,44.8,104.7,98.0,Heavy_Rain,Monsoon,7.6,22.2,117,23.7,0.5
2025-06-09,33.9,26.1,32.4,25.0,37.6,RAIN,Monsoon,7.7,15.1,94,21.6,9.6
2025-06-10,33.8,24.4,29.7,0.0,25.4,Clear,Monsoon,3.4,10.5,93,19.5,14.5
2025-06-11,27.3,23.3,24.2,0.0,25.0,Clear,Monsoon,8.5,9.3,102,21.7,14.7
12/06/2025,34.8,25.6,34.7,0.0,25.0,Clear,Monsoon,9.6,28.4,94,24.4,14.6
2025-06-13,34.6,23.6,32.9,0.0,26.1,Clear,Monsoon,7.2,123.95018268904334,69,18.7,14.9
"June 14, 2025",35.4,27.0,33.3,101.7,91.2,Heavy_Rain,Monsoon,5.7,12.9,147,24.2,0.5
2025-06-15,32.2,26.0,33.6,0.0,43.7,Clear,Monsoon,9.3,12.2,64,24.4,14.9
16/06/2025,30.9,25.2,32.4,19.8,54.0,Rain,Monsoon,,21.7,94,20.3,9.6
2025-06-17,35.4,26.6,36.3,-1.0,42.6,Clear,Monsoon,2.4,44.6,95,24.3,13.9
2025-06-18,35.7,24.2,34.1,21.2,50.6,Rain,Monsoon,10.6,14.6,103,20.5,9.0
19/06/2025,37.1,27.6,34.0,5.1,36.7,Rain,Monsoon,7.8,35.8,81,23.7,13.7
20/06/2025,33.8,27.5,36.5,48.7,64.6,Heavy_Rain,Monsoon,,32.0,162,23.9,4.3
"June 21, 2025",35.8,25.8,35.8,24.0,40.8,Rain,Monsoon,,8.7,50,23.0,9.4
"June 22, 2025",36.6,22.0,35.7,2.6,25.0,Clear,Monsoon,,17.6,126,,13.5
2025-06-23,35.1,24.9,37.1,72.4,83.9,Heavy_Rain,Monsoon,,28.6,110,20.9,0.5
"June 24, 2025",28.4,26.4,27.5,54.2,71.8,Heavy_Rain,Monsoon,,17.3,50,23.0,3.6
"June 25, 2025",35.7,21.0,30.0,0.0,25.1,Clear,Monsoon,5.7,18.7,163,19.8,15.0
2025-06-26,31.8,27.2,34.8,4.7,25.0,Clear,Monsoon,6.0,29.7,122,25.6,13.4
2025-06-27,37.9,26.7,37.4,25.9,54.2,Rain,Monsoon,6.9,21.8,115,23.6,8.5
2025-06-28,34.0,24.4,35.3,76.2,85.9,Heavy_Rain,Monsoon,9.4,35.1,50,19.9,0.5
2025-06-29,35.1,21.1,37.7,43.5,69.4,Heavy_Rain,Monsoon,5.1,37.6,65,17.4,4.5
2025-06-30,34.0,25.1,32.3,9.8,48.7,Rain,Monsoon,8.4,11.9,79,20.5,11.3
2025-07-01,30.6,25.5,29.8,20.1,37.8,Rain,Monsoon,4.3,32.9,69,20.5,9.5
2025-07-02,35.8,24.9,34.5,11.1,40.2,Rain,Monsoon,7.3,11.6,50,22.5,12.3
2025-07-03,37.9,24.7,35.7,3.9,25.0,Clear,Monsoon,8.8,25.9,50,20.2,13.4
2025-07-04,32.2,23.4,30.7,46.2,61.1,Heavy_Rain,Monsoon,9.3,7.3,75,,5.2
2025-07-05,36.1,27.1,36.1,44.1,70.1,Heavy_Rain,Monsoon,3.2,6.9,94,22.5,5.8
"July 06, 2025",28.0,21.3,25.3,35.5,56.6,Heavy_Rain,Monsoon,5.2,29.5,61,19.1,7.3
2025-07-07,36.5,27.1,37.2,0.0,38.8,Clear,Monsoon,2.4,10.9,135,23.2,14.4
08/07/2025,29.8,23.5,32.0,17.5,39.7,raining,Monsoon,9.4,45.1,50,21.8,11.4
2025-07-09,36.4,24.7,35.8,0.8,42.2,Clear,Monsoon,9.6,18.5,113,20.3,13.5
2025-07-10,30.1,24.5,27.8,14.7,48.6,Rain,Monsoon,8.4,18.4,130,,9.3
2025-07-11,33.8,23.3,35.4,69.1,85.1,Heavy_Rain,Monsoon,9.3,40.4,50,21.6,0.9
2025-07-12,36.2,25.2,36.7,8.5,46.0,rain,Monsoon,9.8,9.3,111,,10.2
"July 13, 2025",36.8,25.0,35.8,0.0,27.2,Clear,Monsoon,6.9,10.4,109,21.3,12.1
2025-07-14,29.9,24.2,31.0,6.4,47.9,Rain,Monsoon,5.1,15.5,73,19.2,9.8
"July 15, 2025",33.3,27.3,31.5,0.0,34.4,Clear,Monsoon,9.4,29.7,162,26.3,14.8
2025-07-16,34.2,26.4,35.0,14.2,41.6,Rain,Monsoon,3.5,38.2,50,,12.1
17/07/2025,34.1,38.71328459685425,34.5,3.1,34.9,Clear,Monsoon,,46.9,167,22.1,13.7
2025-07-18,38.6,27.3,39.5,-1.0,40.5,Clear,Monsoon,9.1,6.0,103,24.4,14.3
19/07/2025,36.4,24.5,34.6,0.0,25.0,Clear,Monsoon,7.1,22.9,100,20.1,14.7
20/07/2025,36.6,40.98521670431779,33.7,0.0,25.0,Clear,Monsoon,7.1,7.9,97,20.2,14.5
2025-07-21,35.5,24.1,36.8,18.9,63.8,Rain,Monsoon,,15.9,68,20.0,10.7
2025-07-22,30.5,25.5,27.2,0.0,25.0,Clear,Monsoon,2.1,34.3,110,23.1,14.5
2025-07-23,39.6,25.3,39.9,3.2,28.3,Clear,Monsoon,4.9,23.8,173,21.7,13.5
2025-07-24,30.2,24.9,31.4,74.3,82.1,Heavy_Rain,Monsoon,3.5,12.3,50,23.5,0.5
2025-07-25,35.6,26.4,33.4,0.0,41.3,Clear,Monsoon,5.8,7.6,50,22.0,13.8
2025-07-26,30.5,25.1,30.6,38.9,60.8,Heavy_Rain,Monsoon,3.3,39.3,59,20.6,6.1
"July 27, 2025",33.2,29.3,29.0,34.0,64.1,Heavy_Rain,Monsoon,9.4,31.4,108,26.8,7.9
2025-07-28,35.1,27.3,34.0,0.0,29.8,Clear,Monsoon,9.0,10.6,70,24.8,14.3
"July 29, 2025",31.4,23.4,30.9,8.9,25.0,Rain,Monsoon,3.2,10.9,76,20.4,12.5
30/07/2025,36.3,23.8,38.8,11.4,46.4,Rain,Monsoon,3.0,32.1,50,20.2,10.1
2025-07-31,30.9,25.7,34.2,0.2,39.2,Clear,Monsoon,6.4,10.2,119,21.8,13.6
2025-08-01,31.8,24.1,29.3,0.0,37.2,Clear,Monsoon,8.0,12.5,126,21.6,14.5
2025-08-02,37.7,26.0,37.4,0.0,36.2,Clear,Monsoon,2.5,33.0,65,21.5,14.0
03/08/2025,37.7,23.9,40.1,-1.0,36.3,Clear,Monsoon,,9.2,56,18.9,14.9
04/08/2025,42.0,23.0,40.7,5.9,33.2,Rain,Post_Monsoon,3.3,25.9,84,,13.7
2025-08-05,36.2,26.4,37.5,1.6,32.9,Clear,Monsoon,5.5,145.4,50,22.8,14.4
2025-08-06,37.5,26.0,35.7,26.1,58.0,Rain,Monsoon,,24.7,50,21.9,9.1
07/08/2025,32.7,24.5,31.9,18.1,45.9,Rain,Monsoon,7.3,12.1,105,19.8,11.1
08/08/2025,37.7,26.8,37.7,0.0,25.0,Clear,Monsoon,9.7,27.6,66,24.8,14.7
"August 09, 2025",34.3,25.8,33.1,0.0,25.0,Clear,Monsoon,7.7,17.0,106,22.6,14.8
10/08/2025,32.5,23.5,33.0,0.0,29.2,Clear,Monsoon,4.2,14.6,117,19.8,15.0
2025-08-11,32.6,29.8,32.3,0.0,33.6,Clear,Monsoon,,5.6,127,28.1,11.8
2025-08-12,36.4,19.5,36.2,0.0,25.0,Clear,Monsoon,7.2,25.4,50,17.6,14.0
2025-08-13,41.0,23.9,41.0,0.0,29.6,Heatwave,Monsoon,,16.0,96,19.1,14.2
2025-08-14,38.3,25.5,36.4,81.0,98.0,Heavy_Rain,Monsoon,10.5,43.0,50,24.2,0.5
2025-08-15,33.0,24.8,31.8,31.7,57.0,Heavy_Rain,Monsoon,4.5,10.0,72,21.1,7.6
16/08/2025,32.1,21.8,31.9,27.4,51.0,Rain,Monsoon,3.2,9.0,136,20.1,7.3
2025-08-17,32.6,25.9,33.3,61.5,73.3,Heavy_Rain,Monsoon,3.1,12.0,78,21.7,2.1
2025-08-18,36.6,26.9,36.8,2.2,27.9,Clear,Monsoon,5.6,12.1,69,22.6,11.3
19/08/2025,37.1,26.0,39.1,121.9,98.0,Heavy_Rain,Monsoon,7.3,26.3,151,23.7,0.5
2025-08-20,33.0,22.6,30.5,0.0,31.6,Clear,Monsoon,7.4,15.6,120,19.1,13.3
2025-08-21,34.6,28.3,36.3,2.8,30.0,Clear,Post_Monsoon,2.6,9.9,100,27.2,14.3
"August 22, 2025",32.5,29.1,34.6,15.1,47.3,Rain,Monsoon,2.4,13.6,133,26.5,9.4
23/08/2025,31.7,23.3,33.8,17.6,39.3,Rain,Monsoon,3.7,17.9,80,21.1,8.9
"August 24, 2025",33.4,27.5,31.8,0.0,25.0,Clear,Monsoon,10.4,11.6,98,24.7,13.1
2025-08-25,36.9,22.3,39.4,138.7,98.0,Heavy_Rain,Monsoon,9.5,15.5,104,,0.5
2025-08-26,39.4,26.2,41.1,0.0,43.3,Clear,Monsoon,5.0,6.5,139,24.6,13.8
"August 27, 2025",36.6,26.3,38.5,0.0,28.8,Clear,Monsoon,,25.7,122,23.9,14.7
"August 28, 2025",33.7,24.4,30.8,0.0,35.0,Clear,Monsoon,,40.8,50,20.8,14.8
2025-08-29,32.8,26.2,36.0,43.0,70.0,Heavy_Rain,Monsoon,8.8,25.4,50,21.2,5.7
2025-08-30,34.5,24.3,35.3,0.0,32.4,Clear,Monsoon,,8.2,104,20.3,14.6
31/08/2025,32.4,25.3,29.3,21.2,41.5,Rain,Monsoon,2.6,11.5,123,,10.2
2025-09-01,34.0,29.4,35.3,0.0,31.2,Clear,Monsoon,7.2,38.0,84,27.9,14.8
2025-09-02,36.2,29.7,41.0,90.3,98.0,Heavy_Rain,Monsoon,2.9,21.6,106,27.2,0.5
"September 03, 2025",37.0,20.0,35.6,0.0,25.0,Clear,Monsoon,6.9,21.3,109,15.8,12.0
"September 04, 2025",35.2,25.2,35.1,11.2,37.4,Rain,Monsoon,12.991680631305822,5.9,89,21.2,11.2
2025-09-05,39.6,28.3,38.1,0.0,26.5,Clear,Monsoon,6.3,10.0,102,26.7,14.4
2025-09-06,31.1,26.8,32.7,23.9,36.7,RAIN,Monsoon,4.8,25.2,88,,9.9
07/09/2025,31.1,24.0,32.7,-1.0,50.9,Rain,Monsoon,8.8,12.8,75,21.6,11.2
2025-09-08,37.3,27.3,37.1,0.3,28.5,Clear,Monsoon,2.5,17.0,50,24.7,14.4
"September 09, 2025",30.3,27.0,28.9,0.0,29.7,Clear,Monsoon,,9.4,165,22.0,14.7
2025-09-10,36.5,21.7,40.9,7.3,35.6,Rain,Monsoon,6.4,5.1,50,16.8,12.6
2025-09-11,40.1,25.7,37.3,-1.0,42.6,Heatwave,Monsoon,10.3,6.3,204,23.6,14.7
2025-09-12,31.7,24.2,33.3,-1.0,32.8,Rain,Monsoon,6.1,10.0,50,20.5,10.4
2025-09-13,30.5,25.5,27.9,37.0,53.6,Heavy_Rain,Monsoon,6.8,50.0,55,,6.7
14/09/2025,34.4,24.6,34.4,0.0,25.0,Clear,Monsoon,6.9,18.2,77,23.0,14.7
"September 15, 2025",37.3,23.8,33.0,0.0,26.0,Clear,Monsoon,9.0,16.3,91,20.2,11.8
16/09/2025,33.8,37.22294960248204,32.4,39.7,62.3,Heavy_Rain,Monsoon,2.5,30.7,50,23.7,6.4
17/09/2025,31.8,25.9,31.2,23.5,40.6,Rain,Monsoon,2.1,5.6,82,22.7,9.9
"September 18, 2025",32.2,25.4,28.0,0.0,45.7,Clear,Monsoon,5.9,37.8,121,23.4,14.8
2025-09-19,33.4,25.0,35.8,8.4,44.3,Rain,Monsoon,9.9,40.6,157,20.7,12.5
2025-09-20,31.2,24.9,33.3,10.3,36.8,Rain,Monsoon,,5.4,67,22.4,12.9
"September 21, 2025",36.0,25.2,37.4,29.0,57.3,Rain,Monsoon,10.5,26.7,77,22.2,8.8
22/09/2025,38.0,24.4,39.9,24.3,55.1,Rain,Monsoon,6.4,52.3,117,21.5,9.7
23/09/2025,30.6,25.4,31.6,11.4,39.5,Rain,Monsoon,10.6,13.3,89,22.5,12.3
2025-09-24,39.8,21.9,38.0,2.9,48.2,Clear,Monsoon,2.1,10.7,175,18.3,13.8
2025-09-25,38.7,24.4,34.9,9.3,34.8,Rain,Monsoon,9.6,50.6,51,22.2,12.8
2025-09-26,36.7,26.6,33.2,1.6,35.7,Clear,Monsoon,7.2,25.3,133,25.1,14.0
"September 27, 2025",33.3,26.5,32.7,0.0,37.9,Clear,Monsoon,10.2,132.65773800642742,196,22.6,14.9
2025-09-28,31.4,28.6,31.6,28.4,60.0,Rain,Monsoon,5.1,11.0,135,27.0,8.7
2025-09-29,34.4,24.6,35.8,2.3,30.3,Clear,Monsoon,6.7,14.5,89,23.2,14.4
"September 30, 2025",35.3,24.8,35.8,0.0,37.0,Clear,Monsoon,5.2,13.2,139,20.9,14.2
2025-10-01,35.1,16.9,35.1,0.0,35.1,Clear,Post_Monsoon,10.9,17.3,69,14.2,14.1
2025-10-02,32.1,21.6,31.1,0.0,29.1,Clear,Post_Monsoon,8.6,26.8,142,17.2,14.4
2025-10-03,31.6,12.8,32.8,-1.0,25.5,Clear,Post_Monsoon,6.8,16.2,50,9.0,12.6
"October 04, 2025",32.8,15.1,34.1,0.0,25.0,Clear,Post_Monsoon,7.9,12.7,93,13.9,13.5
2025-10-05,30.7,15.9,28.5,8.3,27.2,Rain,Post_Monsoon,3.5,26.7,59,,13.1
"October 06, 2025",33.5,16.4,30.4,0.0,35.5,Clear,Post_Monsoon,2.1,48.5,129,15.1,12.9
"October 07, 2025",32.4,17.5,29.9,0.0,33.6,Clear,Post_Monsoon,8.9,34.3,90,13.6,14.5
2025-10-08,32.0,33.632419152641674,30.2,7.8,32.3,Rain,Post_Monsoon,,55.5,93,17.1,12.0
2025-10-09,34.5,20.0,35.1,0.0,40.3,Clear,Post_Monsoon,2.1,18.4,152,16.0,14.8
"October 10, 2025",33.6,13.4,33.1,0.0,25.9,Clear,Post_Monsoon,4.4,13.3,66,12.4,14.6
2025-10-11,28.9,20.4,27.2,0.0,25.9,Clear,Post_Monsoon,2.8,18.2,172,,14.7
12/10/2025,32.0,23.0,34.5,0.0,25.0,Clear,Post_Monsoon,2.9,8.8,83,21.9,13.0
13/10/2025,31.5,21.9,28.3,0.0,39.7,Clear,Post_Monsoon,11.0,7.0,68,17.1,13.7
2025-10-14,28.5,12.0,27.6,0.0,35.5,Clear,Post_Monsoon,,32.7,104,9.4,14.8
2025-10-15,27.9,19.3,28.3,0.0,33.2,Clear,Post_Monsoon,2.8,61.8,327,17.7,14.6
16/10/2025,34.9,19.5,31.1,0.0,25.0,Clear,Post_Monsoon,9.3,6.8,291,,11.2
17/10/2025,33.4,16.2,30.7,0.0,34.7,Clear,Post_Monsoon,3.2,28.2,277,12.9,13.6
2025-10-18,30.4,14.4,28.9,0.0,42.3,Clear,Post_Monsoon,6.2,25.9,317,12.0,14.7
"October 19, 2025",36.8,16.5,33.7,13.9,42.7,Rain,Post_Monsoon,4.8,11.3,294,14.5,12.1
20/10/2025,27.7,15.2,28.1,13.5,35.3,Rain,Post_Monsoon,,9.5,236,,11.8
21/10/2025,29.2,22.8,28.1,0.0,25.0,Clear,Post_Monsoon,2.9,20.2,310,19.6,12.8
"October 22, 2025",30.3,19.9,28.1,0.0,37.8,Clear,Post_Monsoon,5.2,8.5,345,18.3,14.7
2025-10-23,34.6,19.1,35.3,0.0,49.0,Clear,Post_Monsoon,6.9,60.2,323,,14.9
2025-10-24,30.5,35.44728020625699,31.8,0.0,25.0,Clear,Post_Monsoon,4.2,20.4,306,11.9,14.0
"October 25, 2025",34.7,19.9,32.2,0.0,25.0,Clear,Post_Monsoon,9.6,6.3,395,18.2,13.2
2025-10-26,32.3,18.5,29.8,1.5,29.0,Clear,Post_Monsoon,5.3,23.3,77,14.0,13.4
2025-10-27,29.2,23.7,28.2,0.0,36.5,Clear,Post_Monsoon,7.5,7.2,53,20.1,14.9
2025-10-28,35.2,15.5,32.9,0.0,25.0,Clear,Post_Monsoon,5.6,12.3,80,13.4,14.0
2025-10-29,31.6,15.8,30.8,0.0,32.6,Clear,Post_Monsoon,3.0,11.4,102,12.0,14.6
"October 30, 2025",26.3,15.5,22.8,0.0,32.5,Clear,Post_Monsoon,4.7,10.7,69,10.8,11.3
31/10/2025,27.2,15.8,23.1,0.0,31.0,Clear,Post_Monsoon,2.7,11.0,72,12.4,14.4
2025-11-01,26.2,19.3,23.7,0.0,25.2,Clear,Post_Monsoon,5.5,25.6,79,15.4,13.5
2025-11-02,29.3,22.8,30.4,0.0,25.0,Clear,Post_Monsoon,7.0,83.8,139,18.9,14.0
2025-11-03,28.2,19.6,28.0,0.0,53.8,Clear,Post_Monsoon,4.9,11.2,84,17.8,14.6
2025-11-04,33.7,16.6,29.7,0.0,31.4,Clear,Post_Monsoon,8.1,31.5,125,,14.3
"November 05, 2025",30.2,19.7,31.2,20.0,48.5,Rain,Post_Monsoon,8.2,8.7,122,18.1,10.4
2025-11-06,36.4,20.0,36.8,0.0,26.7,Clear,Post_Monsoon,9.0,17.3,130,16.8,13.2
2025-11-07,31.6,18.1,32.1,0.0,30.4,Clear,Post_Monsoon,5.6,14.1,76,14.7,12.9
2025-11-08,34.1,13.1,34.1,0.4,36.1,Clear,Post_Monsoon,10.2,26.5,50,9.7,13.7
2025-11-09,34.5,16.9,34.0,0.0,34.2,Clear,Post_Monsoon,9.5,9.4,94,15.5,14.8
10/11/2025,32.8,15.3,31.5,0.0,25.0,Clear,Post_Monsoon,10.5,18.0,87,12.5,13.5
2025-11-11,29.3,21.5,25.9,0.0,37.4,Clear,Post_Monsoon,7.0,30.5,125,18.4,14.6
2025-11-12,31.7,17.5,27.3,0.0,25.0,Clear,Post_Monsoon,5.8,11.0,93,16.0,13.3
13/11/2025,36.8,14.7,37.0,0.0,29.2,Clear,Post_Monsoon,,51.4,118,11.1,15.0
2025-11-14,33.1,17.9,31.0,0.0,28.4,Clear,Post_Monsoon,8.6,7.1,66,16.1,14.8
2025-11-15,33.0,13.7,32.6,0.0,26.1,Clear,Post_Monsoon,5.4,28.9,50,9.3,13.9
2025-11-16,32.2,15.0,27.8,0.0,31.6,Clear,Post_Monsoon,7.9,117.25016259315156,74,13.9,15.0
2025-11-17,29.6,19.2,29.7,0.0,25.0,Clear,Post_Monsoon,6.1,5.8,103,15.1,14.9
2025-11-18,35.1,17.7,34.9,11.3,32.6,Rain,Post_Monsoon,2.4,6.9,64,14.2,12.4
19/11/2025,34.4,12.8,34.7,0.0,25.0,Clear,Post_Monsoon,2.3,17.1,50,8.1,12.4
2025-11-20,34.3,19.6,32.1,0.0,34.6,Clear,Post_Monsoon,2.8,17.5,50,16.1,14.8
"November 21, 2025",27.3,19.4,25.1,0.0,38.5,Clear,Post_Monsoon,,20.6,70,16.1,14.6
"November 22, 2025",32.2,17.8,33.1,0.0,25.0,Clear,Post_Monsoon,8.9,35.9,122,,14.8
23/11/2025,28.1,19.1,27.9,0.0,30.1,Clear,Post_Monsoon,6.6,11.5,95,16.3,14.5
2025-11-24,27.2,22.5,27.8,0.0,27.2,Clear,Post_Monsoon,7.0,15.7,118,21.2,14.5
2025-11-25,28.3,15.0,29.7,0.0,25.0,Clear,Summer,9.9,5.2,123,13.2,11.7
2025-11-26,35.5,17.2,36.5,0.0,36.2,Clear,Post_Monsoon,5.2,5.8,142,14.2,14.4
2025-11-27,29.4,16.9,26.2,5.5,25.0,rain,Post_Monsoon,7.2,23.7,50,15.4,12.7
"November 28, 2025",30.8,18.9,31.7,0.7,36.4,Clear,Post_Monsoon,6.5,12.3,50,15.4,14.8
"November 29, 2025",29.0,19.0,28.5,0.0,30.0,Clear,Post_Monsoon,8.8,32.0,107,16.3,14.4
"November 30, 2025",33.2,25.8,34.5,0.0,31.9,Clear,Post_Monsoon,5.2,15.1,139,21.0,14.0
2025-12-01,23.2,5.0,23.4,0.0,26.8,Clear,Winter,8.3,19.1,176,0.9,11.4
2025-12-02,19.0,5.7,19.0,0.0,30.3,Clear,Winter,7.5,27.3,78,3.2,12.3
03/12/2025,20.4,9.4,19.2,0.0,32.7,Clear,Winter,,110.16695033733068,69,6.3,14.9
2025-12-04,21.9,12.2,21.4,0.0,36.1,Clear,Winter,6.7,11.4,113,8.1,12.8
05/12/2025,16.3,18.990881290892617,16.6,-1.0,35.9,Clear,Winter,9.6,23.2,113,12.9,14.2
06/12/2025,16.8,9.0,16.5,0.0,25.1,Clear,Winter,2.8,9.4,50,4.8,14.2
2025-12-07,23.6,8.7,20.7,0.0,31.9,Clear,Winter,6.6,29.5,68,7.6,13.9
08/12/2025,12.4,8.6,10.0,0.0,34.8,Cloudy,Winter,10.6,18.0,77,4.6,14.1
"December 09, 2025",19.0,10.3,15.5,-1.0,32.0,Clear,Winter,4.2,9.6,50,7.8,14.6
2025-12-10,26.7,11.0,27.0,0.0,25.0,Clear,Winter,,16.5,102,7.4,14.6
11/12/2025,17.6,14.5,14.9,0.0,25.0,Clear,Monsoon,4.4,12.5,102,12.2,14.6
"December 12, 2025",22.9,11.5,25.4,0.0,43.5,Clear,Winter,9.8,31.5,50,7.3,13.5
2025-12-13,20.7,11.1,19.5,0.0,26.6,Clear,Winter,3.0,16.9,50,9.3,13.3
2025-12-14,18.7,13.3,19.7,0.0,36.1,Clear,Winter,,11.9,108,9.0,14.4
15/12/2025,15.4,12.8,12.8,0.0,31.3,Clear,Winter,7.2,17.9,50,9.1,14.5
2025-12-16,14.1,11.0,15.4,0.0,35.4,Cloudy,Winter,8.6,70.8,91,9.0,15.0
2025-12-17,22.5,12.3,27.0,0.0,36.5,Clear,Winter,10.4,28.5,85,10.9,12.4
2025-12-18,12.8,7.4,10.9,0.0,25.0,Fog,Winter,4.8,13.2,162,2.8,1.9
2025-12-19,18.9,10.2,16.8,0.0,34.6,Clear,Winter,3.1,32.7,119,8.2,14.9
"December 20, 2025",19.6,9.1,18.0,0.0,25.0,Clear,Winter,,27.8,81,,14.2
2025-12-21,15.4,7.8,13.3,0.0,28.2,Clear,Winter,,17.3,105,6.5,12.6
22/12/2025,18.3,3.8,13.9,4.4,25.1,Clear,Winter,4.1,7.6,70,1.6,14.0
2025-12-23,22.7,27.024950519486953,25.7,0.0,26.6,Clear,Winter,7.7,9.1,153,6.3,14.9
24/12/2025,15.6,7.0,15.8,0.0,25.0,Clear,Winter,6.8,49.4,101,3.2,14.9
2025-12-25,22.3,11.6,18.4,0.0,25.0,Clear,Winter,2.8,23.6,99,9.8,13.3
"December 26, 2025",17.3,15.3,16.2,0.0,28.3,Clear,Winter,9.5,9.0,50,,13.9
27/12/2025,24.1,12.4,22.9,0.0,30.3,Clear,Winter,10.5,56.9,59,10.7,14.9
28/12/2025,19.5,13.7,15.8,0.0,28.7,Clear,Winter,10.7,10.3,87,12.5,14.3
"December 29, 2025",17.0,7.1,16.0,0.0,25.0,Clear,Winter,8.6,10.1,91,2.6,15.0
"December 30, 2025",18.4,12.8,16.7,0.0,25.0,Clear,Winter,7.7,36.5,62,10.0,14.6
2025-12-31,14.7,3.8,15.2,0.0,32.6,Cloudy,Winter,4.5,12.6,146,2.6,14.9
